2025-03-04T02:20:05.052Z  INFO 8532 --- [upt] [main] com.upt.upt.UptWebApplication            : Starting UptWebApplication using Java 17.0.14 with PID 8532 (C:\Users\Sistrade\Documentos\Faculdade\3º Ano GAB\1º sem\QualidadeSoftware\GRUPO 5_ProjetoFinal_QS\UptQSProject\build\classes\java\main started by Sistrade in C:\Users\Sistrade\Documentos\Faculdade\3º Ano GAB\1º sem\QualidadeSoftware\GRUPO 5_ProjetoFinal_QS\UptQSProject)
2025-03-04T02:20:05.085Z DEBUG 8532 --- [upt] [main] com.upt.upt.UptWebApplication            : Running with Spring Boot v3.3.5, Spring v6.1.14
2025-03-04T02:20:05.089Z  INFO 8532 --- [upt] [main] com.upt.upt.UptWebApplication            : No active profile set, falling back to 1 default profile: "default"
2025-03-04T02:20:07.488Z  INFO 8532 --- [upt] [main] .s.d.r.c.RepositoryConfigurationDelegate : Bootstrapping Spring Data JPA repositories in DEFAULT mode.
2025-03-04T02:20:07.804Z  INFO 8532 --- [upt] [main] .s.d.r.c.RepositoryConfigurationDelegate : Finished Spring Data repository scanning in 276 ms. Found 9 JPA repository interfaces.
2025-03-04T02:20:10.939Z  INFO 8532 --- [upt] [main] o.s.b.w.embedded.tomcat.TomcatWebServer  : Tomcat initialized with port 8080 (http)
2025-03-04T02:20:10.994Z  INFO 8532 --- [upt] [main] o.apache.catalina.core.StandardService   : Starting service [Tomcat]
2025-03-04T02:20:10.995Z  INFO 8532 --- [upt] [main] o.apache.catalina.core.StandardEngine    : Starting Servlet engine: [Apache Tomcat/10.1.31]
2025-03-04T02:20:11.286Z  INFO 8532 --- [upt] [main] o.a.c.c.C.[Tomcat].[localhost].[/]       : Initializing Spring embedded WebApplicationContext
2025-03-04T02:20:11.288Z  INFO 8532 --- [upt] [main] w.s.c.ServletWebServerApplicationContext : Root WebApplicationContext: initialization completed in 6012 ms
2025-03-04T02:20:11.865Z  INFO 8532 --- [upt] [main] o.hibernate.jpa.internal.util.LogHelper  : HHH000204: Processing PersistenceUnitInfo [name: default]
2025-03-04T02:20:12.125Z  INFO 8532 --- [upt] [main] org.hibernate.Version                    : HHH000412: Hibernate ORM core version 6.5.3.Final
2025-03-04T02:20:12.261Z  INFO 8532 --- [upt] [main] o.h.c.internal.RegionFactoryInitiator    : HHH000026: Second-level cache disabled
2025-03-04T02:20:13.491Z  INFO 8532 --- [upt] [main] o.s.o.j.p.SpringPersistenceUnitInfo      : No LoadTimeWeaver setup: ignoring JPA class transformer
2025-03-04T02:20:13.597Z  INFO 8532 --- [upt] [main] com.zaxxer.hikari.HikariDataSource       : HikariPool-1 - Starting...
2025-03-04T02:20:15.677Z  WARN 8532 --- [upt] [main] o.h.engine.jdbc.spi.SqlExceptionHelper   : SQL Error: 1045, SQLState: 28000
2025-03-04T02:20:15.682Z ERROR 8532 --- [upt] [main] o.h.engine.jdbc.spi.SqlExceptionHelper   : Access denied for user 'root'@'localhost' (using password: YES)
2025-03-04T02:20:15.684Z  WARN 8532 --- [upt] [main] o.h.e.j.e.i.JdbcEnvironmentInitiator     : HHH000342: Could not obtain connection to query metadata

org.hibernate.exception.GenericJDBCException: unable to obtain isolated JDBC connection [Access denied for user 'root'@'localhost' (using password: YES)] [n/a]
	at org.hibernate.exception.internal.StandardSQLExceptionConverter.convert(StandardSQLExceptionConverter.java:63) ~[hibernate-core-6.5.3.Final.jar:6.5.3.Final]
	at org.hibernate.engine.jdbc.spi.SqlExceptionHelper.convert(SqlExceptionHelper.java:108) ~[hibernate-core-6.5.3.Final.jar:6.5.3.Final]
	at org.hibernate.engine.jdbc.spi.SqlExceptionHelper.convert(SqlExceptionHelper.java:94) ~[hibernate-core-6.5.3.Final.jar:6.5.3.Final]
	at org.hibernate.resource.transaction.backend.jdbc.internal.JdbcIsolationDelegate.delegateWork(JdbcIsolationDelegate.java:116) ~[hibernate-core-6.5.3.Final.jar:6.5.3.Final]
	at org.hibernate.engine.jdbc.env.internal.JdbcEnvironmentInitiator.getJdbcEnvironmentUsingJdbcMetadata(JdbcEnvironmentInitiator.java:292) ~[hibernate-core-6.5.3.Final.jar:6.5.3.Final]
	at org.hibernate.engine.jdbc.env.internal.JdbcEnvironmentInitiator.initiateService(JdbcEnvironmentInitiator.java:124) ~[hibernate-core-6.5.3.Final.jar:6.5.3.Final]
	at org.hibernate.engine.jdbc.env.internal.JdbcEnvironmentInitiator.initiateService(JdbcEnvironmentInitiator.java:78) ~[hibernate-core-6.5.3.Final.jar:6.5.3.Final]
	at org.hibernate.boot.registry.internal.StandardServiceRegistryImpl.initiateService(StandardServiceRegistryImpl.java:130) ~[hibernate-core-6.5.3.Final.jar:6.5.3.Final]
	at org.hibernate.service.internal.AbstractServiceRegistryImpl.createService(AbstractServiceRegistryImpl.java:263) ~[hibernate-core-6.5.3.Final.jar:6.5.3.Final]
	at org.hibernate.service.internal.AbstractServiceRegistryImpl.initializeService(AbstractServiceRegistryImpl.java:238) ~[hibernate-core-6.5.3.Final.jar:6.5.3.Final]
	at org.hibernate.service.internal.AbstractServiceRegistryImpl.getService(AbstractServiceRegistryImpl.java:215) ~[hibernate-core-6.5.3.Final.jar:6.5.3.Final]
	at org.hibernate.boot.model.relational.Database.<init>(Database.java:45) ~[hibernate-core-6.5.3.Final.jar:6.5.3.Final]
	at org.hibernate.boot.internal.InFlightMetadataCollectorImpl.getDatabase(InFlightMetadataCollectorImpl.java:221) ~[hibernate-core-6.5.3.Final.jar:6.5.3.Final]
	at org.hibernate.boot.internal.InFlightMetadataCollectorImpl.<init>(InFlightMetadataCollectorImpl.java:189) ~[hibernate-core-6.5.3.Final.jar:6.5.3.Final]
	at org.hibernate.boot.model.process.spi.MetadataBuildingProcess.complete(MetadataBuildingProcess.java:171) ~[hibernate-core-6.5.3.Final.jar:6.5.3.Final]
	at org.hibernate.jpa.boot.internal.EntityManagerFactoryBuilderImpl.metadata(EntityManagerFactoryBuilderImpl.java:1431) ~[hibernate-core-6.5.3.Final.jar:6.5.3.Final]
	at org.hibernate.jpa.boot.internal.EntityManagerFactoryBuilderImpl.build(EntityManagerFactoryBuilderImpl.java:1502) ~[hibernate-core-6.5.3.Final.jar:6.5.3.Final]
	at org.springframework.orm.jpa.vendor.SpringHibernateJpaPersistenceProvider.createContainerEntityManagerFactory(SpringHibernateJpaPersistenceProvider.java:75) ~[spring-orm-6.1.14.jar:6.1.14]
	at org.springframework.orm.jpa.LocalContainerEntityManagerFactoryBean.createNativeEntityManagerFactory(LocalContainerEntityManagerFactoryBean.java:390) ~[spring-orm-6.1.14.jar:6.1.14]
	at org.springframework.orm.jpa.AbstractEntityManagerFactoryBean.buildNativeEntityManagerFactory(AbstractEntityManagerFactoryBean.java:409) ~[spring-orm-6.1.14.jar:6.1.14]
	at org.springframework.orm.jpa.AbstractEntityManagerFactoryBean.afterPropertiesSet(AbstractEntityManagerFactoryBean.java:396) ~[spring-orm-6.1.14.jar:6.1.14]
	at org.springframework.orm.jpa.LocalContainerEntityManagerFactoryBean.afterPropertiesSet(LocalContainerEntityManagerFactoryBean.java:366) ~[spring-orm-6.1.14.jar:6.1.14]
	at org.springframework.beans.factory.support.AbstractAutowireCapableBeanFactory.invokeInitMethods(AbstractAutowireCapableBeanFactory.java:1853) ~[spring-beans-6.1.14.jar:6.1.14]
	at org.springframework.beans.factory.support.AbstractAutowireCapableBeanFactory.initializeBean(AbstractAutowireCapableBeanFactory.java:1802) ~[spring-beans-6.1.14.jar:6.1.14]
	at org.springframework.beans.factory.support.AbstractAutowireCapableBeanFactory.doCreateBean(AbstractAutowireCapableBeanFactory.java:600) ~[spring-beans-6.1.14.jar:6.1.14]
	at org.springframework.beans.factory.support.AbstractAutowireCapableBeanFactory.createBean(AbstractAutowireCapableBeanFactory.java:522) ~[spring-beans-6.1.14.jar:6.1.14]
	at org.springframework.beans.factory.support.AbstractBeanFactory.lambda$doGetBean$0(AbstractBeanFactory.java:337) ~[spring-beans-6.1.14.jar:6.1.14]
	at org.springframework.beans.factory.support.DefaultSingletonBeanRegistry.getSingleton(DefaultSingletonBeanRegistry.java:234) ~[spring-beans-6.1.14.jar:6.1.14]
	at org.springframework.beans.factory.support.AbstractBeanFactory.doGetBean(AbstractBeanFactory.java:335) ~[spring-beans-6.1.14.jar:6.1.14]
	at org.springframework.beans.factory.support.AbstractBeanFactory.getBean(AbstractBeanFactory.java:205) ~[spring-beans-6.1.14.jar:6.1.14]
	at org.springframework.context.support.AbstractApplicationContext.finishBeanFactoryInitialization(AbstractApplicationContext.java:954) ~[spring-context-6.1.14.jar:6.1.14]
	at org.springframework.context.support.AbstractApplicationContext.refresh(AbstractApplicationContext.java:625) ~[spring-context-6.1.14.jar:6.1.14]
	at org.springframework.boot.web.servlet.context.ServletWebServerApplicationContext.refresh(ServletWebServerApplicationContext.java:146) ~[spring-boot-3.3.5.jar:3.3.5]
	at org.springframework.boot.SpringApplication.refresh(SpringApplication.java:754) ~[spring-boot-3.3.5.jar:3.3.5]
	at org.springframework.boot.SpringApplication.refreshContext(SpringApplication.java:456) ~[spring-boot-3.3.5.jar:3.3.5]
	at org.springframework.boot.SpringApplication.run(SpringApplication.java:335) ~[spring-boot-3.3.5.jar:3.3.5]
	at org.springframework.boot.SpringApplication.run(SpringApplication.java:1363) ~[spring-boot-3.3.5.jar:3.3.5]
	at org.springframework.boot.SpringApplication.run(SpringApplication.java:1352) ~[spring-boot-3.3.5.jar:3.3.5]
	at com.upt.upt.UptWebApplication.main(UptWebApplication.java:20) ~[main/:na]
Caused by: java.sql.SQLException: Access denied for user 'root'@'localhost' (using password: YES)
	at com.mysql.cj.jdbc.exceptions.SQLError.createSQLException(SQLError.java:130) ~[mysql-connector-j-8.3.0.jar:8.3.0]
	at com.mysql.cj.jdbc.exceptions.SQLExceptionsMapping.translateException(SQLExceptionsMapping.java:122) ~[mysql-connector-j-8.3.0.jar:8.3.0]
	at com.mysql.cj.jdbc.ConnectionImpl.createNewIO(ConnectionImpl.java:815) ~[mysql-connector-j-8.3.0.jar:8.3.0]
	at com.mysql.cj.jdbc.ConnectionImpl.<init>(ConnectionImpl.java:438) ~[mysql-connector-j-8.3.0.jar:8.3.0]
	at com.mysql.cj.jdbc.ConnectionImpl.getInstance(ConnectionImpl.java:241) ~[mysql-connector-j-8.3.0.jar:8.3.0]
	at com.mysql.cj.jdbc.NonRegisteringDriver.connect(NonRegisteringDriver.java:189) ~[mysql-connector-j-8.3.0.jar:8.3.0]
	at com.zaxxer.hikari.util.DriverDataSource.getConnection(DriverDataSource.java:137) ~[HikariCP-5.1.0.jar:na]
	at com.zaxxer.hikari.pool.PoolBase.newConnection(PoolBase.java:360) ~[HikariCP-5.1.0.jar:na]
	at com.zaxxer.hikari.pool.PoolBase.newPoolEntry(PoolBase.java:202) ~[HikariCP-5.1.0.jar:na]
	at com.zaxxer.hikari.pool.HikariPool.createPoolEntry(HikariPool.java:461) ~[HikariCP-5.1.0.jar:na]
	at com.zaxxer.hikari.pool.HikariPool.checkFailFast(HikariPool.java:550) ~[HikariCP-5.1.0.jar:na]
	at com.zaxxer.hikari.pool.HikariPool.<init>(HikariPool.java:98) ~[HikariCP-5.1.0.jar:na]
	at com.zaxxer.hikari.HikariDataSource.getConnection(HikariDataSource.java:111) ~[HikariCP-5.1.0.jar:na]
	at org.hibernate.engine.jdbc.connections.internal.DatasourceConnectionProviderImpl.getConnection(DatasourceConnectionProviderImpl.java:122) ~[hibernate-core-6.5.3.Final.jar:6.5.3.Final]
	at org.hibernate.engine.jdbc.env.internal.JdbcEnvironmentInitiator$ConnectionProviderJdbcConnectionAccess.obtainConnection(JdbcEnvironmentInitiator.java:439) ~[hibernate-core-6.5.3.Final.jar:6.5.3.Final]
	at org.hibernate.resource.transaction.backend.jdbc.internal.JdbcIsolationDelegate.delegateWork(JdbcIsolationDelegate.java:61) ~[hibernate-core-6.5.3.Final.jar:6.5.3.Final]
	... 35 common frames omitted

2025-03-04T02:20:15.866Z  WARN 8532 --- [upt] [main] org.hibernate.orm.deprecation            : HHH90000025: MySQL8Dialect does not need to be specified explicitly using 'hibernate.dialect' (remove the property setting and it will be selected by default)
2025-03-04T02:20:15.869Z  WARN 8532 --- [upt] [main] org.hibernate.orm.deprecation            : HHH90000026: MySQL8Dialect has been deprecated; use org.hibernate.dialect.MySQLDialect instead
2025-03-04T02:20:19.689Z  INFO 8532 --- [upt] [main] o.h.e.t.j.p.i.JtaPlatformInitiator       : HHH000489: No JTA platform available (set 'hibernate.transaction.jta.platform' to enable JTA platform integration)
2025-03-04T02:20:19.779Z  INFO 8532 --- [upt] [main] com.zaxxer.hikari.HikariDataSource       : HikariPool-1 - Starting...
2025-03-04T02:20:20.833Z  WARN 8532 --- [upt] [main] o.h.engine.jdbc.spi.SqlExceptionHelper   : SQL Error: 1045, SQLState: 28000
2025-03-04T02:20:20.834Z ERROR 8532 --- [upt] [main] o.h.engine.jdbc.spi.SqlExceptionHelper   : Access denied for user 'root'@'localhost' (using password: YES)
2025-03-04T02:20:20.851Z ERROR 8532 --- [upt] [main] j.LocalContainerEntityManagerFactoryBean : Failed to initialize JPA EntityManagerFactory: [PersistenceUnit: default] Unable to build Hibernate SessionFactory; nested exception is org.hibernate.exception.GenericJDBCException: Unable to open JDBC Connection for DDL execution [Access denied for user 'root'@'localhost' (using password: YES)] [n/a]
2025-03-04T02:20:20.853Z  WARN 8532 --- [upt] [main] ConfigServletWebServerApplicationContext : Exception encountered during context initialization - cancelling refresh attempt: org.springframework.beans.factory.BeanCreationException: Error creating bean with name 'entityManagerFactory' defined in class path resource [org/springframework/boot/autoconfigure/orm/jpa/HibernateJpaConfiguration.class]: [PersistenceUnit: default] Unable to build Hibernate SessionFactory; nested exception is org.hibernate.exception.GenericJDBCException: Unable to open JDBC Connection for DDL execution [Access denied for user 'root'@'localhost' (using password: YES)] [n/a]
2025-03-04T02:20:20.862Z  INFO 8532 --- [upt] [main] o.apache.catalina.core.StandardService   : Stopping service [Tomcat]
2025-03-04T02:20:20.910Z  INFO 8532 --- [upt] [main] .s.b.a.l.ConditionEvaluationReportLogger : 

Error starting ApplicationContext. To display the condition evaluation report re-run your application with 'debug' enabled.
2025-03-04T02:20:21.001Z ERROR 8532 --- [upt] [main] o.s.boot.SpringApplication               : Application run failed

org.springframework.beans.factory.BeanCreationException: Error creating bean with name 'entityManagerFactory' defined in class path resource [org/springframework/boot/autoconfigure/orm/jpa/HibernateJpaConfiguration.class]: [PersistenceUnit: default] Unable to build Hibernate SessionFactory; nested exception is org.hibernate.exception.GenericJDBCException: Unable to open JDBC Connection for DDL execution [Access denied for user 'root'@'localhost' (using password: YES)] [n/a]
	at org.springframework.beans.factory.support.AbstractAutowireCapableBeanFactory.initializeBean(AbstractAutowireCapableBeanFactory.java:1806) ~[spring-beans-6.1.14.jar:6.1.14]
	at org.springframework.beans.factory.support.AbstractAutowireCapableBeanFactory.doCreateBean(AbstractAutowireCapableBeanFactory.java:600) ~[spring-beans-6.1.14.jar:6.1.14]
	at org.springframework.beans.factory.support.AbstractAutowireCapableBeanFactory.createBean(AbstractAutowireCapableBeanFactory.java:522) ~[spring-beans-6.1.14.jar:6.1.14]
	at org.springframework.beans.factory.support.AbstractBeanFactory.lambda$doGetBean$0(AbstractBeanFactory.java:337) ~[spring-beans-6.1.14.jar:6.1.14]
	at org.springframework.beans.factory.support.DefaultSingletonBeanRegistry.getSingleton(DefaultSingletonBeanRegistry.java:234) ~[spring-beans-6.1.14.jar:6.1.14]
	at org.springframework.beans.factory.support.AbstractBeanFactory.doGetBean(AbstractBeanFactory.java:335) ~[spring-beans-6.1.14.jar:6.1.14]
	at org.springframework.beans.factory.support.AbstractBeanFactory.getBean(AbstractBeanFactory.java:205) ~[spring-beans-6.1.14.jar:6.1.14]
	at org.springframework.context.support.AbstractApplicationContext.finishBeanFactoryInitialization(AbstractApplicationContext.java:954) ~[spring-context-6.1.14.jar:6.1.14]
	at org.springframework.context.support.AbstractApplicationContext.refresh(AbstractApplicationContext.java:625) ~[spring-context-6.1.14.jar:6.1.14]
	at org.springframework.boot.web.servlet.context.ServletWebServerApplicationContext.refresh(ServletWebServerApplicationContext.java:146) ~[spring-boot-3.3.5.jar:3.3.5]
	at org.springframework.boot.SpringApplication.refresh(SpringApplication.java:754) ~[spring-boot-3.3.5.jar:3.3.5]
	at org.springframework.boot.SpringApplication.refreshContext(SpringApplication.java:456) ~[spring-boot-3.3.5.jar:3.3.5]
	at org.springframework.boot.SpringApplication.run(SpringApplication.java:335) ~[spring-boot-3.3.5.jar:3.3.5]
	at org.springframework.boot.SpringApplication.run(SpringApplication.java:1363) ~[spring-boot-3.3.5.jar:3.3.5]
	at org.springframework.boot.SpringApplication.run(SpringApplication.java:1352) ~[spring-boot-3.3.5.jar:3.3.5]
	at com.upt.upt.UptWebApplication.main(UptWebApplication.java:20) ~[main/:na]
Caused by: jakarta.persistence.PersistenceException: [PersistenceUnit: default] Unable to build Hibernate SessionFactory; nested exception is org.hibernate.exception.GenericJDBCException: Unable to open JDBC Connection for DDL execution [Access denied for user 'root'@'localhost' (using password: YES)] [n/a]
	at org.springframework.orm.jpa.AbstractEntityManagerFactoryBean.buildNativeEntityManagerFactory(AbstractEntityManagerFactoryBean.java:421) ~[spring-orm-6.1.14.jar:6.1.14]
	at org.springframework.orm.jpa.AbstractEntityManagerFactoryBean.afterPropertiesSet(AbstractEntityManagerFactoryBean.java:396) ~[spring-orm-6.1.14.jar:6.1.14]
	at org.springframework.orm.jpa.LocalContainerEntityManagerFactoryBean.afterPropertiesSet(LocalContainerEntityManagerFactoryBean.java:366) ~[spring-orm-6.1.14.jar:6.1.14]
	at org.springframework.beans.factory.support.AbstractAutowireCapableBeanFactory.invokeInitMethods(AbstractAutowireCapableBeanFactory.java:1853) ~[spring-beans-6.1.14.jar:6.1.14]
	at org.springframework.beans.factory.support.AbstractAutowireCapableBeanFactory.initializeBean(AbstractAutowireCapableBeanFactory.java:1802) ~[spring-beans-6.1.14.jar:6.1.14]
	... 15 common frames omitted
Caused by: org.hibernate.exception.GenericJDBCException: Unable to open JDBC Connection for DDL execution [Access denied for user 'root'@'localhost' (using password: YES)] [n/a]
	at org.hibernate.exception.internal.StandardSQLExceptionConverter.convert(StandardSQLExceptionConverter.java:63) ~[hibernate-core-6.5.3.Final.jar:6.5.3.Final]
	at org.hibernate.engine.jdbc.spi.SqlExceptionHelper.convert(SqlExceptionHelper.java:108) ~[hibernate-core-6.5.3.Final.jar:6.5.3.Final]
	at org.hibernate.engine.jdbc.spi.SqlExceptionHelper.convert(SqlExceptionHelper.java:94) ~[hibernate-core-6.5.3.Final.jar:6.5.3.Final]
	at org.hibernate.resource.transaction.backend.jdbc.internal.DdlTransactionIsolatorNonJtaImpl.getIsolatedConnection(DdlTransactionIsolatorNonJtaImpl.java:74) ~[hibernate-core-6.5.3.Final.jar:6.5.3.Final]
	at org.hibernate.resource.transaction.backend.jdbc.internal.DdlTransactionIsolatorNonJtaImpl.getIsolatedConnection(DdlTransactionIsolatorNonJtaImpl.java:39) ~[hibernate-core-6.5.3.Final.jar:6.5.3.Final]
	at org.hibernate.tool.schema.internal.exec.ImprovedExtractionContextImpl.getJdbcConnection(ImprovedExtractionContextImpl.java:63) ~[hibernate-core-6.5.3.Final.jar:6.5.3.Final]
	at org.hibernate.tool.schema.internal.exec.ImprovedExtractionContextImpl.getJdbcDatabaseMetaData(ImprovedExtractionContextImpl.java:70) ~[hibernate-core-6.5.3.Final.jar:6.5.3.Final]
	at org.hibernate.tool.schema.extract.internal.InformationExtractorJdbcDatabaseMetaDataImpl.processTableResultSet(InformationExtractorJdbcDatabaseMetaDataImpl.java:65) ~[hibernate-core-6.5.3.Final.jar:6.5.3.Final]
	at org.hibernate.tool.schema.extract.internal.AbstractInformationExtractorImpl.getTables(AbstractInformationExtractorImpl.java:570) ~[hibernate-core-6.5.3.Final.jar:6.5.3.Final]
	at org.hibernate.tool.schema.extract.internal.DatabaseInformationImpl.getTablesInformation(DatabaseInformationImpl.java:122) ~[hibernate-core-6.5.3.Final.jar:6.5.3.Final]
	at org.hibernate.tool.schema.internal.GroupedSchemaMigratorImpl.performTablesMigration(GroupedSchemaMigratorImpl.java:72) ~[hibernate-core-6.5.3.Final.jar:6.5.3.Final]
	at org.hibernate.tool.schema.internal.AbstractSchemaMigrator.performMigration(AbstractSchemaMigrator.java:240) ~[hibernate-core-6.5.3.Final.jar:6.5.3.Final]
	at org.hibernate.tool.schema.internal.AbstractSchemaMigrator.doMigration(AbstractSchemaMigrator.java:119) ~[hibernate-core-6.5.3.Final.jar:6.5.3.Final]
	at org.hibernate.tool.schema.spi.SchemaManagementToolCoordinator.performDatabaseAction(SchemaManagementToolCoordinator.java:280) ~[hibernate-core-6.5.3.Final.jar:6.5.3.Final]
	at org.hibernate.tool.schema.spi.SchemaManagementToolCoordinator.lambda$process$5(SchemaManagementToolCoordinator.java:144) ~[hibernate-core-6.5.3.Final.jar:6.5.3.Final]
	at java.base/java.util.HashMap.forEach(HashMap.java:1421) ~[na:na]
	at org.hibernate.tool.schema.spi.SchemaManagementToolCoordinator.process(SchemaManagementToolCoordinator.java:141) ~[hibernate-core-6.5.3.Final.jar:6.5.3.Final]
	at org.hibernate.boot.internal.SessionFactoryObserverForSchemaExport.sessionFactoryCreated(SessionFactoryObserverForSchemaExport.java:37) ~[hibernate-core-6.5.3.Final.jar:6.5.3.Final]
	at org.hibernate.internal.SessionFactoryObserverChain.sessionFactoryCreated(SessionFactoryObserverChain.java:35) ~[hibernate-core-6.5.3.Final.jar:6.5.3.Final]
	at org.hibernate.internal.SessionFactoryImpl.<init>(SessionFactoryImpl.java:322) ~[hibernate-core-6.5.3.Final.jar:6.5.3.Final]
	at org.hibernate.boot.internal.SessionFactoryBuilderImpl.build(SessionFactoryBuilderImpl.java:457) ~[hibernate-core-6.5.3.Final.jar:6.5.3.Final]
	at org.hibernate.jpa.boot.internal.EntityManagerFactoryBuilderImpl.build(EntityManagerFactoryBuilderImpl.java:1506) ~[hibernate-core-6.5.3.Final.jar:6.5.3.Final]
	at org.springframework.orm.jpa.vendor.SpringHibernateJpaPersistenceProvider.createContainerEntityManagerFactory(SpringHibernateJpaPersistenceProvider.java:75) ~[spring-orm-6.1.14.jar:6.1.14]
	at org.springframework.orm.jpa.LocalContainerEntityManagerFactoryBean.createNativeEntityManagerFactory(LocalContainerEntityManagerFactoryBean.java:390) ~[spring-orm-6.1.14.jar:6.1.14]
	at org.springframework.orm.jpa.AbstractEntityManagerFactoryBean.buildNativeEntityManagerFactory(AbstractEntityManagerFactoryBean.java:409) ~[spring-orm-6.1.14.jar:6.1.14]
	... 19 common frames omitted
Caused by: java.sql.SQLException: Access denied for user 'root'@'localhost' (using password: YES)
	at com.mysql.cj.jdbc.exceptions.SQLError.createSQLException(SQLError.java:130) ~[mysql-connector-j-8.3.0.jar:8.3.0]
	at com.mysql.cj.jdbc.exceptions.SQLExceptionsMapping.translateException(SQLExceptionsMapping.java:122) ~[mysql-connector-j-8.3.0.jar:8.3.0]
	at com.mysql.cj.jdbc.ConnectionImpl.createNewIO(ConnectionImpl.java:815) ~[mysql-connector-j-8.3.0.jar:8.3.0]
	at com.mysql.cj.jdbc.ConnectionImpl.<init>(ConnectionImpl.java:438) ~[mysql-connector-j-8.3.0.jar:8.3.0]
	at com.mysql.cj.jdbc.ConnectionImpl.getInstance(ConnectionImpl.java:241) ~[mysql-connector-j-8.3.0.jar:8.3.0]
	at com.mysql.cj.jdbc.NonRegisteringDriver.connect(NonRegisteringDriver.java:189) ~[mysql-connector-j-8.3.0.jar:8.3.0]
	at com.zaxxer.hikari.util.DriverDataSource.getConnection(DriverDataSource.java:137) ~[HikariCP-5.1.0.jar:na]
	at com.zaxxer.hikari.pool.PoolBase.newConnection(PoolBase.java:360) ~[HikariCP-5.1.0.jar:na]
	at com.zaxxer.hikari.pool.PoolBase.newPoolEntry(PoolBase.java:202) ~[HikariCP-5.1.0.jar:na]
	at com.zaxxer.hikari.pool.HikariPool.createPoolEntry(HikariPool.java:461) ~[HikariCP-5.1.0.jar:na]
	at com.zaxxer.hikari.pool.HikariPool.checkFailFast(HikariPool.java:550) ~[HikariCP-5.1.0.jar:na]
	at com.zaxxer.hikari.pool.HikariPool.<init>(HikariPool.java:98) ~[HikariCP-5.1.0.jar:na]
	at com.zaxxer.hikari.HikariDataSource.getConnection(HikariDataSource.java:111) ~[HikariCP-5.1.0.jar:na]
	at org.hibernate.engine.jdbc.connections.internal.DatasourceConnectionProviderImpl.getConnection(DatasourceConnectionProviderImpl.java:122) ~[hibernate-core-6.5.3.Final.jar:6.5.3.Final]
	at org.hibernate.engine.jdbc.env.internal.JdbcEnvironmentInitiator$ConnectionProviderJdbcConnectionAccess.obtainConnection(JdbcEnvironmentInitiator.java:439) ~[hibernate-core-6.5.3.Final.jar:6.5.3.Final]
	at org.hibernate.resource.transaction.backend.jdbc.internal.DdlTransactionIsolatorNonJtaImpl.getIsolatedConnection(DdlTransactionIsolatorNonJtaImpl.java:46) ~[hibernate-core-6.5.3.Final.jar:6.5.3.Final]
	... 40 common frames omitted

2025-03-04T02:21:46.423Z  INFO 11360 --- [upt] [main] com.upt.upt.UptWebApplication            : Starting UptWebApplication using Java 17.0.14 with PID 11360 (C:\Users\Sistrade\Documentos\Faculdade\3º Ano GAB\1º sem\QualidadeSoftware\GRUPO 5_ProjetoFinal_QS\UptQSProject\build\classes\java\main started by Sistrade in C:\Users\Sistrade\Documentos\Faculdade\3º Ano GAB\1º sem\QualidadeSoftware\GRUPO 5_ProjetoFinal_QS\UptQSProject)
2025-03-04T02:21:46.432Z DEBUG 11360 --- [upt] [main] com.upt.upt.UptWebApplication            : Running with Spring Boot v3.3.5, Spring v6.1.14
2025-03-04T02:21:46.436Z  INFO 11360 --- [upt] [main] com.upt.upt.UptWebApplication            : No active profile set, falling back to 1 default profile: "default"
2025-03-04T02:21:49.102Z  INFO 11360 --- [upt] [main] .s.d.r.c.RepositoryConfigurationDelegate : Bootstrapping Spring Data JPA repositories in DEFAULT mode.
2025-03-04T02:21:49.355Z  INFO 11360 --- [upt] [main] .s.d.r.c.RepositoryConfigurationDelegate : Finished Spring Data repository scanning in 225 ms. Found 9 JPA repository interfaces.
2025-03-04T02:21:51.494Z  INFO 11360 --- [upt] [main] o.s.b.w.embedded.tomcat.TomcatWebServer  : Tomcat initialized with port 8080 (http)
2025-03-04T02:21:51.531Z  INFO 11360 --- [upt] [main] o.apache.catalina.core.StandardService   : Starting service [Tomcat]
2025-03-04T02:21:51.532Z  INFO 11360 --- [upt] [main] o.apache.catalina.core.StandardEngine    : Starting Servlet engine: [Apache Tomcat/10.1.31]
2025-03-04T02:21:51.737Z  INFO 11360 --- [upt] [main] o.a.c.c.C.[Tomcat].[localhost].[/]       : Initializing Spring embedded WebApplicationContext
2025-03-04T02:21:51.740Z  INFO 11360 --- [upt] [main] w.s.c.ServletWebServerApplicationContext : Root WebApplicationContext: initialization completed in 5135 ms
2025-03-04T02:21:52.324Z  INFO 11360 --- [upt] [main] o.hibernate.jpa.internal.util.LogHelper  : HHH000204: Processing PersistenceUnitInfo [name: default]
2025-03-04T02:21:52.642Z  INFO 11360 --- [upt] [main] org.hibernate.Version                    : HHH000412: Hibernate ORM core version 6.5.3.Final
2025-03-04T02:21:52.796Z  INFO 11360 --- [upt] [main] o.h.c.internal.RegionFactoryInitiator    : HHH000026: Second-level cache disabled
2025-03-04T02:21:53.944Z  INFO 11360 --- [upt] [main] o.s.o.j.p.SpringPersistenceUnitInfo      : No LoadTimeWeaver setup: ignoring JPA class transformer
2025-03-04T02:21:54.075Z  INFO 11360 --- [upt] [main] com.zaxxer.hikari.HikariDataSource       : HikariPool-1 - Starting...
2025-03-04T02:21:54.949Z  INFO 11360 --- [upt] [main] com.zaxxer.hikari.pool.HikariPool        : HikariPool-1 - Added connection com.mysql.cj.jdbc.ConnectionImpl@11574592
2025-03-04T02:21:54.957Z  INFO 11360 --- [upt] [main] com.zaxxer.hikari.HikariDataSource       : HikariPool-1 - Start completed.
2025-03-04T02:21:55.232Z  WARN 11360 --- [upt] [main] org.hibernate.orm.deprecation            : HHH90000025: MySQL8Dialect does not need to be specified explicitly using 'hibernate.dialect' (remove the property setting and it will be selected by default)
2025-03-04T02:21:55.235Z  WARN 11360 --- [upt] [main] org.hibernate.orm.deprecation            : HHH90000026: MySQL8Dialect has been deprecated; use org.hibernate.dialect.MySQLDialect instead
2025-03-04T02:21:58.773Z  INFO 11360 --- [upt] [main] o.h.e.t.j.p.i.JtaPlatformInitiator       : HHH000489: No JTA platform available (set 'hibernate.transaction.jta.platform' to enable JTA platform integration)
2025-03-04T02:22:01.243Z  INFO 11360 --- [upt] [main] j.LocalContainerEntityManagerFactoryBean : Initialized JPA EntityManagerFactory for persistence unit 'default'
2025-03-04T02:22:02.964Z  WARN 11360 --- [upt] [main] JpaBaseConfiguration$JpaWebConfiguration : spring.jpa.open-in-view is enabled by default. Therefore, database queries may be performed during view rendering. Explicitly configure spring.jpa.open-in-view to disable this warning
2025-03-04T02:22:03.423Z DEBUG 11360 --- [upt] [main] s.w.s.m.m.a.RequestMappingHandlerMapping : 69 mappings in 'requestMappingHandlerMapping'
2025-03-04T02:22:03.685Z DEBUG 11360 --- [upt] [main] o.s.w.s.handler.SimpleUrlHandlerMapping  : Patterns [/webjars/**, /**] in 'resourceHandlerMapping'
2025-03-04T02:22:03.805Z DEBUG 11360 --- [upt] [main] s.w.s.m.m.a.RequestMappingHandlerAdapter : ControllerAdvice beans: 0 @ModelAttribute, 0 @InitBinder, 1 RequestBodyAdvice, 1 ResponseBodyAdvice
2025-03-04T02:22:03.955Z DEBUG 11360 --- [upt] [main] .m.m.a.ExceptionHandlerExceptionResolver : ControllerAdvice beans: 0 @ExceptionHandler, 1 ResponseBodyAdvice
2025-03-04T02:22:04.470Z  INFO 11360 --- [upt] [main] o.s.b.w.embedded.tomcat.TomcatWebServer  : Tomcat started on port 8080 (http) with context path '/'
2025-03-04T02:22:04.511Z  INFO 11360 --- [upt] [main] com.upt.upt.UptWebApplication            : Started UptWebApplication in 20.736 seconds (process running for 22.501)
2025-03-04T02:24:41.247Z  INFO 4080 --- [upt] [main] com.upt.upt.UptWebApplication            : Starting UptWebApplication using Java 17.0.14 with PID 4080 (C:\Users\Sistrade\Documentos\Faculdade\3º Ano GAB\1º sem\QualidadeSoftware\GRUPO 5_ProjetoFinal_QS\UptQSProject\build\classes\java\main started by Sistrade in C:\Users\Sistrade\Documentos\Faculdade\3º Ano GAB\1º sem\QualidadeSoftware\GRUPO 5_ProjetoFinal_QS\UptQSProject)
2025-03-04T02:24:41.255Z DEBUG 4080 --- [upt] [main] com.upt.upt.UptWebApplication            : Running with Spring Boot v3.3.5, Spring v6.1.14
2025-03-04T02:24:41.258Z  INFO 4080 --- [upt] [main] com.upt.upt.UptWebApplication            : No active profile set, falling back to 1 default profile: "default"
2025-03-04T02:24:44.091Z  INFO 4080 --- [upt] [main] .s.d.r.c.RepositoryConfigurationDelegate : Bootstrapping Spring Data JPA repositories in DEFAULT mode.
2025-03-04T02:24:44.393Z  INFO 4080 --- [upt] [main] .s.d.r.c.RepositoryConfigurationDelegate : Finished Spring Data repository scanning in 265 ms. Found 9 JPA repository interfaces.
2025-03-04T02:24:46.933Z  INFO 4080 --- [upt] [main] o.s.b.w.embedded.tomcat.TomcatWebServer  : Tomcat initialized with port 8080 (http)
2025-03-04T02:24:46.987Z  INFO 4080 --- [upt] [main] o.apache.catalina.core.StandardService   : Starting service [Tomcat]
2025-03-04T02:24:46.988Z  INFO 4080 --- [upt] [main] o.apache.catalina.core.StandardEngine    : Starting Servlet engine: [Apache Tomcat/10.1.31]
2025-03-04T02:24:47.321Z  INFO 4080 --- [upt] [main] o.a.c.c.C.[Tomcat].[localhost].[/]       : Initializing Spring embedded WebApplicationContext
2025-03-04T02:24:47.323Z  INFO 4080 --- [upt] [main] w.s.c.ServletWebServerApplicationContext : Root WebApplicationContext: initialization completed in 5884 ms
2025-03-04T02:24:47.968Z  INFO 4080 --- [upt] [main] o.hibernate.jpa.internal.util.LogHelper  : HHH000204: Processing PersistenceUnitInfo [name: default]
2025-03-04T02:24:48.244Z  INFO 4080 --- [upt] [main] org.hibernate.Version                    : HHH000412: Hibernate ORM core version 6.5.3.Final
2025-03-04T02:24:48.388Z  INFO 4080 --- [upt] [main] o.h.c.internal.RegionFactoryInitiator    : HHH000026: Second-level cache disabled
2025-03-04T02:24:49.522Z  INFO 4080 --- [upt] [main] o.s.o.j.p.SpringPersistenceUnitInfo      : No LoadTimeWeaver setup: ignoring JPA class transformer
2025-03-04T02:24:49.659Z  INFO 4080 --- [upt] [main] com.zaxxer.hikari.HikariDataSource       : HikariPool-1 - Starting...
2025-03-04T02:24:50.670Z  INFO 4080 --- [upt] [main] com.zaxxer.hikari.pool.HikariPool        : HikariPool-1 - Added connection com.mysql.cj.jdbc.ConnectionImpl@11574592
2025-03-04T02:24:50.682Z  INFO 4080 --- [upt] [main] com.zaxxer.hikari.HikariDataSource       : HikariPool-1 - Start completed.
2025-03-04T02:24:50.973Z  WARN 4080 --- [upt] [main] org.hibernate.orm.deprecation            : HHH90000025: MySQL8Dialect does not need to be specified explicitly using 'hibernate.dialect' (remove the property setting and it will be selected by default)
2025-03-04T02:24:50.978Z  WARN 4080 --- [upt] [main] org.hibernate.orm.deprecation            : HHH90000026: MySQL8Dialect has been deprecated; use org.hibernate.dialect.MySQLDialect instead
2025-03-04T02:24:54.869Z  INFO 4080 --- [upt] [main] o.h.e.t.j.p.i.JtaPlatformInitiator       : HHH000489: No JTA platform available (set 'hibernate.transaction.jta.platform' to enable JTA platform integration)
2025-03-04T02:24:55.454Z  INFO 4080 --- [upt] [main] j.LocalContainerEntityManagerFactoryBean : Initialized JPA EntityManagerFactory for persistence unit 'default'
2025-03-04T02:24:57.361Z  WARN 4080 --- [upt] [main] JpaBaseConfiguration$JpaWebConfiguration : spring.jpa.open-in-view is enabled by default. Therefore, database queries may be performed during view rendering. Explicitly configure spring.jpa.open-in-view to disable this warning
2025-03-04T02:24:57.925Z DEBUG 4080 --- [upt] [main] s.w.s.m.m.a.RequestMappingHandlerMapping : 69 mappings in 'requestMappingHandlerMapping'
2025-03-04T02:24:58.211Z DEBUG 4080 --- [upt] [main] o.s.w.s.handler.SimpleUrlHandlerMapping  : Patterns [/webjars/**, /**] in 'resourceHandlerMapping'
2025-03-04T02:24:58.371Z DEBUG 4080 --- [upt] [main] s.w.s.m.m.a.RequestMappingHandlerAdapter : ControllerAdvice beans: 0 @ModelAttribute, 0 @InitBinder, 1 RequestBodyAdvice, 1 ResponseBodyAdvice
2025-03-04T02:24:58.564Z DEBUG 4080 --- [upt] [main] .m.m.a.ExceptionHandlerExceptionResolver : ControllerAdvice beans: 0 @ExceptionHandler, 1 ResponseBodyAdvice
2025-03-04T02:24:59.268Z  INFO 4080 --- [upt] [main] o.s.b.w.embedded.tomcat.TomcatWebServer  : Tomcat started on port 8080 (http) with context path '/'
2025-03-04T02:24:59.306Z  INFO 4080 --- [upt] [main] com.upt.upt.UptWebApplication            : Started UptWebApplication in 19.679 seconds (process running for 20.729)
2025-03-04T02:25:08.748Z  INFO 4080 --- [upt] [http-nio-8080-exec-2] o.a.c.c.C.[Tomcat].[localhost].[/]       : Initializing Spring DispatcherServlet 'dispatcherServlet'
2025-03-04T02:25:08.750Z  INFO 4080 --- [upt] [http-nio-8080-exec-2] o.s.web.servlet.DispatcherServlet        : Initializing Servlet 'dispatcherServlet'
2025-03-04T02:25:08.751Z DEBUG 4080 --- [upt] [http-nio-8080-exec-2] o.s.web.servlet.DispatcherServlet        : Detected StandardServletMultipartResolver
2025-03-04T02:25:08.752Z DEBUG 4080 --- [upt] [http-nio-8080-exec-2] o.s.web.servlet.DispatcherServlet        : Detected AcceptHeaderLocaleResolver
2025-03-04T02:25:08.753Z DEBUG 4080 --- [upt] [http-nio-8080-exec-2] o.s.web.servlet.DispatcherServlet        : Detected FixedThemeResolver
2025-03-04T02:25:08.761Z DEBUG 4080 --- [upt] [http-nio-8080-exec-2] o.s.web.servlet.DispatcherServlet        : Detected org.springframework.web.servlet.view.DefaultRequestToViewNameTranslator@4fa3bebe
2025-03-04T02:25:08.766Z DEBUG 4080 --- [upt] [http-nio-8080-exec-2] o.s.web.servlet.DispatcherServlet        : Detected org.springframework.web.servlet.support.SessionFlashMapManager@5f93ec02
2025-03-04T02:25:08.772Z DEBUG 4080 --- [upt] [http-nio-8080-exec-2] o.s.web.servlet.DispatcherServlet        : enableLoggingRequestDetails='false': request parameters and headers will be masked to prevent unsafe logging of potentially sensitive data
2025-03-04T02:25:08.774Z  INFO 4080 --- [upt] [http-nio-8080-exec-2] o.s.web.servlet.DispatcherServlet        : Completed initialization in 23 ms
2025-03-04T02:25:08.824Z DEBUG 4080 --- [upt] [http-nio-8080-exec-2] o.s.web.servlet.DispatcherServlet        : GET "/master", parameters={}
2025-03-04T02:25:08.880Z DEBUG 4080 --- [upt] [http-nio-8080-exec-2] s.w.s.m.m.a.RequestMappingHandlerMapping : Mapped to com.upt.upt.controller.MasterUnitController#listDirectorsMastersAndRooms(Model, HttpSession)
2025-03-04T02:25:09.089Z DEBUG 4080 --- [upt] [http-nio-8080-exec-2] o.s.web.servlet.view.RedirectView        : View name [redirect:], model {}
2025-03-04T02:25:09.098Z DEBUG 4080 --- [upt] [http-nio-8080-exec-2] o.s.web.servlet.DispatcherServlet        : Completed 302 FOUND
2025-03-04T02:25:09.129Z DEBUG 4080 --- [upt] [http-nio-8080-exec-5] o.s.web.servlet.DispatcherServlet        : GET "/login?error=Unauthorized%20access", parameters={masked}
2025-03-04T02:25:09.131Z DEBUG 4080 --- [upt] [http-nio-8080-exec-5] s.w.s.m.m.a.RequestMappingHandlerMapping : Mapped to com.upt.upt.UptWebController#login(String, Model)
2025-03-04T02:25:09.215Z DEBUG 4080 --- [upt] [http-nio-8080-exec-5] o.s.w.s.v.ContentNegotiatingViewResolver : Selected 'text/html' given [text/html, application/xhtml+xml, image/avif, image/webp, image/apng, application/xml;q=0.9, */*;q=0.8, application/signed-exchange;v=b3;q=0.7]
2025-03-04T02:25:10.182Z DEBUG 4080 --- [upt] [http-nio-8080-exec-5] o.s.web.servlet.DispatcherServlet        : Completed 200 OK
2025-03-04T02:25:10.236Z DEBUG 4080 --- [upt] [http-nio-8080-exec-1] o.s.web.servlet.DispatcherServlet        : GET "/css/login.css", parameters={}
2025-03-04T02:25:10.258Z DEBUG 4080 --- [upt] [http-nio-8080-exec-3] o.s.web.servlet.DispatcherServlet        : GET "/images/upt-logo.png", parameters={}
2025-03-04T02:25:10.262Z DEBUG 4080 --- [upt] [http-nio-8080-exec-1] o.s.w.s.handler.SimpleUrlHandlerMapping  : Mapped to ResourceHttpRequestHandler [classpath [META-INF/resources/], classpath [resources/], classpath [static/], classpath [public/], ServletContext [/]]
2025-03-04T02:25:10.265Z DEBUG 4080 --- [upt] [http-nio-8080-exec-3] o.s.w.s.handler.SimpleUrlHandlerMapping  : Mapped to ResourceHttpRequestHandler [classpath [META-INF/resources/], classpath [resources/], classpath [static/], classpath [public/], ServletContext [/]]
2025-03-04T02:25:10.265Z DEBUG 4080 --- [upt] [http-nio-8080-exec-6] o.s.web.servlet.DispatcherServlet        : GET "/js/login.js", parameters={}
2025-03-04T02:25:10.269Z DEBUG 4080 --- [upt] [http-nio-8080-exec-6] o.s.w.s.handler.SimpleUrlHandlerMapping  : Mapped to ResourceHttpRequestHandler [classpath [META-INF/resources/], classpath [resources/], classpath [static/], classpath [public/], ServletContext [/]]
2025-03-04T02:25:10.306Z DEBUG 4080 --- [upt] [http-nio-8080-exec-6] o.s.web.servlet.DispatcherServlet        : Completed 200 OK
2025-03-04T02:25:10.306Z DEBUG 4080 --- [upt] [http-nio-8080-exec-1] o.s.web.servlet.DispatcherServlet        : Completed 200 OK
2025-03-04T02:25:10.308Z DEBUG 4080 --- [upt] [http-nio-8080-exec-3] o.s.web.servlet.DispatcherServlet        : Completed 200 OK
2025-03-04T02:25:16.222Z DEBUG 4080 --- [upt] [http-nio-8080-exec-9] o.s.web.servlet.DispatcherServlet        : POST "/validate-login", parameters={masked}
2025-03-04T02:25:16.224Z DEBUG 4080 --- [upt] [http-nio-8080-exec-9] s.w.s.m.m.a.RequestMappingHandlerMapping : Mapped to com.upt.upt.UptWebController#validateLogin(String, String, HttpSession)
2025-03-04T02:25:16.917Z DEBUG 4080 --- [upt] [http-nio-8080-exec-9] o.s.web.servlet.view.RedirectView        : View name [redirect:], model {}
2025-03-04T02:25:16.919Z DEBUG 4080 --- [upt] [http-nio-8080-exec-9] o.s.web.servlet.DispatcherServlet        : Completed 302 FOUND
2025-03-04T02:25:16.929Z DEBUG 4080 --- [upt] [http-nio-8080-exec-8] o.s.web.servlet.DispatcherServlet        : GET "/master", parameters={}
2025-03-04T02:25:16.930Z DEBUG 4080 --- [upt] [http-nio-8080-exec-8] s.w.s.m.m.a.RequestMappingHandlerMapping : Mapped to com.upt.upt.controller.MasterUnitController#listDirectorsMastersAndRooms(Model, HttpSession)
2025-03-04T02:25:17.095Z DEBUG 4080 --- [upt] [http-nio-8080-exec-8] o.s.w.s.v.ContentNegotiatingViewResolver : Selected 'text/html' given [text/html, application/xhtml+xml, image/avif, image/webp, image/apng, application/xml;q=0.9, */*;q=0.8, application/signed-exchange;v=b3;q=0.7]
2025-03-04T02:25:17.253Z DEBUG 4080 --- [upt] [http-nio-8080-exec-7] o.s.web.servlet.DispatcherServlet        : GET "/css/master_index.css?v=0", parameters={masked}
2025-03-04T02:25:17.258Z DEBUG 4080 --- [upt] [http-nio-8080-exec-7] o.s.w.s.handler.SimpleUrlHandlerMapping  : Mapped to ResourceHttpRequestHandler [classpath [META-INF/resources/], classpath [resources/], classpath [static/], classpath [public/], ServletContext [/]]
2025-03-04T02:25:17.269Z DEBUG 4080 --- [upt] [http-nio-8080-exec-7] o.s.web.servlet.DispatcherServlet        : Completed 200 OK
2025-03-04T02:25:17.311Z DEBUG 4080 --- [upt] [http-nio-8080-exec-8] o.s.web.servlet.DispatcherServlet        : Completed 200 OK
2025-03-04T02:25:24.800Z DEBUG 4080 --- [upt] [http-nio-8080-exec-2] o.s.web.servlet.DispatcherServlet        : GET "/master/edit-master?id=1", parameters={masked}
2025-03-04T02:25:24.801Z DEBUG 4080 --- [upt] [http-nio-8080-exec-2] s.w.s.m.m.a.RequestMappingHandlerMapping : Mapped to com.upt.upt.controller.MasterUnitController#showEditMasterForm(Long, Model, HttpSession)
2025-03-04T02:25:24.881Z DEBUG 4080 --- [upt] [http-nio-8080-exec-2] o.s.w.s.v.ContentNegotiatingViewResolver : Selected 'text/html' given [text/html, application/xhtml+xml, image/avif, image/webp, image/apng, application/xml;q=0.9, */*;q=0.8, application/signed-exchange;v=b3;q=0.7]
2025-03-04T02:25:24.897Z DEBUG 4080 --- [upt] [http-nio-8080-exec-2] o.s.web.servlet.DispatcherServlet        : Completed 200 OK
2025-03-04T02:25:24.955Z DEBUG 4080 --- [upt] [http-nio-8080-exec-5] o.s.web.servlet.DispatcherServlet        : GET "/css/master_editMaster.css", parameters={}
2025-03-04T02:25:24.959Z DEBUG 4080 --- [upt] [http-nio-8080-exec-5] o.s.w.s.handler.SimpleUrlHandlerMapping  : Mapped to ResourceHttpRequestHandler [classpath [META-INF/resources/], classpath [resources/], classpath [static/], classpath [public/], ServletContext [/]]
2025-03-04T02:25:24.974Z DEBUG 4080 --- [upt] [http-nio-8080-exec-5] o.s.web.servlet.DispatcherServlet        : Completed 200 OK
2025-03-04T02:25:28.421Z DEBUG 4080 --- [upt] [http-nio-8080-exec-3] o.s.web.servlet.DispatcherServlet        : POST "/master/edit-master/1", parameters={masked}
2025-03-04T02:25:28.424Z DEBUG 4080 --- [upt] [http-nio-8080-exec-3] s.w.s.m.m.a.RequestMappingHandlerMapping : Mapped to com.upt.upt.controller.MasterUnitController#updateMaster(Long, String, String, String, HttpSession)
2025-03-04T02:25:28.474Z DEBUG 4080 --- [upt] [http-nio-8080-exec-3] o.s.web.servlet.view.RedirectView        : View name [redirect:], model {}
2025-03-04T02:25:28.475Z DEBUG 4080 --- [upt] [http-nio-8080-exec-3] o.s.web.servlet.DispatcherServlet        : Completed 302 FOUND
2025-03-04T02:25:28.484Z DEBUG 4080 --- [upt] [http-nio-8080-exec-10] o.s.web.servlet.DispatcherServlet        : GET "/edit-master/1?error=true", parameters={masked}
2025-03-04T02:25:28.486Z DEBUG 4080 --- [upt] [http-nio-8080-exec-10] o.s.w.s.handler.SimpleUrlHandlerMapping  : Mapped to ResourceHttpRequestHandler [classpath [META-INF/resources/], classpath [resources/], classpath [static/], classpath [public/], ServletContext [/]]
2025-03-04T02:25:28.490Z DEBUG 4080 --- [upt] [http-nio-8080-exec-10] o.s.w.s.r.ResourceHttpRequestHandler     : Resource not found
2025-03-04T02:25:28.496Z DEBUG 4080 --- [upt] [http-nio-8080-exec-10] .w.s.m.s.DefaultHandlerExceptionResolver : Resolved [org.springframework.web.servlet.resource.NoResourceFoundException: No static resource edit-master/1.]
2025-03-04T02:25:28.498Z DEBUG 4080 --- [upt] [http-nio-8080-exec-10] o.s.web.servlet.DispatcherServlet        : Completed 404 NOT_FOUND
2025-03-04T02:25:28.516Z DEBUG 4080 --- [upt] [http-nio-8080-exec-10] o.s.web.servlet.DispatcherServlet        : "ERROR" dispatch for GET "/error?error=true", parameters={masked}
2025-03-04T02:25:28.520Z DEBUG 4080 --- [upt] [http-nio-8080-exec-10] s.w.s.m.m.a.RequestMappingHandlerMapping : Mapped to org.springframework.boot.autoconfigure.web.servlet.error.BasicErrorController#errorHtml(HttpServletRequest, HttpServletResponse)
2025-03-04T02:25:28.552Z DEBUG 4080 --- [upt] [http-nio-8080-exec-10] o.s.w.s.v.ContentNegotiatingViewResolver : Selected 'text/html' given [text/html, text/html;q=0.8]
2025-03-04T02:25:28.570Z DEBUG 4080 --- [upt] [http-nio-8080-exec-10] o.s.web.servlet.DispatcherServlet        : Exiting from "ERROR" dispatch, status 404
2025-03-04T02:25:28.684Z DEBUG 4080 --- [upt] [http-nio-8080-exec-4] o.s.web.servlet.DispatcherServlet        : GET "/favicon.ico", parameters={}
2025-03-04T02:25:28.687Z DEBUG 4080 --- [upt] [http-nio-8080-exec-4] o.s.w.s.handler.SimpleUrlHandlerMapping  : Mapped to ResourceHttpRequestHandler [classpath [META-INF/resources/], classpath [resources/], classpath [static/], classpath [public/], ServletContext [/]]
2025-03-04T02:25:28.691Z DEBUG 4080 --- [upt] [http-nio-8080-exec-4] o.s.w.s.r.ResourceHttpRequestHandler     : Resource not found
2025-03-04T02:25:28.693Z DEBUG 4080 --- [upt] [http-nio-8080-exec-4] .w.s.m.s.DefaultHandlerExceptionResolver : Resolved [org.springframework.web.servlet.resource.NoResourceFoundException: No static resource favicon.ico.]
2025-03-04T02:25:28.694Z DEBUG 4080 --- [upt] [http-nio-8080-exec-4] o.s.web.servlet.DispatcherServlet        : Completed 404 NOT_FOUND
2025-03-04T02:25:28.695Z DEBUG 4080 --- [upt] [http-nio-8080-exec-4] o.s.web.servlet.DispatcherServlet        : "ERROR" dispatch for GET "/error", parameters={}
2025-03-04T02:25:28.698Z DEBUG 4080 --- [upt] [http-nio-8080-exec-4] s.w.s.m.m.a.RequestMappingHandlerMapping : Mapped to org.springframework.boot.autoconfigure.web.servlet.error.BasicErrorController#error(HttpServletRequest)
2025-03-04T02:25:28.748Z DEBUG 4080 --- [upt] [http-nio-8080-exec-4] o.s.w.s.m.m.a.HttpEntityMethodProcessor  : Using 'application/json;q=0.8', given [image/avif, image/webp, image/apng, image/svg+xml, image/*, */*;q=0.8] and supported [application/json, application/*+json]
2025-03-04T02:25:28.757Z DEBUG 4080 --- [upt] [http-nio-8080-exec-4] o.s.w.s.m.m.a.HttpEntityMethodProcessor  : Writing [{timestamp=Tue Mar 04 02:25:28 WET 2025, status=404, error=Not Found, path=/favicon.ico}]
2025-03-04T02:25:28.923Z DEBUG 4080 --- [upt] [http-nio-8080-exec-4] o.s.web.servlet.DispatcherServlet        : Exiting from "ERROR" dispatch, status 404
2025-03-04T02:25:36.650Z DEBUG 4080 --- [upt] [http-nio-8080-exec-7] o.s.web.servlet.DispatcherServlet        : POST "/master/edit-master/1", parameters={masked}
2025-03-04T02:25:36.654Z DEBUG 4080 --- [upt] [http-nio-8080-exec-7] s.w.s.m.m.a.RequestMappingHandlerMapping : Mapped to com.upt.upt.controller.MasterUnitController#updateMaster(Long, String, String, String, HttpSession)
2025-03-04T02:25:36.875Z DEBUG 4080 --- [upt] [http-nio-8080-exec-7] o.s.web.servlet.view.RedirectView        : View name [redirect:], model {}
2025-03-04T02:25:36.877Z DEBUG 4080 --- [upt] [http-nio-8080-exec-7] o.s.web.servlet.DispatcherServlet        : Completed 302 FOUND
2025-03-04T02:25:36.884Z DEBUG 4080 --- [upt] [http-nio-8080-exec-8] o.s.web.servlet.DispatcherServlet        : GET "/master", parameters={}
2025-03-04T02:25:36.886Z DEBUG 4080 --- [upt] [http-nio-8080-exec-8] s.w.s.m.m.a.RequestMappingHandlerMapping : Mapped to com.upt.upt.controller.MasterUnitController#listDirectorsMastersAndRooms(Model, HttpSession)
2025-03-04T02:25:36.943Z DEBUG 4080 --- [upt] [http-nio-8080-exec-8] o.s.w.s.v.ContentNegotiatingViewResolver : Selected 'text/html' given [text/html, application/xhtml+xml, image/avif, image/webp, image/apng, application/xml;q=0.9, */*;q=0.8, application/signed-exchange;v=b3;q=0.7]
2025-03-04T02:25:37.035Z DEBUG 4080 --- [upt] [http-nio-8080-exec-2] o.s.web.servlet.DispatcherServlet        : GET "/images/upt-logo.png", parameters={}
2025-03-04T02:25:37.038Z DEBUG 4080 --- [upt] [http-nio-8080-exec-2] o.s.w.s.handler.SimpleUrlHandlerMapping  : Mapped to ResourceHttpRequestHandler [classpath [META-INF/resources/], classpath [resources/], classpath [static/], classpath [public/], ServletContext [/]]
2025-03-04T02:25:37.053Z DEBUG 4080 --- [upt] [http-nio-8080-exec-2] o.s.web.servlet.DispatcherServlet        : Completed 304 NOT_MODIFIED
2025-03-04T02:25:37.081Z DEBUG 4080 --- [upt] [http-nio-8080-exec-8] o.s.web.servlet.DispatcherServlet        : Completed 200 OK
2025-03-04T02:25:39.131Z DEBUG 4080 --- [upt] [http-nio-8080-exec-5] o.s.web.servlet.DispatcherServlet        : GET "/master/edit-master?id=1", parameters={masked}
2025-03-04T02:25:39.132Z DEBUG 4080 --- [upt] [http-nio-8080-exec-5] s.w.s.m.m.a.RequestMappingHandlerMapping : Mapped to com.upt.upt.controller.MasterUnitController#showEditMasterForm(Long, Model, HttpSession)
2025-03-04T02:25:39.152Z DEBUG 4080 --- [upt] [http-nio-8080-exec-5] o.s.w.s.v.ContentNegotiatingViewResolver : Selected 'text/html' given [text/html, application/xhtml+xml, image/avif, image/webp, image/apng, application/xml;q=0.9, */*;q=0.8, application/signed-exchange;v=b3;q=0.7]
2025-03-04T02:25:39.158Z DEBUG 4080 --- [upt] [http-nio-8080-exec-5] o.s.web.servlet.DispatcherServlet        : Completed 200 OK
2025-03-04T02:25:44.474Z DEBUG 4080 --- [upt] [http-nio-8080-exec-1] o.s.web.servlet.DispatcherServlet        : POST "/master/edit-master/1", parameters={masked}
2025-03-04T02:25:44.476Z DEBUG 4080 --- [upt] [http-nio-8080-exec-1] s.w.s.m.m.a.RequestMappingHandlerMapping : Mapped to com.upt.upt.controller.MasterUnitController#updateMaster(Long, String, String, String, HttpSession)
2025-03-04T02:25:44.537Z DEBUG 4080 --- [upt] [http-nio-8080-exec-1] o.s.web.servlet.view.RedirectView        : View name [redirect:], model {}
2025-03-04T02:25:44.538Z DEBUG 4080 --- [upt] [http-nio-8080-exec-1] o.s.web.servlet.DispatcherServlet        : Completed 302 FOUND
2025-03-04T02:25:44.549Z DEBUG 4080 --- [upt] [http-nio-8080-exec-6] o.s.web.servlet.DispatcherServlet        : GET "/master", parameters={}
2025-03-04T02:25:44.550Z DEBUG 4080 --- [upt] [http-nio-8080-exec-6] s.w.s.m.m.a.RequestMappingHandlerMapping : Mapped to com.upt.upt.controller.MasterUnitController#listDirectorsMastersAndRooms(Model, HttpSession)
2025-03-04T02:25:44.593Z DEBUG 4080 --- [upt] [http-nio-8080-exec-6] o.s.w.s.v.ContentNegotiatingViewResolver : Selected 'text/html' given [text/html, application/xhtml+xml, image/avif, image/webp, image/apng, application/xml;q=0.9, */*;q=0.8, application/signed-exchange;v=b3;q=0.7]
2025-03-04T02:25:44.712Z DEBUG 4080 --- [upt] [http-nio-8080-exec-3] o.s.web.servlet.DispatcherServlet        : GET "/css/master_index.css?v=0", parameters={masked}
2025-03-04T02:25:44.714Z DEBUG 4080 --- [upt] [http-nio-8080-exec-3] o.s.w.s.handler.SimpleUrlHandlerMapping  : Mapped to ResourceHttpRequestHandler [classpath [META-INF/resources/], classpath [resources/], classpath [static/], classpath [public/], ServletContext [/]]
2025-03-04T02:25:44.719Z DEBUG 4080 --- [upt] [http-nio-8080-exec-3] o.s.web.servlet.DispatcherServlet        : Completed 304 NOT_MODIFIED
2025-03-04T02:25:44.723Z DEBUG 4080 --- [upt] [http-nio-8080-exec-6] o.s.web.servlet.DispatcherServlet        : Completed 200 OK
2025-03-04T02:25:48.562Z DEBUG 4080 --- [upt] [http-nio-8080-exec-9] o.s.web.servlet.DispatcherServlet        : GET "/master/create-director", parameters={}
2025-03-04T02:25:48.565Z DEBUG 4080 --- [upt] [http-nio-8080-exec-9] s.w.s.m.m.a.RequestMappingHandlerMapping : Mapped to com.upt.upt.controller.DirectorUnitController#showCreateDirectorForm(HttpSession)
2025-03-04T02:25:48.574Z DEBUG 4080 --- [upt] [http-nio-8080-exec-9] o.s.w.s.v.ContentNegotiatingViewResolver : Selected 'text/html' given [text/html, application/xhtml+xml, image/avif, image/webp, image/apng, application/xml;q=0.9, */*;q=0.8, application/signed-exchange;v=b3;q=0.7]
2025-03-04T02:25:48.600Z DEBUG 4080 --- [upt] [http-nio-8080-exec-9] o.s.web.servlet.DispatcherServlet        : Completed 200 OK
2025-03-04T02:25:48.650Z DEBUG 4080 --- [upt] [http-nio-8080-exec-7] o.s.web.servlet.DispatcherServlet        : GET "/css/master_addDirector.css", parameters={}
2025-03-04T02:25:48.653Z DEBUG 4080 --- [upt] [http-nio-8080-exec-7] o.s.w.s.handler.SimpleUrlHandlerMapping  : Mapped to ResourceHttpRequestHandler [classpath [META-INF/resources/], classpath [resources/], classpath [static/], classpath [public/], ServletContext [/]]
2025-03-04T02:25:48.674Z DEBUG 4080 --- [upt] [http-nio-8080-exec-7] o.s.web.servlet.DispatcherServlet        : Completed 200 OK
2025-03-04T02:26:04.673Z DEBUG 4080 --- [upt] [http-nio-8080-exec-8] o.s.web.servlet.DispatcherServlet        : POST "/master/create-director", parameters={masked}
2025-03-04T02:26:04.675Z DEBUG 4080 --- [upt] [http-nio-8080-exec-8] s.w.s.m.m.a.RequestMappingHandlerMapping : Mapped to com.upt.upt.controller.DirectorUnitController#createDirector(Map, HttpSession)
2025-03-04T02:26:04.844Z DEBUG 4080 --- [upt] [http-nio-8080-exec-8] o.s.web.servlet.view.RedirectView        : View name [redirect:], model {}
2025-03-04T02:26:04.846Z DEBUG 4080 --- [upt] [http-nio-8080-exec-8] o.s.web.servlet.DispatcherServlet        : Completed 302 FOUND
2025-03-04T02:26:04.857Z DEBUG 4080 --- [upt] [http-nio-8080-exec-5] o.s.web.servlet.DispatcherServlet        : GET "/master", parameters={}
2025-03-04T02:26:04.859Z DEBUG 4080 --- [upt] [http-nio-8080-exec-5] s.w.s.m.m.a.RequestMappingHandlerMapping : Mapped to com.upt.upt.controller.MasterUnitController#listDirectorsMastersAndRooms(Model, HttpSession)
2025-03-04T02:26:04.923Z DEBUG 4080 --- [upt] [http-nio-8080-exec-5] o.s.w.s.v.ContentNegotiatingViewResolver : Selected 'text/html' given [text/html, application/xhtml+xml, image/avif, image/webp, image/apng, application/xml;q=0.9, */*;q=0.8, application/signed-exchange;v=b3;q=0.7]
2025-03-04T02:26:05.019Z DEBUG 4080 --- [upt] [http-nio-8080-exec-5] o.s.web.servlet.DispatcherServlet        : Completed 200 OK
2025-03-04T02:26:05.036Z DEBUG 4080 --- [upt] [http-nio-8080-exec-1] o.s.web.servlet.DispatcherServlet        : GET "/images/upt-logo.png", parameters={}
2025-03-04T02:26:05.039Z DEBUG 4080 --- [upt] [http-nio-8080-exec-1] o.s.w.s.handler.SimpleUrlHandlerMapping  : Mapped to ResourceHttpRequestHandler [classpath [META-INF/resources/], classpath [resources/], classpath [static/], classpath [public/], ServletContext [/]]
2025-03-04T02:26:05.044Z DEBUG 4080 --- [upt] [http-nio-8080-exec-1] o.s.web.servlet.DispatcherServlet        : Completed 304 NOT_MODIFIED
2025-03-04T02:26:08.893Z DEBUG 4080 --- [upt] [http-nio-8080-exec-6] o.s.web.servlet.DispatcherServlet        : GET "/logout", parameters={}
2025-03-04T02:26:08.895Z DEBUG 4080 --- [upt] [http-nio-8080-exec-6] s.w.s.m.m.a.RequestMappingHandlerMapping : Mapped to com.upt.upt.UptWebController#logout(HttpSession)
2025-03-04T02:26:08.900Z DEBUG 4080 --- [upt] [http-nio-8080-exec-6] o.s.web.servlet.view.RedirectView        : View name [redirect:], model {}
2025-03-04T02:26:08.905Z DEBUG 4080 --- [upt] [http-nio-8080-exec-6] o.s.web.servlet.DispatcherServlet        : Completed 302 FOUND
2025-03-04T02:26:08.920Z DEBUG 4080 --- [upt] [http-nio-8080-exec-10] o.s.web.servlet.DispatcherServlet        : GET "/login", parameters={}
2025-03-04T02:26:08.922Z DEBUG 4080 --- [upt] [http-nio-8080-exec-10] s.w.s.m.m.a.RequestMappingHandlerMapping : Mapped to com.upt.upt.UptWebController#login(String, Model)
2025-03-04T02:26:08.924Z DEBUG 4080 --- [upt] [http-nio-8080-exec-10] o.s.w.s.v.ContentNegotiatingViewResolver : Selected 'text/html' given [text/html, application/xhtml+xml, image/avif, image/webp, image/apng, application/xml;q=0.9, */*;q=0.8, application/signed-exchange;v=b3;q=0.7]
2025-03-04T02:26:08.927Z DEBUG 4080 --- [upt] [http-nio-8080-exec-10] o.s.web.servlet.DispatcherServlet        : Completed 200 OK
2025-03-04T02:26:08.972Z DEBUG 4080 --- [upt] [http-nio-8080-exec-4] o.s.web.servlet.DispatcherServlet        : GET "/css/login.css", parameters={}
2025-03-04T02:26:08.974Z DEBUG 4080 --- [upt] [http-nio-8080-exec-4] o.s.w.s.handler.SimpleUrlHandlerMapping  : Mapped to ResourceHttpRequestHandler [classpath [META-INF/resources/], classpath [resources/], classpath [static/], classpath [public/], ServletContext [/]]
2025-03-04T02:26:08.979Z DEBUG 4080 --- [upt] [http-nio-8080-exec-4] o.s.web.servlet.DispatcherServlet        : Completed 304 NOT_MODIFIED
2025-03-04T02:26:08.989Z DEBUG 4080 --- [upt] [http-nio-8080-exec-9] o.s.web.servlet.DispatcherServlet        : GET "/js/login.js", parameters={}
2025-03-04T02:26:08.993Z DEBUG 4080 --- [upt] [http-nio-8080-exec-9] o.s.w.s.handler.SimpleUrlHandlerMapping  : Mapped to ResourceHttpRequestHandler [classpath [META-INF/resources/], classpath [resources/], classpath [static/], classpath [public/], ServletContext [/]]
2025-03-04T02:26:09.004Z DEBUG 4080 --- [upt] [http-nio-8080-exec-9] o.s.web.servlet.DispatcherServlet        : Completed 304 NOT_MODIFIED
2025-03-04T02:26:11.412Z DEBUG 4080 --- [upt] [http-nio-8080-exec-7] o.s.web.servlet.DispatcherServlet        : POST "/validate-login", parameters={masked}
2025-03-04T02:26:11.413Z DEBUG 4080 --- [upt] [http-nio-8080-exec-7] s.w.s.m.m.a.RequestMappingHandlerMapping : Mapped to com.upt.upt.UptWebController#validateLogin(String, String, HttpSession)
2025-03-04T02:26:11.441Z DEBUG 4080 --- [upt] [http-nio-8080-exec-7] o.s.web.servlet.view.RedirectView        : View name [redirect:], model {}
2025-03-04T02:26:11.443Z DEBUG 4080 --- [upt] [http-nio-8080-exec-7] o.s.web.servlet.DispatcherServlet        : Completed 302 FOUND
2025-03-04T02:26:11.450Z DEBUG 4080 --- [upt] [http-nio-8080-exec-2] o.s.web.servlet.DispatcherServlet        : GET "/director", parameters={}
2025-03-04T02:26:11.452Z DEBUG 4080 --- [upt] [http-nio-8080-exec-2] s.w.s.m.m.a.RequestMappingHandlerMapping : Mapped to com.upt.upt.controller.DirectorUnitController#listDirectors(HttpSession, Model)
2025-03-04T02:26:11.481Z DEBUG 4080 --- [upt] [http-nio-8080-exec-2] o.s.w.s.v.ContentNegotiatingViewResolver : Selected 'text/html' given [text/html, application/xhtml+xml, image/avif, image/webp, image/apng, application/xml;q=0.9, */*;q=0.8, application/signed-exchange;v=b3;q=0.7]
2025-03-04T02:26:11.506Z DEBUG 4080 --- [upt] [http-nio-8080-exec-2] o.s.web.servlet.DispatcherServlet        : Completed 200 OK
2025-03-04T02:26:11.554Z DEBUG 4080 --- [upt] [http-nio-8080-exec-8] o.s.web.servlet.DispatcherServlet        : GET "/css/director_index.css", parameters={}
2025-03-04T02:26:11.556Z DEBUG 4080 --- [upt] [http-nio-8080-exec-8] o.s.w.s.handler.SimpleUrlHandlerMapping  : Mapped to ResourceHttpRequestHandler [classpath [META-INF/resources/], classpath [resources/], classpath [static/], classpath [public/], ServletContext [/]]
2025-03-04T02:26:11.564Z DEBUG 4080 --- [upt] [http-nio-8080-exec-8] o.s.web.servlet.DispatcherServlet        : Completed 200 OK
2025-03-04T02:26:15.313Z DEBUG 4080 --- [upt] [http-nio-8080-exec-5] o.s.web.servlet.DispatcherServlet        : GET "/director/create-coordinator", parameters={}
2025-03-04T02:26:15.315Z DEBUG 4080 --- [upt] [http-nio-8080-exec-5] s.w.s.m.m.a.RequestMappingHandlerMapping : Mapped to com.upt.upt.controller.CoordinatorUnitController#createCoordinatorForm(HttpSession, Model)
2025-03-04T02:26:15.333Z DEBUG 4080 --- [upt] [http-nio-8080-exec-5] o.s.w.s.v.ContentNegotiatingViewResolver : Selected 'text/html' given [text/html, application/xhtml+xml, image/avif, image/webp, image/apng, application/xml;q=0.9, */*;q=0.8, application/signed-exchange;v=b3;q=0.7]
2025-03-04T02:26:15.343Z DEBUG 4080 --- [upt] [http-nio-8080-exec-5] o.s.web.servlet.DispatcherServlet        : Completed 200 OK
2025-03-04T02:26:15.395Z DEBUG 4080 --- [upt] [http-nio-8080-exec-1] o.s.web.servlet.DispatcherServlet        : GET "/css/director_addCoordinatorr.css", parameters={}
2025-03-04T02:26:15.398Z DEBUG 4080 --- [upt] [http-nio-8080-exec-1] o.s.w.s.handler.SimpleUrlHandlerMapping  : Mapped to ResourceHttpRequestHandler [classpath [META-INF/resources/], classpath [resources/], classpath [static/], classpath [public/], ServletContext [/]]
2025-03-04T02:26:15.406Z DEBUG 4080 --- [upt] [http-nio-8080-exec-1] o.s.web.servlet.DispatcherServlet        : Completed 200 OK
2025-03-04T02:26:32.429Z DEBUG 4080 --- [upt] [http-nio-8080-exec-10] o.s.web.servlet.DispatcherServlet        : POST "/director/create-coordinator", parameters={masked}
2025-03-04T02:26:32.433Z DEBUG 4080 --- [upt] [http-nio-8080-exec-10] s.w.s.m.m.a.RequestMappingHandlerMapping : Mapped to com.upt.upt.controller.CoordinatorUnitController#saveCoordinator(CoordinatorUnit, HttpSession)
2025-03-04T02:26:32.476Z DEBUG 4080 --- [upt] [http-nio-8080-exec-10] o.s.web.servlet.view.RedirectView        : View name [redirect:], model {}
2025-03-04T02:26:32.477Z DEBUG 4080 --- [upt] [http-nio-8080-exec-10] o.s.web.servlet.DispatcherServlet        : Completed 302 FOUND
2025-03-04T02:26:32.487Z DEBUG 4080 --- [upt] [http-nio-8080-exec-4] o.s.web.servlet.DispatcherServlet        : GET "/director/create-coordinator?yearError=No%20year%20created.%20Please%20create%20a%20year%20first.", parameters={masked}
2025-03-04T02:26:32.489Z DEBUG 4080 --- [upt] [http-nio-8080-exec-4] s.w.s.m.m.a.RequestMappingHandlerMapping : Mapped to com.upt.upt.controller.CoordinatorUnitController#createCoordinatorForm(HttpSession, Model)
2025-03-04T02:26:32.499Z DEBUG 4080 --- [upt] [http-nio-8080-exec-4] o.s.w.s.v.ContentNegotiatingViewResolver : Selected 'text/html' given [text/html, application/xhtml+xml, image/avif, image/webp, image/apng, application/xml;q=0.9, */*;q=0.8, application/signed-exchange;v=b3;q=0.7]
2025-03-04T02:26:32.507Z DEBUG 4080 --- [upt] [http-nio-8080-exec-4] o.s.web.servlet.DispatcherServlet        : Completed 200 OK
2025-03-04T02:26:32.563Z DEBUG 4080 --- [upt] [http-nio-8080-exec-9] o.s.web.servlet.DispatcherServlet        : GET "/images/upt-logo.png", parameters={}
2025-03-04T02:26:32.565Z DEBUG 4080 --- [upt] [http-nio-8080-exec-9] o.s.w.s.handler.SimpleUrlHandlerMapping  : Mapped to ResourceHttpRequestHandler [classpath [META-INF/resources/], classpath [resources/], classpath [static/], classpath [public/], ServletContext [/]]
2025-03-04T02:26:32.568Z DEBUG 4080 --- [upt] [http-nio-8080-exec-9] o.s.web.servlet.DispatcherServlet        : Completed 304 NOT_MODIFIED
2025-03-04T02:26:36.164Z DEBUG 4080 --- [upt] [http-nio-8080-exec-7] o.s.web.servlet.DispatcherServlet        : GET "/director", parameters={}
2025-03-04T02:26:36.166Z DEBUG 4080 --- [upt] [http-nio-8080-exec-7] s.w.s.m.m.a.RequestMappingHandlerMapping : Mapped to com.upt.upt.controller.DirectorUnitController#listDirectors(HttpSession, Model)
2025-03-04T02:26:36.195Z DEBUG 4080 --- [upt] [http-nio-8080-exec-7] o.s.w.s.v.ContentNegotiatingViewResolver : Selected 'text/html' given [text/html, application/xhtml+xml, image/avif, image/webp, image/apng, application/xml;q=0.9, */*;q=0.8, application/signed-exchange;v=b3;q=0.7]
2025-03-04T02:26:36.210Z DEBUG 4080 --- [upt] [http-nio-8080-exec-7] o.s.web.servlet.DispatcherServlet        : Completed 200 OK
2025-03-04T02:26:39.905Z DEBUG 4080 --- [upt] [http-nio-8080-exec-8] o.s.web.servlet.DispatcherServlet        : GET "/director/create-year", parameters={}
2025-03-04T02:26:39.908Z DEBUG 4080 --- [upt] [http-nio-8080-exec-8] s.w.s.m.m.a.RequestMappingHandlerMapping : Mapped to com.upt.upt.controller.YearUnitController#newYearForm(HttpSession, Model)
2025-03-04T02:26:39.919Z DEBUG 4080 --- [upt] [http-nio-8080-exec-8] o.s.w.s.v.ContentNegotiatingViewResolver : Selected 'text/html' given [text/html, application/xhtml+xml, image/avif, image/webp, image/apng, application/xml;q=0.9, */*;q=0.8, application/signed-exchange;v=b3;q=0.7]
2025-03-04T02:26:39.952Z DEBUG 4080 --- [upt] [http-nio-8080-exec-8] o.s.web.servlet.DispatcherServlet        : Completed 200 OK
2025-03-04T02:26:40.007Z DEBUG 4080 --- [upt] [http-nio-8080-exec-5] o.s.web.servlet.DispatcherServlet        : GET "/css/director_newYear.css?v=1.0", parameters={masked}
2025-03-04T02:26:40.010Z DEBUG 4080 --- [upt] [http-nio-8080-exec-5] o.s.w.s.handler.SimpleUrlHandlerMapping  : Mapped to ResourceHttpRequestHandler [classpath [META-INF/resources/], classpath [resources/], classpath [static/], classpath [public/], ServletContext [/]]
2025-03-04T02:26:40.017Z DEBUG 4080 --- [upt] [http-nio-8080-exec-5] o.s.web.servlet.DispatcherServlet        : Completed 200 OK
2025-03-04T02:26:41.788Z DEBUG 4080 --- [upt] [http-nio-8080-exec-1] o.s.web.servlet.DispatcherServlet        : GET "/director", parameters={}
2025-03-04T02:26:41.790Z DEBUG 4080 --- [upt] [http-nio-8080-exec-1] s.w.s.m.m.a.RequestMappingHandlerMapping : Mapped to com.upt.upt.controller.DirectorUnitController#listDirectors(HttpSession, Model)
2025-03-04T02:26:41.820Z DEBUG 4080 --- [upt] [http-nio-8080-exec-1] o.s.w.s.v.ContentNegotiatingViewResolver : Selected 'text/html' given [text/html, application/xhtml+xml, image/avif, image/webp, image/apng, application/xml;q=0.9, */*;q=0.8, application/signed-exchange;v=b3;q=0.7]
2025-03-04T02:26:41.829Z DEBUG 4080 --- [upt] [http-nio-8080-exec-1] o.s.web.servlet.DispatcherServlet        : Completed 200 OK
2025-03-04T02:26:41.881Z DEBUG 4080 --- [upt] [http-nio-8080-exec-6] o.s.web.servlet.DispatcherServlet        : GET "/css/director_index.css", parameters={}
2025-03-04T02:26:41.887Z DEBUG 4080 --- [upt] [http-nio-8080-exec-6] o.s.w.s.handler.SimpleUrlHandlerMapping  : Mapped to ResourceHttpRequestHandler [classpath [META-INF/resources/], classpath [resources/], classpath [static/], classpath [public/], ServletContext [/]]
2025-03-04T02:26:41.891Z DEBUG 4080 --- [upt] [http-nio-8080-exec-6] o.s.web.servlet.DispatcherServlet        : Completed 304 NOT_MODIFIED
2025-03-04T12:06:33.666Z  INFO 3796 --- [upt] [main] com.upt.upt.UptWebApplication            : Starting UptWebApplication using Java 17.0.12 with PID 3796 (C:\Users\Sistrade\Documentos\Faculdade\3º Ano GAB\1º sem\QualidadeSoftware\GRUPO 5_ProjetoFinal_QS\UptQSProject\build\classes\java\main started by Sistrade in C:\Users\Sistrade\Documentos\Faculdade\3º Ano GAB\1º sem\QualidadeSoftware\GRUPO 5_ProjetoFinal_QS\UptQSProject)
2025-03-04T12:06:33.680Z DEBUG 3796 --- [upt] [main] com.upt.upt.UptWebApplication            : Running with Spring Boot v3.3.5, Spring v6.1.14
2025-03-04T12:06:33.684Z  INFO 3796 --- [upt] [main] com.upt.upt.UptWebApplication            : No active profile set, falling back to 1 default profile: "default"
2025-03-04T12:06:37.032Z  INFO 3796 --- [upt] [main] .s.d.r.c.RepositoryConfigurationDelegate : Bootstrapping Spring Data JPA repositories in DEFAULT mode.
2025-03-04T12:06:37.274Z  INFO 3796 --- [upt] [main] .s.d.r.c.RepositoryConfigurationDelegate : Finished Spring Data repository scanning in 214 ms. Found 9 JPA repository interfaces.
2025-03-04T12:06:39.307Z  INFO 3796 --- [upt] [main] o.s.b.w.embedded.tomcat.TomcatWebServer  : Tomcat initialized with port 8080 (http)
2025-03-04T12:06:39.353Z  INFO 3796 --- [upt] [main] o.apache.catalina.core.StandardService   : Starting service [Tomcat]
2025-03-04T12:06:39.354Z  INFO 3796 --- [upt] [main] o.apache.catalina.core.StandardEngine    : Starting Servlet engine: [Apache Tomcat/10.1.31]
2025-03-04T12:06:39.849Z  INFO 3796 --- [upt] [main] o.a.c.c.C.[Tomcat].[localhost].[/]       : Initializing Spring embedded WebApplicationContext
2025-03-04T12:06:39.857Z  INFO 3796 --- [upt] [main] w.s.c.ServletWebServerApplicationContext : Root WebApplicationContext: initialization completed in 5992 ms
2025-03-04T12:06:41.121Z  INFO 3796 --- [upt] [main] o.hibernate.jpa.internal.util.LogHelper  : HHH000204: Processing PersistenceUnitInfo [name: default]
2025-03-04T12:06:41.600Z  INFO 3796 --- [upt] [main] org.hibernate.Version                    : HHH000412: Hibernate ORM core version 6.5.3.Final
2025-03-04T12:06:41.791Z  INFO 3796 --- [upt] [main] o.h.c.internal.RegionFactoryInitiator    : HHH000026: Second-level cache disabled
2025-03-04T12:06:42.900Z  INFO 3796 --- [upt] [main] o.s.o.j.p.SpringPersistenceUnitInfo      : No LoadTimeWeaver setup: ignoring JPA class transformer
2025-03-04T12:06:43.051Z  INFO 3796 --- [upt] [main] com.zaxxer.hikari.HikariDataSource       : HikariPool-1 - Starting...
2025-03-04T12:06:43.945Z  INFO 3796 --- [upt] [main] com.zaxxer.hikari.pool.HikariPool        : HikariPool-1 - Added connection com.mysql.cj.jdbc.ConnectionImpl@3562e7c7
2025-03-04T12:06:43.949Z  INFO 3796 --- [upt] [main] com.zaxxer.hikari.HikariDataSource       : HikariPool-1 - Start completed.
2025-03-04T12:06:44.085Z  WARN 3796 --- [upt] [main] org.hibernate.orm.deprecation            : HHH90000025: MySQL8Dialect does not need to be specified explicitly using 'hibernate.dialect' (remove the property setting and it will be selected by default)
2025-03-04T12:06:44.091Z  WARN 3796 --- [upt] [main] org.hibernate.orm.deprecation            : HHH90000026: MySQL8Dialect has been deprecated; use org.hibernate.dialect.MySQLDialect instead
2025-03-04T12:06:48.444Z  INFO 3796 --- [upt] [main] o.h.e.t.j.p.i.JtaPlatformInitiator       : HHH000489: No JTA platform available (set 'hibernate.transaction.jta.platform' to enable JTA platform integration)
2025-03-04T12:06:48.860Z  INFO 3796 --- [upt] [main] j.LocalContainerEntityManagerFactoryBean : Initialized JPA EntityManagerFactory for persistence unit 'default'
2025-03-04T12:06:52.021Z  WARN 3796 --- [upt] [main] JpaBaseConfiguration$JpaWebConfiguration : spring.jpa.open-in-view is enabled by default. Therefore, database queries may be performed during view rendering. Explicitly configure spring.jpa.open-in-view to disable this warning
2025-03-04T12:06:52.842Z DEBUG 3796 --- [upt] [main] s.w.s.m.m.a.RequestMappingHandlerMapping : 69 mappings in 'requestMappingHandlerMapping'
2025-03-04T12:06:53.300Z DEBUG 3796 --- [upt] [main] o.s.w.s.handler.SimpleUrlHandlerMapping  : Patterns [/webjars/**, /**] in 'resourceHandlerMapping'
2025-03-04T12:06:53.527Z DEBUG 3796 --- [upt] [main] s.w.s.m.m.a.RequestMappingHandlerAdapter : ControllerAdvice beans: 0 @ModelAttribute, 0 @InitBinder, 1 RequestBodyAdvice, 1 ResponseBodyAdvice
2025-03-04T12:06:53.775Z DEBUG 3796 --- [upt] [main] .m.m.a.ExceptionHandlerExceptionResolver : ControllerAdvice beans: 0 @ExceptionHandler, 1 ResponseBodyAdvice
2025-03-04T12:06:55.151Z  INFO 3796 --- [upt] [main] o.s.b.w.embedded.tomcat.TomcatWebServer  : Tomcat started on port 8080 (http) with context path '/'
2025-03-04T12:06:55.289Z  INFO 3796 --- [upt] [main] com.upt.upt.UptWebApplication            : Started UptWebApplication in 23.409 seconds (process running for 24.419)
2025-03-04T12:06:56.002Z  INFO 3796 --- [upt] [http-nio-8080-exec-3] o.a.c.c.C.[Tomcat].[localhost].[/]       : Initializing Spring DispatcherServlet 'dispatcherServlet'
2025-03-04T12:06:56.007Z  INFO 3796 --- [upt] [http-nio-8080-exec-3] o.s.web.servlet.DispatcherServlet        : Initializing Servlet 'dispatcherServlet'
2025-03-04T12:06:56.009Z DEBUG 3796 --- [upt] [http-nio-8080-exec-3] o.s.web.servlet.DispatcherServlet        : Detected StandardServletMultipartResolver
2025-03-04T12:06:56.022Z DEBUG 3796 --- [upt] [http-nio-8080-exec-3] o.s.web.servlet.DispatcherServlet        : Detected AcceptHeaderLocaleResolver
2025-03-04T12:06:56.027Z DEBUG 3796 --- [upt] [http-nio-8080-exec-3] o.s.web.servlet.DispatcherServlet        : Detected FixedThemeResolver
2025-03-04T12:06:56.031Z DEBUG 3796 --- [upt] [http-nio-8080-exec-3] o.s.web.servlet.DispatcherServlet        : Detected org.springframework.web.servlet.view.DefaultRequestToViewNameTranslator@1d6ed085
2025-03-04T12:06:56.042Z DEBUG 3796 --- [upt] [http-nio-8080-exec-3] o.s.web.servlet.DispatcherServlet        : Detected org.springframework.web.servlet.support.SessionFlashMapManager@69c335c4
2025-03-04T12:06:56.045Z DEBUG 3796 --- [upt] [http-nio-8080-exec-3] o.s.web.servlet.DispatcherServlet        : enableLoggingRequestDetails='false': request parameters and headers will be masked to prevent unsafe logging of potentially sensitive data
2025-03-04T12:06:56.075Z  INFO 3796 --- [upt] [http-nio-8080-exec-3] o.s.web.servlet.DispatcherServlet        : Completed initialization in 52 ms
2025-03-04T12:06:56.163Z DEBUG 3796 --- [upt] [http-nio-8080-exec-3] o.s.web.servlet.DispatcherServlet        : GET "/master", parameters={}
2025-03-04T12:06:56.227Z DEBUG 3796 --- [upt] [http-nio-8080-exec-3] s.w.s.m.m.a.RequestMappingHandlerMapping : Mapped to com.upt.upt.controller.MasterUnitController#listDirectorsMastersAndRooms(Model, HttpSession)
2025-03-04T12:06:56.476Z DEBUG 3796 --- [upt] [http-nio-8080-exec-3] o.s.web.servlet.view.RedirectView        : View name [redirect:], model {}
2025-03-04T12:06:56.484Z DEBUG 3796 --- [upt] [http-nio-8080-exec-3] o.s.web.servlet.DispatcherServlet        : Completed 302 FOUND
2025-03-04T12:06:56.529Z DEBUG 3796 --- [upt] [http-nio-8080-exec-2] o.s.web.servlet.DispatcherServlet        : GET "/login?error=Unauthorized%20access", parameters={masked}
2025-03-04T12:06:56.536Z DEBUG 3796 --- [upt] [http-nio-8080-exec-2] s.w.s.m.m.a.RequestMappingHandlerMapping : Mapped to com.upt.upt.UptWebController#login(String, Model)
2025-03-04T12:06:56.608Z DEBUG 3796 --- [upt] [http-nio-8080-exec-2] o.s.w.s.v.ContentNegotiatingViewResolver : Selected 'text/html' given [text/html, application/xhtml+xml, image/avif, image/webp, image/apng, application/xml;q=0.9, */*;q=0.8, application/signed-exchange;v=b3;q=0.7]
2025-03-04T12:06:57.675Z DEBUG 3796 --- [upt] [http-nio-8080-exec-2] o.s.web.servlet.DispatcherServlet        : Completed 200 OK
2025-03-04T12:06:57.755Z DEBUG 3796 --- [upt] [http-nio-8080-exec-1] o.s.web.servlet.DispatcherServlet        : GET "/images/upt-logo.png", parameters={}
2025-03-04T12:06:57.757Z DEBUG 3796 --- [upt] [http-nio-8080-exec-10] o.s.web.servlet.DispatcherServlet        : GET "/js/login.js", parameters={}
2025-03-04T12:06:57.744Z DEBUG 3796 --- [upt] [http-nio-8080-exec-6] o.s.web.servlet.DispatcherServlet        : GET "/css/login.css", parameters={}
2025-03-04T12:06:57.821Z DEBUG 3796 --- [upt] [http-nio-8080-exec-10] o.s.w.s.handler.SimpleUrlHandlerMapping  : Mapped to ResourceHttpRequestHandler [classpath [META-INF/resources/], classpath [resources/], classpath [static/], classpath [public/], ServletContext [/]]
2025-03-04T12:06:57.821Z DEBUG 3796 --- [upt] [http-nio-8080-exec-1] o.s.w.s.handler.SimpleUrlHandlerMapping  : Mapped to ResourceHttpRequestHandler [classpath [META-INF/resources/], classpath [resources/], classpath [static/], classpath [public/], ServletContext [/]]
2025-03-04T12:06:57.821Z DEBUG 3796 --- [upt] [http-nio-8080-exec-6] o.s.w.s.handler.SimpleUrlHandlerMapping  : Mapped to ResourceHttpRequestHandler [classpath [META-INF/resources/], classpath [resources/], classpath [static/], classpath [public/], ServletContext [/]]
2025-03-04T12:06:57.835Z DEBUG 3796 --- [upt] [http-nio-8080-exec-10] o.s.web.servlet.DispatcherServlet        : Completed 304 NOT_MODIFIED
2025-03-04T12:06:57.838Z DEBUG 3796 --- [upt] [http-nio-8080-exec-6] o.s.web.servlet.DispatcherServlet        : Completed 304 NOT_MODIFIED
2025-03-04T12:06:57.835Z DEBUG 3796 --- [upt] [http-nio-8080-exec-1] o.s.web.servlet.DispatcherServlet        : Completed 304 NOT_MODIFIED
2025-03-04T12:07:04.349Z DEBUG 3796 --- [upt] [http-nio-8080-exec-7] o.s.web.servlet.DispatcherServlet        : POST "/validate-login", parameters={masked}
2025-03-04T12:07:04.350Z DEBUG 3796 --- [upt] [http-nio-8080-exec-7] s.w.s.m.m.a.RequestMappingHandlerMapping : Mapped to com.upt.upt.UptWebController#validateLogin(String, String, HttpSession)
2025-03-04T12:07:04.844Z DEBUG 3796 --- [upt] [http-nio-8080-exec-7] o.s.web.servlet.view.RedirectView        : View name [redirect:], model {}
2025-03-04T12:07:04.846Z DEBUG 3796 --- [upt] [http-nio-8080-exec-7] o.s.web.servlet.DispatcherServlet        : Completed 302 FOUND
2025-03-04T12:07:04.853Z DEBUG 3796 --- [upt] [http-nio-8080-exec-8] o.s.web.servlet.DispatcherServlet        : GET "/master", parameters={}
2025-03-04T12:07:04.854Z DEBUG 3796 --- [upt] [http-nio-8080-exec-8] s.w.s.m.m.a.RequestMappingHandlerMapping : Mapped to com.upt.upt.controller.MasterUnitController#listDirectorsMastersAndRooms(Model, HttpSession)
2025-03-04T12:07:04.973Z DEBUG 3796 --- [upt] [http-nio-8080-exec-8] o.s.w.s.v.ContentNegotiatingViewResolver : Selected 'text/html' given [text/html, application/xhtml+xml, image/avif, image/webp, image/apng, application/xml;q=0.9, */*;q=0.8, application/signed-exchange;v=b3;q=0.7]
2025-03-04T12:07:05.113Z DEBUG 3796 --- [upt] [http-nio-8080-exec-3] o.s.web.servlet.DispatcherServlet        : GET "/css/master_index.css?v=0", parameters={masked}
2025-03-04T12:07:05.123Z DEBUG 3796 --- [upt] [http-nio-8080-exec-3] o.s.w.s.handler.SimpleUrlHandlerMapping  : Mapped to ResourceHttpRequestHandler [classpath [META-INF/resources/], classpath [resources/], classpath [static/], classpath [public/], ServletContext [/]]
2025-03-04T12:07:05.135Z DEBUG 3796 --- [upt] [http-nio-8080-exec-3] o.s.web.servlet.DispatcherServlet        : Completed 304 NOT_MODIFIED
2025-03-04T12:07:05.175Z DEBUG 3796 --- [upt] [http-nio-8080-exec-8] o.s.web.servlet.DispatcherServlet        : Completed 200 OK
2025-03-04T12:07:08.491Z DEBUG 3796 --- [upt] [http-nio-8080-exec-1] o.s.web.servlet.DispatcherServlet        : GET "/logout", parameters={}
2025-03-04T12:07:08.493Z DEBUG 3796 --- [upt] [http-nio-8080-exec-1] s.w.s.m.m.a.RequestMappingHandlerMapping : Mapped to com.upt.upt.UptWebController#logout(HttpSession)
2025-03-04T12:07:08.497Z DEBUG 3796 --- [upt] [http-nio-8080-exec-1] o.s.web.servlet.view.RedirectView        : View name [redirect:], model {}
2025-03-04T12:07:08.498Z DEBUG 3796 --- [upt] [http-nio-8080-exec-1] o.s.web.servlet.DispatcherServlet        : Completed 302 FOUND
2025-03-04T12:07:08.506Z DEBUG 3796 --- [upt] [http-nio-8080-exec-6] o.s.web.servlet.DispatcherServlet        : GET "/login", parameters={}
2025-03-04T12:07:08.506Z DEBUG 3796 --- [upt] [http-nio-8080-exec-6] s.w.s.m.m.a.RequestMappingHandlerMapping : Mapped to com.upt.upt.UptWebController#login(String, Model)
2025-03-04T12:07:08.509Z DEBUG 3796 --- [upt] [http-nio-8080-exec-6] o.s.w.s.v.ContentNegotiatingViewResolver : Selected 'text/html' given [text/html, application/xhtml+xml, image/avif, image/webp, image/apng, application/xml;q=0.9, */*;q=0.8, application/signed-exchange;v=b3;q=0.7]
2025-03-04T12:07:08.513Z DEBUG 3796 --- [upt] [http-nio-8080-exec-6] o.s.web.servlet.DispatcherServlet        : Completed 200 OK
2025-03-04T12:07:16.420Z DEBUG 3796 --- [upt] [http-nio-8080-exec-4] o.s.web.servlet.DispatcherServlet        : POST "/validate-login", parameters={masked}
2025-03-04T12:07:16.421Z DEBUG 3796 --- [upt] [http-nio-8080-exec-4] s.w.s.m.m.a.RequestMappingHandlerMapping : Mapped to com.upt.upt.UptWebController#validateLogin(String, String, HttpSession)
2025-03-04T12:07:16.452Z DEBUG 3796 --- [upt] [http-nio-8080-exec-4] o.s.web.servlet.view.RedirectView        : View name [redirect:], model {}
2025-03-04T12:07:16.452Z DEBUG 3796 --- [upt] [http-nio-8080-exec-4] o.s.web.servlet.DispatcherServlet        : Completed 302 FOUND
2025-03-04T12:07:16.461Z DEBUG 3796 --- [upt] [http-nio-8080-exec-5] o.s.web.servlet.DispatcherServlet        : GET "/login?error=Invalid%20credentials", parameters={masked}
2025-03-04T12:07:16.462Z DEBUG 3796 --- [upt] [http-nio-8080-exec-5] s.w.s.m.m.a.RequestMappingHandlerMapping : Mapped to com.upt.upt.UptWebController#login(String, Model)
2025-03-04T12:07:16.464Z DEBUG 3796 --- [upt] [http-nio-8080-exec-5] o.s.w.s.v.ContentNegotiatingViewResolver : Selected 'text/html' given [text/html, application/xhtml+xml, image/avif, image/webp, image/apng, application/xml;q=0.9, */*;q=0.8, application/signed-exchange;v=b3;q=0.7]
2025-03-04T12:07:16.466Z DEBUG 3796 --- [upt] [http-nio-8080-exec-5] o.s.web.servlet.DispatcherServlet        : Completed 200 OK
2025-03-04T12:07:19.452Z DEBUG 3796 --- [upt] [http-nio-8080-exec-7] o.s.web.servlet.DispatcherServlet        : POST "/validate-login", parameters={masked}
2025-03-04T12:07:19.453Z DEBUG 3796 --- [upt] [http-nio-8080-exec-7] s.w.s.m.m.a.RequestMappingHandlerMapping : Mapped to com.upt.upt.UptWebController#validateLogin(String, String, HttpSession)
2025-03-04T12:07:19.474Z DEBUG 3796 --- [upt] [http-nio-8080-exec-7] o.s.web.servlet.view.RedirectView        : View name [redirect:], model {}
2025-03-04T12:07:19.475Z DEBUG 3796 --- [upt] [http-nio-8080-exec-7] o.s.web.servlet.DispatcherServlet        : Completed 302 FOUND
2025-03-04T12:07:19.481Z DEBUG 3796 --- [upt] [http-nio-8080-exec-3] o.s.web.servlet.DispatcherServlet        : GET "/director", parameters={}
2025-03-04T12:07:19.481Z DEBUG 3796 --- [upt] [http-nio-8080-exec-3] s.w.s.m.m.a.RequestMappingHandlerMapping : Mapped to com.upt.upt.controller.DirectorUnitController#listDirectors(HttpSession, Model)
2025-03-04T12:07:19.537Z DEBUG 3796 --- [upt] [http-nio-8080-exec-3] o.s.w.s.v.ContentNegotiatingViewResolver : Selected 'text/html' given [text/html, application/xhtml+xml, image/avif, image/webp, image/apng, application/xml;q=0.9, */*;q=0.8, application/signed-exchange;v=b3;q=0.7]
2025-03-04T12:07:19.561Z DEBUG 3796 --- [upt] [http-nio-8080-exec-3] o.s.web.servlet.DispatcherServlet        : Completed 200 OK
2025-03-04T12:07:19.594Z DEBUG 3796 --- [upt] [http-nio-8080-exec-8] o.s.web.servlet.DispatcherServlet        : GET "/css/director_index.css", parameters={}
2025-03-04T12:07:19.596Z DEBUG 3796 --- [upt] [http-nio-8080-exec-8] o.s.w.s.handler.SimpleUrlHandlerMapping  : Mapped to ResourceHttpRequestHandler [classpath [META-INF/resources/], classpath [resources/], classpath [static/], classpath [public/], ServletContext [/]]
2025-03-04T12:07:19.602Z DEBUG 3796 --- [upt] [http-nio-8080-exec-8] o.s.web.servlet.DispatcherServlet        : Completed 304 NOT_MODIFIED
2025-03-04T12:07:24.527Z DEBUG 3796 --- [upt] [http-nio-8080-exec-2] o.s.web.servlet.DispatcherServlet        : GET "/director/create-year", parameters={}
2025-03-04T12:07:24.529Z DEBUG 3796 --- [upt] [http-nio-8080-exec-2] s.w.s.m.m.a.RequestMappingHandlerMapping : Mapped to com.upt.upt.controller.YearUnitController#newYearForm(HttpSession, Model)
2025-03-04T12:07:24.534Z DEBUG 3796 --- [upt] [http-nio-8080-exec-2] o.s.w.s.v.ContentNegotiatingViewResolver : Selected 'text/html' given [text/html, application/xhtml+xml, image/avif, image/webp, image/apng, application/xml;q=0.9, */*;q=0.8, application/signed-exchange;v=b3;q=0.7]
2025-03-04T12:07:24.550Z DEBUG 3796 --- [upt] [http-nio-8080-exec-2] o.s.web.servlet.DispatcherServlet        : Completed 200 OK
2025-03-04T12:07:24.694Z DEBUG 3796 --- [upt] [http-nio-8080-exec-10] o.s.web.servlet.DispatcherServlet        : GET "/css/director_newYear.css?v=1.0", parameters={masked}
2025-03-04T12:07:24.699Z DEBUG 3796 --- [upt] [http-nio-8080-exec-10] o.s.w.s.handler.SimpleUrlHandlerMapping  : Mapped to ResourceHttpRequestHandler [classpath [META-INF/resources/], classpath [resources/], classpath [static/], classpath [public/], ServletContext [/]]
2025-03-04T12:07:24.714Z DEBUG 3796 --- [upt] [http-nio-8080-exec-10] o.s.web.servlet.DispatcherServlet        : Completed 304 NOT_MODIFIED
2025-03-04T12:09:48.080Z DEBUG 3796 --- [upt] [http-nio-8080-exec-6] o.s.web.servlet.DispatcherServlet        : POST "/director/save-year", parameters={masked}
2025-03-04T12:09:48.081Z DEBUG 3796 --- [upt] [http-nio-8080-exec-6] s.w.s.m.m.a.RequestMappingHandlerMapping : Mapped to com.upt.upt.controller.YearUnitController#saveNewYear(YearUnit, Map, HttpSession, Model)
2025-03-04T12:09:48.406Z DEBUG 3796 --- [upt] [http-nio-8080-exec-6] o.s.web.servlet.view.RedirectView        : View name [redirect:], model {}
2025-03-04T12:09:48.408Z DEBUG 3796 --- [upt] [http-nio-8080-exec-6] o.s.web.servlet.DispatcherServlet        : Completed 302 FOUND
2025-03-04T12:09:48.414Z DEBUG 3796 --- [upt] [http-nio-8080-exec-4] o.s.web.servlet.DispatcherServlet        : GET "/director", parameters={}
2025-03-04T12:09:48.414Z DEBUG 3796 --- [upt] [http-nio-8080-exec-4] s.w.s.m.m.a.RequestMappingHandlerMapping : Mapped to com.upt.upt.controller.DirectorUnitController#listDirectors(HttpSession, Model)
2025-03-04T12:09:48.438Z DEBUG 3796 --- [upt] [http-nio-8080-exec-4] o.s.w.s.v.ContentNegotiatingViewResolver : Selected 'text/html' given [text/html, application/xhtml+xml, image/avif, image/webp, image/apng, application/xml;q=0.9, */*;q=0.8, application/signed-exchange;v=b3;q=0.7]
2025-03-04T12:09:48.449Z DEBUG 3796 --- [upt] [http-nio-8080-exec-4] o.s.web.servlet.DispatcherServlet        : Completed 200 OK
2025-03-04T12:09:51.123Z DEBUG 3796 --- [upt] [http-nio-8080-exec-9] o.s.web.servlet.DispatcherServlet        : GET "/director/viewSemester/16", parameters={}
2025-03-04T12:09:51.126Z DEBUG 3796 --- [upt] [http-nio-8080-exec-9] s.w.s.m.m.a.RequestMappingHandlerMapping : Mapped to com.upt.upt.controller.DirectorUnitController#viewSemesters(Long, Model, HttpSession)
2025-03-04T12:09:51.145Z DEBUG 3796 --- [upt] [http-nio-8080-exec-9] o.s.w.s.v.ContentNegotiatingViewResolver : Selected 'text/html' given [text/html, application/xhtml+xml, image/avif, image/webp, image/apng, application/xml;q=0.9, */*;q=0.8, application/signed-exchange;v=b3;q=0.7]
2025-03-04T12:09:51.165Z DEBUG 3796 --- [upt] [http-nio-8080-exec-9] o.s.web.servlet.DispatcherServlet        : Completed 200 OK
2025-03-04T12:09:51.197Z DEBUG 3796 --- [upt] [http-nio-8080-exec-7] o.s.web.servlet.DispatcherServlet        : GET "/css/director_viewSemester.css", parameters={}
2025-03-04T12:09:51.199Z DEBUG 3796 --- [upt] [http-nio-8080-exec-7] o.s.w.s.handler.SimpleUrlHandlerMapping  : Mapped to ResourceHttpRequestHandler [classpath [META-INF/resources/], classpath [resources/], classpath [static/], classpath [public/], ServletContext [/]]
2025-03-04T12:09:51.223Z DEBUG 3796 --- [upt] [http-nio-8080-exec-7] o.s.web.servlet.DispatcherServlet        : Completed 200 OK
2025-03-04T12:09:53.918Z DEBUG 3796 --- [upt] [http-nio-8080-exec-3] o.s.web.servlet.DispatcherServlet        : GET "/director/ucs/1st/16", parameters={}
2025-03-04T12:09:53.920Z DEBUG 3796 --- [upt] [http-nio-8080-exec-3] s.w.s.m.m.a.RequestMappingHandlerMapping : Mapped to com.upt.upt.controller.DirectorUnitController#viewSemesterUcs(String, Long, Model, HttpSession)
2025-03-04T12:09:53.933Z DEBUG 3796 --- [upt] [http-nio-8080-exec-3] o.s.w.s.v.ContentNegotiatingViewResolver : Selected 'text/html' given [text/html, application/xhtml+xml, image/avif, image/webp, image/apng, application/xml;q=0.9, */*;q=0.8, application/signed-exchange;v=b3;q=0.7]
2025-03-04T12:09:54.011Z DEBUG 3796 --- [upt] [http-nio-8080-exec-3] o.s.web.servlet.DispatcherServlet        : Completed 200 OK
2025-03-04T12:09:54.034Z DEBUG 3796 --- [upt] [http-nio-8080-exec-8] o.s.web.servlet.DispatcherServlet        : GET "/css/director_viewSemesterUcs.css", parameters={}
2025-03-04T12:09:54.036Z DEBUG 3796 --- [upt] [http-nio-8080-exec-8] o.s.w.s.handler.SimpleUrlHandlerMapping  : Mapped to ResourceHttpRequestHandler [classpath [META-INF/resources/], classpath [resources/], classpath [static/], classpath [public/], ServletContext [/]]
2025-03-04T12:09:54.044Z DEBUG 3796 --- [upt] [http-nio-8080-exec-8] o.s.web.servlet.DispatcherServlet        : Completed 200 OK
2025-03-04T12:09:56.300Z DEBUG 3796 --- [upt] [http-nio-8080-exec-2] o.s.web.servlet.DispatcherServlet        : GET "/director/viewSemester/16", parameters={}
2025-03-04T12:09:56.301Z DEBUG 3796 --- [upt] [http-nio-8080-exec-2] s.w.s.m.m.a.RequestMappingHandlerMapping : Mapped to com.upt.upt.controller.DirectorUnitController#viewSemesters(Long, Model, HttpSession)
2025-03-04T12:09:56.318Z DEBUG 3796 --- [upt] [http-nio-8080-exec-2] o.s.w.s.v.ContentNegotiatingViewResolver : Selected 'text/html' given [text/html, application/xhtml+xml, image/avif, image/webp, image/apng, application/xml;q=0.9, */*;q=0.8, application/signed-exchange;v=b3;q=0.7]
2025-03-04T12:09:56.321Z DEBUG 3796 --- [upt] [http-nio-8080-exec-2] o.s.web.servlet.DispatcherServlet        : Completed 200 OK
2025-03-04T12:09:57.664Z DEBUG 3796 --- [upt] [http-nio-8080-exec-10] o.s.web.servlet.DispatcherServlet        : GET "/director/map/1st/16", parameters={}
2025-03-04T12:09:57.666Z DEBUG 3796 --- [upt] [http-nio-8080-exec-10] s.w.s.m.m.a.RequestMappingHandlerMapping : Mapped to com.upt.upt.controller.DirectorUnitController#viewSemesterMap(String, Long, Model, HttpSession)
2025-03-04T12:09:57.693Z DEBUG 3796 --- [upt] [http-nio-8080-exec-10] o.s.w.s.v.ContentNegotiatingViewResolver : Selected 'text/html' given [text/html, application/xhtml+xml, image/avif, image/webp, image/apng, application/xml;q=0.9, */*;q=0.8, application/signed-exchange;v=b3;q=0.7]
2025-03-04T12:09:57.716Z DEBUG 3796 --- [upt] [http-nio-8080-exec-10] o.s.web.servlet.DispatcherServlet        : Completed 200 OK
2025-03-04T12:09:57.753Z DEBUG 3796 --- [upt] [http-nio-8080-exec-1] o.s.web.servlet.DispatcherServlet        : GET "/css/coordinator_map.css", parameters={}
2025-03-04T12:09:57.757Z DEBUG 3796 --- [upt] [http-nio-8080-exec-1] o.s.w.s.handler.SimpleUrlHandlerMapping  : Mapped to ResourceHttpRequestHandler [classpath [META-INF/resources/], classpath [resources/], classpath [static/], classpath [public/], ServletContext [/]]
2025-03-04T12:09:57.769Z DEBUG 3796 --- [upt] [http-nio-8080-exec-1] o.s.web.servlet.DispatcherServlet        : Completed 200 OK
2025-03-04T12:09:59.659Z DEBUG 3796 --- [upt] [http-nio-8080-exec-4] o.s.web.servlet.DispatcherServlet        : GET "/director/viewSemester/16", parameters={}
2025-03-04T12:09:59.661Z DEBUG 3796 --- [upt] [http-nio-8080-exec-4] s.w.s.m.m.a.RequestMappingHandlerMapping : Mapped to com.upt.upt.controller.DirectorUnitController#viewSemesters(Long, Model, HttpSession)
2025-03-04T12:09:59.674Z DEBUG 3796 --- [upt] [http-nio-8080-exec-4] o.s.w.s.v.ContentNegotiatingViewResolver : Selected 'text/html' given [text/html, application/xhtml+xml, image/avif, image/webp, image/apng, application/xml;q=0.9, */*;q=0.8, application/signed-exchange;v=b3;q=0.7]
2025-03-04T12:09:59.678Z DEBUG 3796 --- [upt] [http-nio-8080-exec-4] o.s.web.servlet.DispatcherServlet        : Completed 200 OK
2025-03-04T12:10:01.114Z DEBUG 3796 --- [upt] [http-nio-8080-exec-5] o.s.web.servlet.DispatcherServlet        : GET "/director", parameters={}
2025-03-04T12:10:01.115Z DEBUG 3796 --- [upt] [http-nio-8080-exec-5] s.w.s.m.m.a.RequestMappingHandlerMapping : Mapped to com.upt.upt.controller.DirectorUnitController#listDirectors(HttpSession, Model)
2025-03-04T12:10:01.131Z DEBUG 3796 --- [upt] [http-nio-8080-exec-5] o.s.w.s.v.ContentNegotiatingViewResolver : Selected 'text/html' given [text/html, application/xhtml+xml, image/avif, image/webp, image/apng, application/xml;q=0.9, */*;q=0.8, application/signed-exchange;v=b3;q=0.7]
2025-03-04T12:10:01.140Z DEBUG 3796 --- [upt] [http-nio-8080-exec-5] o.s.web.servlet.DispatcherServlet        : Completed 200 OK
2025-03-04T12:10:04.655Z DEBUG 3796 --- [upt] [http-nio-8080-exec-9] o.s.web.servlet.DispatcherServlet        : GET "/director/create-coordinator", parameters={}
2025-03-04T12:10:04.656Z DEBUG 3796 --- [upt] [http-nio-8080-exec-9] s.w.s.m.m.a.RequestMappingHandlerMapping : Mapped to com.upt.upt.controller.CoordinatorUnitController#createCoordinatorForm(HttpSession, Model)
2025-03-04T12:10:04.669Z DEBUG 3796 --- [upt] [http-nio-8080-exec-9] o.s.w.s.v.ContentNegotiatingViewResolver : Selected 'text/html' given [text/html, application/xhtml+xml, image/avif, image/webp, image/apng, application/xml;q=0.9, */*;q=0.8, application/signed-exchange;v=b3;q=0.7]
2025-03-04T12:10:04.677Z DEBUG 3796 --- [upt] [http-nio-8080-exec-9] o.s.web.servlet.DispatcherServlet        : Completed 200 OK
2025-03-04T12:10:04.714Z DEBUG 3796 --- [upt] [http-nio-8080-exec-7] o.s.web.servlet.DispatcherServlet        : GET "/css/director_addCoordinatorr.css", parameters={}
2025-03-04T12:10:04.716Z DEBUG 3796 --- [upt] [http-nio-8080-exec-7] o.s.w.s.handler.SimpleUrlHandlerMapping  : Mapped to ResourceHttpRequestHandler [classpath [META-INF/resources/], classpath [resources/], classpath [static/], classpath [public/], ServletContext [/]]
2025-03-04T12:10:04.721Z DEBUG 3796 --- [upt] [http-nio-8080-exec-7] o.s.web.servlet.DispatcherServlet        : Completed 304 NOT_MODIFIED
2025-03-04T12:10:35.248Z DEBUG 3796 --- [upt] [http-nio-8080-exec-8] o.s.web.servlet.DispatcherServlet        : POST "/director/create-coordinator", parameters={masked}
2025-03-04T12:10:35.248Z DEBUG 3796 --- [upt] [http-nio-8080-exec-8] s.w.s.m.m.a.RequestMappingHandlerMapping : Mapped to com.upt.upt.controller.CoordinatorUnitController#saveCoordinator(CoordinatorUnit, HttpSession)
2025-03-04T12:10:35.319Z DEBUG 3796 --- [upt] [http-nio-8080-exec-8] o.s.web.servlet.view.RedirectView        : View name [redirect:], model {}
2025-03-04T12:10:35.321Z DEBUG 3796 --- [upt] [http-nio-8080-exec-8] o.s.web.servlet.DispatcherServlet        : Completed 302 FOUND
2025-03-04T12:10:35.327Z DEBUG 3796 --- [upt] [http-nio-8080-exec-2] o.s.web.servlet.DispatcherServlet        : GET "/director", parameters={}
2025-03-04T12:10:35.329Z DEBUG 3796 --- [upt] [http-nio-8080-exec-2] s.w.s.m.m.a.RequestMappingHandlerMapping : Mapped to com.upt.upt.controller.DirectorUnitController#listDirectors(HttpSession, Model)
2025-03-04T12:10:35.340Z DEBUG 3796 --- [upt] [http-nio-8080-exec-2] o.s.w.s.v.ContentNegotiatingViewResolver : Selected 'text/html' given [text/html, application/xhtml+xml, image/avif, image/webp, image/apng, application/xml;q=0.9, */*;q=0.8, application/signed-exchange;v=b3;q=0.7]
2025-03-04T12:10:35.349Z DEBUG 3796 --- [upt] [http-nio-8080-exec-2] o.s.web.servlet.DispatcherServlet        : Completed 200 OK
2025-03-04T12:10:38.572Z DEBUG 3796 --- [upt] [http-nio-8080-exec-1] o.s.web.servlet.DispatcherServlet        : GET "/logout", parameters={}
2025-03-04T12:10:38.573Z DEBUG 3796 --- [upt] [http-nio-8080-exec-1] s.w.s.m.m.a.RequestMappingHandlerMapping : Mapped to com.upt.upt.UptWebController#logout(HttpSession)
2025-03-04T12:10:38.575Z DEBUG 3796 --- [upt] [http-nio-8080-exec-1] o.s.web.servlet.view.RedirectView        : View name [redirect:], model {}
2025-03-04T12:10:38.576Z DEBUG 3796 --- [upt] [http-nio-8080-exec-1] o.s.web.servlet.DispatcherServlet        : Completed 302 FOUND
2025-03-04T12:10:38.583Z DEBUG 3796 --- [upt] [http-nio-8080-exec-6] o.s.web.servlet.DispatcherServlet        : GET "/login", parameters={}
2025-03-04T12:10:38.584Z DEBUG 3796 --- [upt] [http-nio-8080-exec-6] s.w.s.m.m.a.RequestMappingHandlerMapping : Mapped to com.upt.upt.UptWebController#login(String, Model)
2025-03-04T12:10:38.586Z DEBUG 3796 --- [upt] [http-nio-8080-exec-6] o.s.w.s.v.ContentNegotiatingViewResolver : Selected 'text/html' given [text/html, application/xhtml+xml, image/avif, image/webp, image/apng, application/xml;q=0.9, */*;q=0.8, application/signed-exchange;v=b3;q=0.7]
2025-03-04T12:10:38.590Z DEBUG 3796 --- [upt] [http-nio-8080-exec-6] o.s.web.servlet.DispatcherServlet        : Completed 200 OK
2025-03-04T12:10:41.246Z DEBUG 3796 --- [upt] [http-nio-8080-exec-4] o.s.web.servlet.DispatcherServlet        : POST "/validate-login", parameters={masked}
2025-03-04T12:10:41.246Z DEBUG 3796 --- [upt] [http-nio-8080-exec-4] s.w.s.m.m.a.RequestMappingHandlerMapping : Mapped to com.upt.upt.UptWebController#validateLogin(String, String, HttpSession)
2025-03-04T12:10:41.271Z DEBUG 3796 --- [upt] [http-nio-8080-exec-4] o.s.web.servlet.view.RedirectView        : View name [redirect:], model {}
2025-03-04T12:10:41.273Z DEBUG 3796 --- [upt] [http-nio-8080-exec-4] o.s.web.servlet.DispatcherServlet        : Completed 302 FOUND
2025-03-04T12:10:41.278Z DEBUG 3796 --- [upt] [http-nio-8080-exec-5] o.s.web.servlet.DispatcherServlet        : GET "/coordinator", parameters={}
2025-03-04T12:10:41.278Z DEBUG 3796 --- [upt] [http-nio-8080-exec-5] s.w.s.m.m.a.RequestMappingHandlerMapping : Mapped to com.upt.upt.controller.CurricularUnitController#showCourseList(Model, HttpSession)
2025-03-04T12:10:41.324Z DEBUG 3796 --- [upt] [http-nio-8080-exec-5] o.s.w.s.v.ContentNegotiatingViewResolver : Selected 'text/html' given [text/html, application/xhtml+xml, image/avif, image/webp, image/apng, application/xml;q=0.9, */*;q=0.8, application/signed-exchange;v=b3;q=0.7]
2025-03-04T12:10:41.355Z DEBUG 3796 --- [upt] [http-nio-8080-exec-5] o.s.web.servlet.DispatcherServlet        : Completed 200 OK
2025-03-04T12:10:41.394Z DEBUG 3796 --- [upt] [http-nio-8080-exec-9] o.s.web.servlet.DispatcherServlet        : GET "/css/coordinator_index.css?v=0", parameters={masked}
2025-03-04T12:10:41.400Z DEBUG 3796 --- [upt] [http-nio-8080-exec-9] o.s.w.s.handler.SimpleUrlHandlerMapping  : Mapped to ResourceHttpRequestHandler [classpath [META-INF/resources/], classpath [resources/], classpath [static/], classpath [public/], ServletContext [/]]
2025-03-04T12:10:41.412Z DEBUG 3796 --- [upt] [http-nio-8080-exec-9] o.s.web.servlet.DispatcherServlet        : Completed 200 OK
2025-03-04T12:10:47.260Z DEBUG 3796 --- [upt] [http-nio-8080-exec-3] o.s.web.servlet.DispatcherServlet        : GET "/coordinator/create-uc", parameters={}
2025-03-04T12:10:47.262Z DEBUG 3796 --- [upt] [http-nio-8080-exec-3] s.w.s.m.m.a.RequestMappingHandlerMapping : Mapped to com.upt.upt.controller.CurricularUnitController#createUC(HttpSession, Model)
2025-03-04T12:10:47.277Z DEBUG 3796 --- [upt] [http-nio-8080-exec-3] o.s.w.s.v.ContentNegotiatingViewResolver : Selected 'text/html' given [text/html, application/xhtml+xml, image/avif, image/webp, image/apng, application/xml;q=0.9, */*;q=0.8, application/signed-exchange;v=b3;q=0.7]
2025-03-04T12:10:47.306Z DEBUG 3796 --- [upt] [http-nio-8080-exec-3] o.s.web.servlet.DispatcherServlet        : Completed 200 OK
2025-03-04T12:10:47.343Z DEBUG 3796 --- [upt] [http-nio-8080-exec-8] o.s.web.servlet.DispatcherServlet        : GET "/css/coordinator_createUC.css", parameters={}
2025-03-04T12:10:47.345Z DEBUG 3796 --- [upt] [http-nio-8080-exec-8] o.s.w.s.handler.SimpleUrlHandlerMapping  : Mapped to ResourceHttpRequestHandler [classpath [META-INF/resources/], classpath [resources/], classpath [static/], classpath [public/], ServletContext [/]]
2025-03-04T12:10:47.357Z DEBUG 3796 --- [upt] [http-nio-8080-exec-8] o.s.web.servlet.DispatcherServlet        : Completed 200 OK
2025-03-04T12:11:11.427Z DEBUG 3796 --- [upt] [http-nio-8080-exec-10] o.s.web.servlet.DispatcherServlet        : POST "/coordinator/create-uc", parameters={masked}
2025-03-04T12:11:11.428Z DEBUG 3796 --- [upt] [http-nio-8080-exec-10] s.w.s.m.m.a.RequestMappingHandlerMapping : Mapped to com.upt.upt.controller.CurricularUnitController#createCurricularUnit(String, Integer, String, Boolean, Integer, Integer, Integer, HttpSession, Model)
2025-03-04T12:11:11.466Z DEBUG 3796 --- [upt] [http-nio-8080-exec-10] o.s.web.servlet.view.RedirectView        : View name [redirect:], model {}
2025-03-04T12:11:11.467Z DEBUG 3796 --- [upt] [http-nio-8080-exec-10] o.s.web.servlet.DispatcherServlet        : Completed 302 FOUND
2025-03-04T12:11:11.473Z DEBUG 3796 --- [upt] [http-nio-8080-exec-1] o.s.web.servlet.DispatcherServlet        : GET "/coordinator", parameters={}
2025-03-04T12:11:11.475Z DEBUG 3796 --- [upt] [http-nio-8080-exec-1] s.w.s.m.m.a.RequestMappingHandlerMapping : Mapped to com.upt.upt.controller.CurricularUnitController#showCourseList(Model, HttpSession)
2025-03-04T12:11:11.495Z DEBUG 3796 --- [upt] [http-nio-8080-exec-1] o.s.w.s.v.ContentNegotiatingViewResolver : Selected 'text/html' given [text/html, application/xhtml+xml, image/avif, image/webp, image/apng, application/xml;q=0.9, */*;q=0.8, application/signed-exchange;v=b3;q=0.7]
2025-03-04T12:11:11.511Z DEBUG 3796 --- [upt] [http-nio-8080-exec-1] o.s.web.servlet.DispatcherServlet        : Completed 200 OK
2025-03-04T12:11:17.643Z DEBUG 3796 --- [upt] [http-nio-8080-exec-6] o.s.web.servlet.DispatcherServlet        : GET "/coordinator/coordinator_evaluationsUC?id=1", parameters={masked}
2025-03-04T12:11:17.644Z DEBUG 3796 --- [upt] [http-nio-8080-exec-6] s.w.s.m.m.a.RequestMappingHandlerMapping : Mapped to com.upt.upt.controller.CurricularUnitController#evaluationsUCCurricular(Long, Model, HttpSession)
2025-03-04T12:11:17.676Z DEBUG 3796 --- [upt] [http-nio-8080-exec-6] o.s.w.s.v.ContentNegotiatingViewResolver : Selected 'text/html' given [text/html, application/xhtml+xml, image/avif, image/webp, image/apng, application/xml;q=0.9, */*;q=0.8, application/signed-exchange;v=b3;q=0.7]
2025-03-04T12:11:17.694Z DEBUG 3796 --- [upt] [http-nio-8080-exec-6] o.s.web.servlet.DispatcherServlet        : Completed 200 OK
2025-03-04T12:11:17.741Z DEBUG 3796 --- [upt] [http-nio-8080-exec-4] o.s.web.servlet.DispatcherServlet        : GET "/css/coordinator_evaluationsUC.css", parameters={}
2025-03-04T12:11:17.744Z DEBUG 3796 --- [upt] [http-nio-8080-exec-4] o.s.w.s.handler.SimpleUrlHandlerMapping  : Mapped to ResourceHttpRequestHandler [classpath [META-INF/resources/], classpath [resources/], classpath [static/], classpath [public/], ServletContext [/]]
2025-03-04T12:11:17.758Z DEBUG 3796 --- [upt] [http-nio-8080-exec-4] o.s.web.servlet.DispatcherServlet        : Completed 200 OK
2025-03-04T12:11:20.047Z DEBUG 3796 --- [upt] [http-nio-8080-exec-5] o.s.web.servlet.DispatcherServlet        : GET "/coordinator/coordinator_create_evaluation?curricularUnitId=1", parameters={masked}
2025-03-04T12:11:20.048Z DEBUG 3796 --- [upt] [http-nio-8080-exec-5] s.w.s.m.m.a.RequestMappingHandlerMapping : Mapped to com.upt.upt.controller.AssessmentUnitController#createEvaluationPage(Long, Model, String, HttpSession)
2025-03-04T12:11:20.095Z DEBUG 3796 --- [upt] [http-nio-8080-exec-5] o.s.w.s.v.ContentNegotiatingViewResolver : Selected 'text/html' given [text/html, application/xhtml+xml, image/avif, image/webp, image/apng, application/xml;q=0.9, */*;q=0.8, application/signed-exchange;v=b3;q=0.7]
2025-03-04T12:11:20.111Z DEBUG 3796 --- [upt] [http-nio-8080-exec-5] o.s.web.servlet.DispatcherServlet        : Completed 200 OK
2025-03-04T12:11:20.162Z DEBUG 3796 --- [upt] [http-nio-8080-exec-7] o.s.web.servlet.DispatcherServlet        : GET "/js/coordinator_addEvaluations.js", parameters={}
2025-03-04T12:11:20.157Z DEBUG 3796 --- [upt] [http-nio-8080-exec-9] o.s.web.servlet.DispatcherServlet        : GET "/css/coordinator_addEvaluations.css", parameters={}
2025-03-04T12:11:20.171Z DEBUG 3796 --- [upt] [http-nio-8080-exec-9] o.s.w.s.handler.SimpleUrlHandlerMapping  : Mapped to ResourceHttpRequestHandler [classpath [META-INF/resources/], classpath [resources/], classpath [static/], classpath [public/], ServletContext [/]]
2025-03-04T12:11:20.175Z DEBUG 3796 --- [upt] [http-nio-8080-exec-7] o.s.w.s.handler.SimpleUrlHandlerMapping  : Mapped to ResourceHttpRequestHandler [classpath [META-INF/resources/], classpath [resources/], classpath [static/], classpath [public/], ServletContext [/]]
2025-03-04T12:11:20.181Z DEBUG 3796 --- [upt] [http-nio-8080-exec-9] o.s.web.servlet.DispatcherServlet        : Completed 200 OK
2025-03-04T12:11:20.195Z DEBUG 3796 --- [upt] [http-nio-8080-exec-7] o.s.web.servlet.DispatcherServlet        : Completed 200 OK
2025-03-04T12:12:03.127Z DEBUG 3796 --- [upt] [http-nio-8080-exec-3] o.s.web.servlet.DispatcherServlet        : POST "/coordinator/coordinator_addEvaluation", parameters={masked}
2025-03-04T12:12:03.128Z DEBUG 3796 --- [upt] [http-nio-8080-exec-3] s.w.s.m.m.a.RequestMappingHandlerMapping : Mapped to com.upt.upt.controller.AssessmentUnitController#saveEvaluation(Map, HttpSession, Model)
2025-03-04T12:12:04.026Z DEBUG 3796 --- [upt] [http-nio-8080-exec-3] o.s.web.servlet.view.RedirectView        : View name [redirect:], model {}
2025-03-04T12:12:04.029Z DEBUG 3796 --- [upt] [http-nio-8080-exec-3] o.s.web.servlet.DispatcherServlet        : Completed 302 FOUND
2025-03-04T12:12:04.066Z DEBUG 3796 --- [upt] [http-nio-8080-exec-8] o.s.web.servlet.DispatcherServlet        : GET "/coordinator/coordinator_evaluationsUC?id=1", parameters={masked}
2025-03-04T12:12:04.088Z DEBUG 3796 --- [upt] [http-nio-8080-exec-8] s.w.s.m.m.a.RequestMappingHandlerMapping : Mapped to com.upt.upt.controller.CurricularUnitController#evaluationsUCCurricular(Long, Model, HttpSession)
2025-03-04T12:12:04.140Z DEBUG 3796 --- [upt] [http-nio-8080-exec-8] o.s.w.s.v.ContentNegotiatingViewResolver : Selected 'text/html' given [text/html, application/xhtml+xml, image/avif, image/webp, image/apng, application/xml;q=0.9, */*;q=0.8, application/signed-exchange;v=b3;q=0.7]
2025-03-04T12:12:04.220Z DEBUG 3796 --- [upt] [http-nio-8080-exec-8] o.s.web.servlet.DispatcherServlet        : Completed 200 OK
2025-03-04T12:12:18.878Z DEBUG 3796 --- [upt] [http-nio-8080-exec-2] o.s.web.servlet.DispatcherServlet        : GET "/coordinator", parameters={}
2025-03-04T12:12:18.881Z DEBUG 3796 --- [upt] [http-nio-8080-exec-2] s.w.s.m.m.a.RequestMappingHandlerMapping : Mapped to com.upt.upt.controller.CurricularUnitController#showCourseList(Model, HttpSession)
2025-03-04T12:12:18.907Z DEBUG 3796 --- [upt] [http-nio-8080-exec-2] o.s.w.s.v.ContentNegotiatingViewResolver : Selected 'text/html' given [text/html, application/xhtml+xml, image/avif, image/webp, image/apng, application/xml;q=0.9, */*;q=0.8, application/signed-exchange;v=b3;q=0.7]
2025-03-04T12:12:18.931Z DEBUG 3796 --- [upt] [http-nio-8080-exec-2] o.s.web.servlet.DispatcherServlet        : Completed 200 OK
2025-03-04T12:12:20.515Z DEBUG 3796 --- [upt] [http-nio-8080-exec-10] o.s.web.servlet.DispatcherServlet        : GET "/coordinator/map?semester=1", parameters={masked}
2025-03-04T12:12:20.516Z DEBUG 3796 --- [upt] [http-nio-8080-exec-10] s.w.s.m.m.a.RequestMappingHandlerMapping : Mapped to com.upt.upt.controller.MapUnitController#showAssessmentMap(Integer, Model, HttpSession)
2025-03-04T12:12:20.547Z DEBUG 3796 --- [upt] [http-nio-8080-exec-10] o.s.w.s.v.ContentNegotiatingViewResolver : Selected 'text/html' given [text/html, application/xhtml+xml, image/avif, image/webp, image/apng, application/xml;q=0.9, */*;q=0.8, application/signed-exchange;v=b3;q=0.7]
2025-03-04T12:12:20.579Z DEBUG 3796 --- [upt] [http-nio-8080-exec-10] o.s.web.servlet.DispatcherServlet        : Completed 200 OK
2025-03-04T12:12:20.617Z DEBUG 3796 --- [upt] [http-nio-8080-exec-1] o.s.web.servlet.DispatcherServlet        : GET "/css/coordinator_map.css?v=0", parameters={masked}
2025-03-04T12:12:20.619Z DEBUG 3796 --- [upt] [http-nio-8080-exec-1] o.s.w.s.handler.SimpleUrlHandlerMapping  : Mapped to ResourceHttpRequestHandler [classpath [META-INF/resources/], classpath [resources/], classpath [static/], classpath [public/], ServletContext [/]]
2025-03-04T12:12:20.627Z DEBUG 3796 --- [upt] [http-nio-8080-exec-1] o.s.web.servlet.DispatcherServlet        : Completed 200 OK
2025-03-04T12:12:26.858Z DEBUG 3796 --- [upt] [http-nio-8080-exec-4] o.s.web.servlet.DispatcherServlet        : GET "/coordinator", parameters={}
2025-03-04T12:12:26.860Z DEBUG 3796 --- [upt] [http-nio-8080-exec-4] s.w.s.m.m.a.RequestMappingHandlerMapping : Mapped to com.upt.upt.controller.CurricularUnitController#showCourseList(Model, HttpSession)
2025-03-04T12:12:26.884Z DEBUG 3796 --- [upt] [http-nio-8080-exec-4] o.s.w.s.v.ContentNegotiatingViewResolver : Selected 'text/html' given [text/html, application/xhtml+xml, image/avif, image/webp, image/apng, application/xml;q=0.9, */*;q=0.8, application/signed-exchange;v=b3;q=0.7]
2025-03-04T12:12:26.899Z DEBUG 3796 --- [upt] [http-nio-8080-exec-4] o.s.web.servlet.DispatcherServlet        : Completed 200 OK
2025-03-04T12:12:28.370Z DEBUG 3796 --- [upt] [http-nio-8080-exec-5] o.s.web.servlet.DispatcherServlet        : GET "/coordinator/coordinator_editUC?id=1&semester=1", parameters={masked}
2025-03-04T12:12:28.371Z DEBUG 3796 --- [upt] [http-nio-8080-exec-5] s.w.s.m.m.a.RequestMappingHandlerMapping : Mapped to com.upt.upt.controller.CurricularUnitController#editUCForm(Long, Integer, Integer, HttpSession, Model)
2025-03-04T12:12:28.396Z DEBUG 3796 --- [upt] [http-nio-8080-exec-5] o.s.w.s.v.ContentNegotiatingViewResolver : Selected 'text/html' given [text/html, application/xhtml+xml, image/avif, image/webp, image/apng, application/xml;q=0.9, */*;q=0.8, application/signed-exchange;v=b3;q=0.7]
2025-03-04T12:12:28.426Z DEBUG 3796 --- [upt] [http-nio-8080-exec-5] o.s.web.servlet.DispatcherServlet        : Completed 200 OK
2025-03-04T12:12:28.464Z DEBUG 3796 --- [upt] [http-nio-8080-exec-9] o.s.web.servlet.DispatcherServlet        : GET "/css/coordinator_editUC.css", parameters={}
2025-03-04T12:12:28.465Z DEBUG 3796 --- [upt] [http-nio-8080-exec-9] o.s.w.s.handler.SimpleUrlHandlerMapping  : Mapped to ResourceHttpRequestHandler [classpath [META-INF/resources/], classpath [resources/], classpath [static/], classpath [public/], ServletContext [/]]
2025-03-04T12:12:28.479Z DEBUG 3796 --- [upt] [http-nio-8080-exec-9] o.s.web.servlet.DispatcherServlet        : Completed 200 OK
2025-03-04T12:12:37.174Z DEBUG 3796 --- [upt] [http-nio-8080-exec-7] o.s.web.servlet.DispatcherServlet        : POST "/coordinator/coordinator_editUC/1", parameters={masked}
2025-03-04T12:12:37.176Z DEBUG 3796 --- [upt] [http-nio-8080-exec-7] s.w.s.m.m.a.RequestMappingHandlerMapping : Mapped to com.upt.upt.controller.CurricularUnitController#updateCurricularUnit(Long, String, Integer, String, Boolean, Integer, Integer, Integer, HttpSession, Model)
2025-03-04T12:12:37.251Z DEBUG 3796 --- [upt] [http-nio-8080-exec-7] o.s.web.servlet.view.RedirectView        : View name [redirect:], model {}
2025-03-04T12:12:37.255Z DEBUG 3796 --- [upt] [http-nio-8080-exec-7] o.s.web.servlet.DispatcherServlet        : Completed 302 FOUND
2025-03-04T12:12:37.261Z DEBUG 3796 --- [upt] [http-nio-8080-exec-3] o.s.web.servlet.DispatcherServlet        : GET "/coordinator", parameters={}
2025-03-04T12:12:37.263Z DEBUG 3796 --- [upt] [http-nio-8080-exec-3] s.w.s.m.m.a.RequestMappingHandlerMapping : Mapped to com.upt.upt.controller.CurricularUnitController#showCourseList(Model, HttpSession)
2025-03-04T12:12:37.284Z DEBUG 3796 --- [upt] [http-nio-8080-exec-3] o.s.w.s.v.ContentNegotiatingViewResolver : Selected 'text/html' given [text/html, application/xhtml+xml, image/avif, image/webp, image/apng, application/xml;q=0.9, */*;q=0.8, application/signed-exchange;v=b3;q=0.7]
2025-03-04T12:12:37.297Z DEBUG 3796 --- [upt] [http-nio-8080-exec-3] o.s.web.servlet.DispatcherServlet        : Completed 200 OK
2025-03-04T12:12:39.844Z DEBUG 3796 --- [upt] [http-nio-8080-exec-8] o.s.web.servlet.DispatcherServlet        : GET "/coordinator/coordinator_editUC?id=1&semester=1", parameters={masked}
2025-03-04T12:12:39.845Z DEBUG 3796 --- [upt] [http-nio-8080-exec-8] s.w.s.m.m.a.RequestMappingHandlerMapping : Mapped to com.upt.upt.controller.CurricularUnitController#editUCForm(Long, Integer, Integer, HttpSession, Model)
2025-03-04T12:12:39.864Z DEBUG 3796 --- [upt] [http-nio-8080-exec-8] o.s.w.s.v.ContentNegotiatingViewResolver : Selected 'text/html' given [text/html, application/xhtml+xml, image/avif, image/webp, image/apng, application/xml;q=0.9, */*;q=0.8, application/signed-exchange;v=b3;q=0.7]
2025-03-04T12:12:39.877Z DEBUG 3796 --- [upt] [http-nio-8080-exec-8] o.s.web.servlet.DispatcherServlet        : Completed 200 OK
2025-03-04T12:12:42.056Z DEBUG 3796 --- [upt] [http-nio-8080-exec-2] o.s.web.servlet.DispatcherServlet        : POST "/coordinator/coordinator_editUC/1", parameters={masked}
2025-03-04T12:12:42.057Z DEBUG 3796 --- [upt] [http-nio-8080-exec-2] s.w.s.m.m.a.RequestMappingHandlerMapping : Mapped to com.upt.upt.controller.CurricularUnitController#updateCurricularUnit(Long, String, Integer, String, Boolean, Integer, Integer, Integer, HttpSession, Model)
2025-03-04T12:12:42.091Z DEBUG 3796 --- [upt] [http-nio-8080-exec-2] o.s.web.servlet.view.RedirectView        : View name [redirect:], model {}
2025-03-04T12:12:42.094Z DEBUG 3796 --- [upt] [http-nio-8080-exec-2] o.s.web.servlet.DispatcherServlet        : Completed 302 FOUND
2025-03-04T12:12:42.101Z DEBUG 3796 --- [upt] [http-nio-8080-exec-10] o.s.web.servlet.DispatcherServlet        : GET "/coordinator", parameters={}
2025-03-04T12:12:42.104Z DEBUG 3796 --- [upt] [http-nio-8080-exec-10] s.w.s.m.m.a.RequestMappingHandlerMapping : Mapped to com.upt.upt.controller.CurricularUnitController#showCourseList(Model, HttpSession)
2025-03-04T12:12:42.124Z DEBUG 3796 --- [upt] [http-nio-8080-exec-10] o.s.w.s.v.ContentNegotiatingViewResolver : Selected 'text/html' given [text/html, application/xhtml+xml, image/avif, image/webp, image/apng, application/xml;q=0.9, */*;q=0.8, application/signed-exchange;v=b3;q=0.7]
2025-03-04T12:12:42.133Z DEBUG 3796 --- [upt] [http-nio-8080-exec-10] o.s.web.servlet.DispatcherServlet        : Completed 200 OK
2025-03-04T12:12:43.680Z DEBUG 3796 --- [upt] [http-nio-8080-exec-1] o.s.web.servlet.DispatcherServlet        : GET "/coordinator/coordinator_evaluationsUC?id=1", parameters={masked}
2025-03-04T12:12:43.681Z DEBUG 3796 --- [upt] [http-nio-8080-exec-1] s.w.s.m.m.a.RequestMappingHandlerMapping : Mapped to com.upt.upt.controller.CurricularUnitController#evaluationsUCCurricular(Long, Model, HttpSession)
2025-03-04T12:12:43.700Z DEBUG 3796 --- [upt] [http-nio-8080-exec-1] o.s.w.s.v.ContentNegotiatingViewResolver : Selected 'text/html' given [text/html, application/xhtml+xml, image/avif, image/webp, image/apng, application/xml;q=0.9, */*;q=0.8, application/signed-exchange;v=b3;q=0.7]
2025-03-04T12:12:43.711Z DEBUG 3796 --- [upt] [http-nio-8080-exec-1] o.s.web.servlet.DispatcherServlet        : Completed 200 OK
2025-03-04T12:12:45.182Z DEBUG 3796 --- [upt] [http-nio-8080-exec-6] o.s.web.servlet.DispatcherServlet        : GET "/coordinator/coordinator_editEvaluations/1?curricularUnitId=1", parameters={masked}
2025-03-04T12:12:45.188Z DEBUG 3796 --- [upt] [http-nio-8080-exec-6] s.w.s.m.m.a.RequestMappingHandlerMapping : Mapped to com.upt.upt.controller.AssessmentUnitController#editEvaluation(Long, Long, Model, HttpSession)
2025-03-04T12:12:45.212Z DEBUG 3796 --- [upt] [http-nio-8080-exec-6] o.s.w.s.v.ContentNegotiatingViewResolver : Selected 'text/html' given [text/html, application/xhtml+xml, image/avif, image/webp, image/apng, application/xml;q=0.9, */*;q=0.8, application/signed-exchange;v=b3;q=0.7]
2025-03-04T12:12:45.241Z DEBUG 3796 --- [upt] [http-nio-8080-exec-6] o.s.web.servlet.DispatcherServlet        : Completed 200 OK
2025-03-04T12:12:45.291Z DEBUG 3796 --- [upt] [http-nio-8080-exec-5] o.s.web.servlet.DispatcherServlet        : GET "/js/coordinator_editEvaluations.js", parameters={}
2025-03-04T12:12:45.290Z DEBUG 3796 --- [upt] [http-nio-8080-exec-4] o.s.web.servlet.DispatcherServlet        : GET "/css/coordinator_editEvaluations.css", parameters={}
2025-03-04T12:12:45.293Z DEBUG 3796 --- [upt] [http-nio-8080-exec-4] o.s.w.s.handler.SimpleUrlHandlerMapping  : Mapped to ResourceHttpRequestHandler [classpath [META-INF/resources/], classpath [resources/], classpath [static/], classpath [public/], ServletContext [/]]
2025-03-04T12:12:45.293Z DEBUG 3796 --- [upt] [http-nio-8080-exec-5] o.s.w.s.handler.SimpleUrlHandlerMapping  : Mapped to ResourceHttpRequestHandler [classpath [META-INF/resources/], classpath [resources/], classpath [static/], classpath [public/], ServletContext [/]]
2025-03-04T12:12:45.310Z DEBUG 3796 --- [upt] [http-nio-8080-exec-4] o.s.web.servlet.DispatcherServlet        : Completed 200 OK
2025-03-04T12:12:45.311Z DEBUG 3796 --- [upt] [http-nio-8080-exec-5] o.s.web.servlet.DispatcherServlet        : Completed 200 OK
2025-03-04T12:12:51.245Z DEBUG 3796 --- [upt] [http-nio-8080-exec-9] o.s.web.servlet.DispatcherServlet        : POST "/coordinator/coordinator_editEvaluations/1", parameters={masked}
2025-03-04T12:12:51.246Z DEBUG 3796 --- [upt] [http-nio-8080-exec-9] s.w.s.m.m.a.RequestMappingHandlerMapping : Mapped to com.upt.upt.controller.AssessmentUnitController#updateEvaluation(Long, Map, Model, HttpSession)
2025-03-04T12:12:51.419Z DEBUG 3796 --- [upt] [http-nio-8080-exec-9] o.s.web.servlet.view.RedirectView        : View name [redirect:], model {}
2025-03-04T12:12:51.421Z DEBUG 3796 --- [upt] [http-nio-8080-exec-9] o.s.web.servlet.DispatcherServlet        : Completed 302 FOUND
2025-03-04T12:12:51.427Z DEBUG 3796 --- [upt] [http-nio-8080-exec-7] o.s.web.servlet.DispatcherServlet        : GET "/coordinator/coordinator_evaluationsUC?id=1", parameters={masked}
2025-03-04T12:12:51.429Z DEBUG 3796 --- [upt] [http-nio-8080-exec-7] s.w.s.m.m.a.RequestMappingHandlerMapping : Mapped to com.upt.upt.controller.CurricularUnitController#evaluationsUCCurricular(Long, Model, HttpSession)
2025-03-04T12:12:51.450Z DEBUG 3796 --- [upt] [http-nio-8080-exec-7] o.s.w.s.v.ContentNegotiatingViewResolver : Selected 'text/html' given [text/html, application/xhtml+xml, image/avif, image/webp, image/apng, application/xml;q=0.9, */*;q=0.8, application/signed-exchange;v=b3;q=0.7]
2025-03-04T12:12:51.462Z DEBUG 3796 --- [upt] [http-nio-8080-exec-7] o.s.web.servlet.DispatcherServlet        : Completed 200 OK
2025-03-04T12:12:53.902Z DEBUG 3796 --- [upt] [http-nio-8080-exec-3] o.s.web.servlet.DispatcherServlet        : GET "/coordinator/coordinator_editEvaluations/1?curricularUnitId=1", parameters={masked}
2025-03-04T12:12:53.903Z DEBUG 3796 --- [upt] [http-nio-8080-exec-3] s.w.s.m.m.a.RequestMappingHandlerMapping : Mapped to com.upt.upt.controller.AssessmentUnitController#editEvaluation(Long, Long, Model, HttpSession)
2025-03-04T12:12:53.922Z DEBUG 3796 --- [upt] [http-nio-8080-exec-3] o.s.w.s.v.ContentNegotiatingViewResolver : Selected 'text/html' given [text/html, application/xhtml+xml, image/avif, image/webp, image/apng, application/xml;q=0.9, */*;q=0.8, application/signed-exchange;v=b3;q=0.7]
2025-03-04T12:12:53.927Z DEBUG 3796 --- [upt] [http-nio-8080-exec-3] o.s.web.servlet.DispatcherServlet        : Completed 200 OK
2025-03-04T12:12:57.513Z DEBUG 3796 --- [upt] [http-nio-8080-exec-8] o.s.web.servlet.DispatcherServlet        : POST "/coordinator/coordinator_editEvaluations/1", parameters={masked}
2025-03-04T12:12:57.514Z DEBUG 3796 --- [upt] [http-nio-8080-exec-8] s.w.s.m.m.a.RequestMappingHandlerMapping : Mapped to com.upt.upt.controller.AssessmentUnitController#updateEvaluation(Long, Map, Model, HttpSession)
2025-03-04T12:12:57.797Z DEBUG 3796 --- [upt] [http-nio-8080-exec-8] o.s.web.servlet.view.RedirectView        : View name [redirect:], model {}
2025-03-04T12:12:57.798Z DEBUG 3796 --- [upt] [http-nio-8080-exec-8] o.s.web.servlet.DispatcherServlet        : Completed 302 FOUND
2025-03-04T12:12:57.804Z DEBUG 3796 --- [upt] [http-nio-8080-exec-2] o.s.web.servlet.DispatcherServlet        : GET "/coordinator/coordinator_evaluationsUC?id=1", parameters={masked}
2025-03-04T12:12:57.805Z DEBUG 3796 --- [upt] [http-nio-8080-exec-2] s.w.s.m.m.a.RequestMappingHandlerMapping : Mapped to com.upt.upt.controller.CurricularUnitController#evaluationsUCCurricular(Long, Model, HttpSession)
2025-03-04T12:12:57.818Z DEBUG 3796 --- [upt] [http-nio-8080-exec-2] o.s.w.s.v.ContentNegotiatingViewResolver : Selected 'text/html' given [text/html, application/xhtml+xml, image/avif, image/webp, image/apng, application/xml;q=0.9, */*;q=0.8, application/signed-exchange;v=b3;q=0.7]
2025-03-04T12:12:57.825Z DEBUG 3796 --- [upt] [http-nio-8080-exec-2] o.s.web.servlet.DispatcherServlet        : Completed 200 OK
2025-03-04T12:15:24.911Z DEBUG 3796 --- [upt] [http-nio-8080-exec-6] o.s.web.servlet.DispatcherServlet        : GET "/coordinator/coordinator_create_evaluation?curricularUnitId=1", parameters={masked}
2025-03-04T12:15:24.912Z DEBUG 3796 --- [upt] [http-nio-8080-exec-6] s.w.s.m.m.a.RequestMappingHandlerMapping : Mapped to com.upt.upt.controller.AssessmentUnitController#createEvaluationPage(Long, Model, String, HttpSession)
2025-03-04T12:15:24.971Z DEBUG 3796 --- [upt] [http-nio-8080-exec-6] o.s.w.s.v.ContentNegotiatingViewResolver : Selected 'text/html' given [text/html, application/xhtml+xml, image/avif, image/webp, image/apng, application/xml;q=0.9, */*;q=0.8, application/signed-exchange;v=b3;q=0.7]
2025-03-04T12:15:24.975Z DEBUG 3796 --- [upt] [http-nio-8080-exec-6] o.s.web.servlet.DispatcherServlet        : Completed 200 OK
2025-03-04T12:15:54.744Z DEBUG 3796 --- [upt] [http-nio-8080-exec-4] o.s.web.servlet.DispatcherServlet        : GET "/coordinator/coordinator_evaluationsUC?id=1", parameters={masked}
2025-03-04T12:15:54.746Z DEBUG 3796 --- [upt] [http-nio-8080-exec-4] s.w.s.m.m.a.RequestMappingHandlerMapping : Mapped to com.upt.upt.controller.CurricularUnitController#evaluationsUCCurricular(Long, Model, HttpSession)
2025-03-04T12:15:54.758Z DEBUG 3796 --- [upt] [http-nio-8080-exec-4] o.s.w.s.v.ContentNegotiatingViewResolver : Selected 'text/html' given [text/html, application/xhtml+xml, image/avif, image/webp, image/apng, application/xml;q=0.9, */*;q=0.8, application/signed-exchange;v=b3;q=0.7]
2025-03-04T12:15:54.769Z DEBUG 3796 --- [upt] [http-nio-8080-exec-4] o.s.web.servlet.DispatcherServlet        : Completed 200 OK
2025-03-04T12:15:56.085Z DEBUG 3796 --- [upt] [http-nio-8080-exec-5] o.s.web.servlet.DispatcherServlet        : GET "/coordinator/coordinator_create_evaluation?curricularUnitId=1", parameters={masked}
2025-03-04T12:15:56.086Z DEBUG 3796 --- [upt] [http-nio-8080-exec-5] s.w.s.m.m.a.RequestMappingHandlerMapping : Mapped to com.upt.upt.controller.AssessmentUnitController#createEvaluationPage(Long, Model, String, HttpSession)
2025-03-04T12:15:56.119Z DEBUG 3796 --- [upt] [http-nio-8080-exec-5] o.s.w.s.v.ContentNegotiatingViewResolver : Selected 'text/html' given [text/html, application/xhtml+xml, image/avif, image/webp, image/apng, application/xml;q=0.9, */*;q=0.8, application/signed-exchange;v=b3;q=0.7]
2025-03-04T12:15:56.121Z DEBUG 3796 --- [upt] [http-nio-8080-exec-5] o.s.web.servlet.DispatcherServlet        : Completed 200 OK
2025-03-04T12:16:33.675Z DEBUG 3796 --- [upt] [http-nio-8080-exec-9] o.s.web.servlet.DispatcherServlet        : POST "/coordinator/coordinator_addEvaluation", parameters={masked}
2025-03-04T12:16:33.675Z DEBUG 3796 --- [upt] [http-nio-8080-exec-9] s.w.s.m.m.a.RequestMappingHandlerMapping : Mapped to com.upt.upt.controller.AssessmentUnitController#saveEvaluation(Map, HttpSession, Model)
2025-03-04T12:16:33.750Z DEBUG 3796 --- [upt] [http-nio-8080-exec-9] o.s.web.servlet.view.RedirectView        : View name [redirect:], model {}
2025-03-04T12:16:33.751Z DEBUG 3796 --- [upt] [http-nio-8080-exec-9] o.s.web.servlet.DispatcherServlet        : Completed 302 FOUND
2025-03-04T12:16:33.756Z DEBUG 3796 --- [upt] [http-nio-8080-exec-7] o.s.web.servlet.DispatcherServlet        : GET "/coordinator/coordinator_evaluationsUC?id=1", parameters={masked}
2025-03-04T12:16:33.757Z DEBUG 3796 --- [upt] [http-nio-8080-exec-7] s.w.s.m.m.a.RequestMappingHandlerMapping : Mapped to com.upt.upt.controller.CurricularUnitController#evaluationsUCCurricular(Long, Model, HttpSession)
2025-03-04T12:16:33.768Z DEBUG 3796 --- [upt] [http-nio-8080-exec-7] o.s.w.s.v.ContentNegotiatingViewResolver : Selected 'text/html' given [text/html, application/xhtml+xml, image/avif, image/webp, image/apng, application/xml;q=0.9, */*;q=0.8, application/signed-exchange;v=b3;q=0.7]
2025-03-04T12:16:33.780Z DEBUG 3796 --- [upt] [http-nio-8080-exec-7] o.s.web.servlet.DispatcherServlet        : Completed 200 OK
2025-03-04T12:16:41.987Z DEBUG 3796 --- [upt] [http-nio-8080-exec-3] o.s.web.servlet.DispatcherServlet        : GET "/coordinator/coordinator_editEvaluations/2?curricularUnitId=1", parameters={masked}
2025-03-04T12:16:41.988Z DEBUG 3796 --- [upt] [http-nio-8080-exec-3] s.w.s.m.m.a.RequestMappingHandlerMapping : Mapped to com.upt.upt.controller.AssessmentUnitController#editEvaluation(Long, Long, Model, HttpSession)
2025-03-04T12:16:42.003Z DEBUG 3796 --- [upt] [http-nio-8080-exec-3] o.s.w.s.v.ContentNegotiatingViewResolver : Selected 'text/html' given [text/html, application/xhtml+xml, image/avif, image/webp, image/apng, application/xml;q=0.9, */*;q=0.8, application/signed-exchange;v=b3;q=0.7]
2025-03-04T12:16:42.006Z DEBUG 3796 --- [upt] [http-nio-8080-exec-3] o.s.web.servlet.DispatcherServlet        : Completed 200 OK
2025-03-04T12:16:48.078Z DEBUG 3796 --- [upt] [http-nio-8080-exec-8] o.s.web.servlet.DispatcherServlet        : GET "/coordinator/coordinator_evaluationsUC?id=1", parameters={masked}
2025-03-04T12:16:48.079Z DEBUG 3796 --- [upt] [http-nio-8080-exec-8] s.w.s.m.m.a.RequestMappingHandlerMapping : Mapped to com.upt.upt.controller.CurricularUnitController#evaluationsUCCurricular(Long, Model, HttpSession)
2025-03-04T12:16:48.093Z DEBUG 3796 --- [upt] [http-nio-8080-exec-8] o.s.w.s.v.ContentNegotiatingViewResolver : Selected 'text/html' given [text/html, application/xhtml+xml, image/avif, image/webp, image/apng, application/xml;q=0.9, */*;q=0.8, application/signed-exchange;v=b3;q=0.7]
2025-03-04T12:16:48.106Z DEBUG 3796 --- [upt] [http-nio-8080-exec-8] o.s.web.servlet.DispatcherServlet        : Completed 200 OK
2025-03-04T12:16:52.961Z DEBUG 3796 --- [upt] [http-nio-8080-exec-2] o.s.web.servlet.DispatcherServlet        : GET "/coordinator/coordinator_create_evaluation?curricularUnitId=1", parameters={masked}
2025-03-04T12:16:52.962Z DEBUG 3796 --- [upt] [http-nio-8080-exec-2] s.w.s.m.m.a.RequestMappingHandlerMapping : Mapped to com.upt.upt.controller.AssessmentUnitController#createEvaluationPage(Long, Model, String, HttpSession)
2025-03-04T12:16:52.978Z DEBUG 3796 --- [upt] [http-nio-8080-exec-2] o.s.web.servlet.view.RedirectView        : View name [redirect:], model {}
2025-03-04T12:16:52.980Z DEBUG 3796 --- [upt] [http-nio-8080-exec-2] o.s.web.servlet.DispatcherServlet        : Completed 302 FOUND
2025-03-04T12:16:52.986Z DEBUG 3796 --- [upt] [http-nio-8080-exec-10] o.s.web.servlet.DispatcherServlet        : GET "/coordinator/coordinator_evaluationsUC?id=1&error=Evaluations%20already%20complete", parameters={masked}
2025-03-04T12:16:52.987Z DEBUG 3796 --- [upt] [http-nio-8080-exec-10] s.w.s.m.m.a.RequestMappingHandlerMapping : Mapped to com.upt.upt.controller.CurricularUnitController#evaluationsUCCurricular(Long, Model, HttpSession)
2025-03-04T12:16:53.000Z DEBUG 3796 --- [upt] [http-nio-8080-exec-10] o.s.w.s.v.ContentNegotiatingViewResolver : Selected 'text/html' given [text/html, application/xhtml+xml, image/avif, image/webp, image/apng, application/xml;q=0.9, */*;q=0.8, application/signed-exchange;v=b3;q=0.7]
2025-03-04T12:16:53.012Z DEBUG 3796 --- [upt] [http-nio-8080-exec-10] o.s.web.servlet.DispatcherServlet        : Completed 200 OK
2025-03-04T12:16:55.077Z DEBUG 3796 --- [upt] [http-nio-8080-exec-1] o.s.web.servlet.DispatcherServlet        : GET "/coordinator/coordinator_create_evaluation?curricularUnitId=1", parameters={masked}
2025-03-04T12:16:55.078Z DEBUG 3796 --- [upt] [http-nio-8080-exec-1] s.w.s.m.m.a.RequestMappingHandlerMapping : Mapped to com.upt.upt.controller.AssessmentUnitController#createEvaluationPage(Long, Model, String, HttpSession)
2025-03-04T12:16:55.089Z DEBUG 3796 --- [upt] [http-nio-8080-exec-1] o.s.web.servlet.view.RedirectView        : View name [redirect:], model {}
2025-03-04T12:16:55.091Z DEBUG 3796 --- [upt] [http-nio-8080-exec-1] o.s.web.servlet.DispatcherServlet        : Completed 302 FOUND
2025-03-04T12:16:55.097Z DEBUG 3796 --- [upt] [http-nio-8080-exec-6] o.s.web.servlet.DispatcherServlet        : GET "/coordinator/coordinator_evaluationsUC?id=1&error=Evaluations%20already%20complete", parameters={masked}
2025-03-04T12:16:55.098Z DEBUG 3796 --- [upt] [http-nio-8080-exec-6] s.w.s.m.m.a.RequestMappingHandlerMapping : Mapped to com.upt.upt.controller.CurricularUnitController#evaluationsUCCurricular(Long, Model, HttpSession)
2025-03-04T12:16:55.111Z DEBUG 3796 --- [upt] [http-nio-8080-exec-6] o.s.w.s.v.ContentNegotiatingViewResolver : Selected 'text/html' given [text/html, application/xhtml+xml, image/avif, image/webp, image/apng, application/xml;q=0.9, */*;q=0.8, application/signed-exchange;v=b3;q=0.7]
2025-03-04T12:16:55.126Z DEBUG 3796 --- [upt] [http-nio-8080-exec-6] o.s.web.servlet.DispatcherServlet        : Completed 200 OK
2025-03-04T12:17:02.775Z DEBUG 3796 --- [upt] [http-nio-8080-exec-4] o.s.web.servlet.DispatcherServlet        : GET "/coordinator/coordinator_editEvaluations/2?curricularUnitId=1", parameters={masked}
2025-03-04T12:17:02.776Z DEBUG 3796 --- [upt] [http-nio-8080-exec-4] s.w.s.m.m.a.RequestMappingHandlerMapping : Mapped to com.upt.upt.controller.AssessmentUnitController#editEvaluation(Long, Long, Model, HttpSession)
2025-03-04T12:17:02.791Z DEBUG 3796 --- [upt] [http-nio-8080-exec-4] o.s.w.s.v.ContentNegotiatingViewResolver : Selected 'text/html' given [text/html, application/xhtml+xml, image/avif, image/webp, image/apng, application/xml;q=0.9, */*;q=0.8, application/signed-exchange;v=b3;q=0.7]
2025-03-04T12:17:02.800Z DEBUG 3796 --- [upt] [http-nio-8080-exec-4] o.s.web.servlet.DispatcherServlet        : Completed 200 OK
2025-03-04T12:17:06.245Z DEBUG 3796 --- [upt] [http-nio-8080-exec-5] o.s.web.servlet.DispatcherServlet        : POST "/coordinator/coordinator_editEvaluations/2", parameters={masked}
2025-03-04T12:17:06.246Z DEBUG 3796 --- [upt] [http-nio-8080-exec-5] s.w.s.m.m.a.RequestMappingHandlerMapping : Mapped to com.upt.upt.controller.AssessmentUnitController#updateEvaluation(Long, Map, Model, HttpSession)
2025-03-04T12:17:06.313Z DEBUG 3796 --- [upt] [http-nio-8080-exec-5] o.s.web.servlet.view.RedirectView        : View name [redirect:], model {}
2025-03-04T12:17:06.314Z DEBUG 3796 --- [upt] [http-nio-8080-exec-5] o.s.web.servlet.DispatcherServlet        : Completed 302 FOUND
2025-03-04T12:17:06.318Z DEBUG 3796 --- [upt] [http-nio-8080-exec-9] o.s.web.servlet.DispatcherServlet        : GET "/coordinator/coordinator_evaluationsUC?id=1", parameters={masked}
2025-03-04T12:17:06.320Z DEBUG 3796 --- [upt] [http-nio-8080-exec-9] s.w.s.m.m.a.RequestMappingHandlerMapping : Mapped to com.upt.upt.controller.CurricularUnitController#evaluationsUCCurricular(Long, Model, HttpSession)
2025-03-04T12:17:06.332Z DEBUG 3796 --- [upt] [http-nio-8080-exec-9] o.s.w.s.v.ContentNegotiatingViewResolver : Selected 'text/html' given [text/html, application/xhtml+xml, image/avif, image/webp, image/apng, application/xml;q=0.9, */*;q=0.8, application/signed-exchange;v=b3;q=0.7]
2025-03-04T12:17:06.347Z DEBUG 3796 --- [upt] [http-nio-8080-exec-9] o.s.web.servlet.DispatcherServlet        : Completed 200 OK
2025-03-04T12:17:09.970Z DEBUG 3796 --- [upt] [http-nio-8080-exec-7] o.s.web.servlet.DispatcherServlet        : GET "/coordinator", parameters={}
2025-03-04T12:17:09.970Z DEBUG 3796 --- [upt] [http-nio-8080-exec-7] s.w.s.m.m.a.RequestMappingHandlerMapping : Mapped to com.upt.upt.controller.CurricularUnitController#showCourseList(Model, HttpSession)
2025-03-04T12:17:09.989Z DEBUG 3796 --- [upt] [http-nio-8080-exec-7] o.s.w.s.v.ContentNegotiatingViewResolver : Selected 'text/html' given [text/html, application/xhtml+xml, image/avif, image/webp, image/apng, application/xml;q=0.9, */*;q=0.8, application/signed-exchange;v=b3;q=0.7]
2025-03-04T12:17:10.003Z DEBUG 3796 --- [upt] [http-nio-8080-exec-7] o.s.web.servlet.DispatcherServlet        : Completed 200 OK
2025-03-04T12:17:12.035Z DEBUG 3796 --- [upt] [http-nio-8080-exec-3] o.s.web.servlet.DispatcherServlet        : GET "/coordinator/map?semester=1", parameters={masked}
2025-03-04T12:17:12.036Z DEBUG 3796 --- [upt] [http-nio-8080-exec-3] s.w.s.m.m.a.RequestMappingHandlerMapping : Mapped to com.upt.upt.controller.MapUnitController#showAssessmentMap(Integer, Model, HttpSession)
2025-03-04T12:17:12.059Z DEBUG 3796 --- [upt] [http-nio-8080-exec-3] o.s.w.s.v.ContentNegotiatingViewResolver : Selected 'text/html' given [text/html, application/xhtml+xml, image/avif, image/webp, image/apng, application/xml;q=0.9, */*;q=0.8, application/signed-exchange;v=b3;q=0.7]
2025-03-04T12:17:12.071Z DEBUG 3796 --- [upt] [http-nio-8080-exec-3] o.s.web.servlet.DispatcherServlet        : Completed 200 OK
2025-03-04T12:17:15.311Z DEBUG 3796 --- [upt] [http-nio-8080-exec-8] o.s.web.servlet.DispatcherServlet        : GET "/coordinator/map/pdf?year=1&semester=1", parameters={masked}
2025-03-04T12:17:15.312Z DEBUG 3796 --- [upt] [http-nio-8080-exec-8] s.w.s.m.m.a.RequestMappingHandlerMapping : Mapped to com.upt.upt.controller.MapUnitController#generatePdf(Integer, Integer, HttpSession)
2025-03-04T12:17:15.420Z DEBUG 3796 --- [upt] [http-nio-8080-exec-2] o.s.web.servlet.DispatcherServlet        : GET "/coordinator/map/pdf?year=1&semester=1", parameters={masked}
2025-03-04T12:17:15.421Z DEBUG 3796 --- [upt] [http-nio-8080-exec-2] s.w.s.m.m.a.RequestMappingHandlerMapping : Mapped to com.upt.upt.controller.MapUnitController#generatePdf(Integer, Integer, HttpSession)
2025-03-04T12:17:16.057Z DEBUG 3796 --- [upt] [http-nio-8080-exec-2] o.s.w.s.m.m.a.HttpEntityMethodProcessor  : Found 'Content-Type:application/pdf' in response
2025-03-04T12:17:16.057Z DEBUG 3796 --- [upt] [http-nio-8080-exec-8] o.s.w.s.m.m.a.HttpEntityMethodProcessor  : Found 'Content-Type:application/pdf' in response
2025-03-04T12:17:16.077Z DEBUG 3796 --- [upt] [http-nio-8080-exec-2] o.s.w.s.m.m.a.HttpEntityMethodProcessor  : Writing [{37, 80, 68, 70, 45, 49, 46, 52, 10, 37, -30, -29, -49, -45, 10, 49, 32, 48, 32, 111, 98, 106, 10, 6 (truncated)...]
2025-03-04T12:17:16.077Z DEBUG 3796 --- [upt] [http-nio-8080-exec-8] o.s.w.s.m.m.a.HttpEntityMethodProcessor  : Writing [{37, 80, 68, 70, 45, 49, 46, 52, 10, 37, -30, -29, -49, -45, 10, 49, 32, 48, 32, 111, 98, 106, 10, 6 (truncated)...]
2025-03-04T12:17:16.086Z DEBUG 3796 --- [upt] [http-nio-8080-exec-2] o.s.web.servlet.DispatcherServlet        : Completed 200 OK
2025-03-04T12:17:16.104Z  WARN 3796 --- [upt] [http-nio-8080-exec-8] .w.s.m.s.DefaultHandlerExceptionResolver : Resolved [org.springframework.web.context.request.async.AsyncRequestNotUsableException: ServletOutputStream failed to write: java.io.IOException: Uma ligação estabelecida foi anulada pelo software no computador anfitrião]
2025-03-04T12:17:16.105Z DEBUG 3796 --- [upt] [http-nio-8080-exec-8] o.s.web.servlet.DispatcherServlet        : Completed 200 OK
2025-03-04T12:17:36.994Z DEBUG 3796 --- [upt] [http-nio-8080-exec-10] o.s.web.servlet.DispatcherServlet        : GET "/coordinator", parameters={}
2025-03-04T12:17:36.995Z DEBUG 3796 --- [upt] [http-nio-8080-exec-10] s.w.s.m.m.a.RequestMappingHandlerMapping : Mapped to com.upt.upt.controller.CurricularUnitController#showCourseList(Model, HttpSession)
2025-03-04T12:17:37.019Z DEBUG 3796 --- [upt] [http-nio-8080-exec-10] o.s.w.s.v.ContentNegotiatingViewResolver : Selected 'text/html' given [text/html, application/xhtml+xml, image/avif, image/webp, image/apng, application/xml;q=0.9, */*;q=0.8, application/signed-exchange;v=b3;q=0.7]
2025-03-04T12:17:37.030Z DEBUG 3796 --- [upt] [http-nio-8080-exec-10] o.s.web.servlet.DispatcherServlet        : Completed 200 OK
2025-03-04T12:17:48.624Z DEBUG 3796 --- [upt] [http-nio-8080-exec-1] o.s.web.servlet.DispatcherServlet        : GET "/coordinator/map?semester=2", parameters={masked}
2025-03-04T12:17:48.626Z DEBUG 3796 --- [upt] [http-nio-8080-exec-1] s.w.s.m.m.a.RequestMappingHandlerMapping : Mapped to com.upt.upt.controller.MapUnitController#showAssessmentMap(Integer, Model, HttpSession)
2025-03-04T12:17:48.653Z DEBUG 3796 --- [upt] [http-nio-8080-exec-1] o.s.w.s.v.ContentNegotiatingViewResolver : Selected 'text/html' given [text/html, application/xhtml+xml, image/avif, image/webp, image/apng, application/xml;q=0.9, */*;q=0.8, application/signed-exchange;v=b3;q=0.7]
2025-03-04T12:17:48.657Z DEBUG 3796 --- [upt] [http-nio-8080-exec-1] o.s.web.servlet.DispatcherServlet        : Completed 200 OK
2025-03-04T12:17:50.413Z DEBUG 3796 --- [upt] [http-nio-8080-exec-6] o.s.web.servlet.DispatcherServlet        : GET "/coordinator", parameters={}
2025-03-04T12:17:50.414Z DEBUG 3796 --- [upt] [http-nio-8080-exec-6] s.w.s.m.m.a.RequestMappingHandlerMapping : Mapped to com.upt.upt.controller.CurricularUnitController#showCourseList(Model, HttpSession)
2025-03-04T12:17:50.435Z DEBUG 3796 --- [upt] [http-nio-8080-exec-6] o.s.w.s.v.ContentNegotiatingViewResolver : Selected 'text/html' given [text/html, application/xhtml+xml, image/avif, image/webp, image/apng, application/xml;q=0.9, */*;q=0.8, application/signed-exchange;v=b3;q=0.7]
2025-03-04T12:17:50.447Z DEBUG 3796 --- [upt] [http-nio-8080-exec-6] o.s.web.servlet.DispatcherServlet        : Completed 200 OK
2025-03-04T12:17:52.076Z DEBUG 3796 --- [upt] [http-nio-8080-exec-4] o.s.web.servlet.DispatcherServlet        : GET "/coordinator/map?semester=1", parameters={masked}
2025-03-04T12:17:52.077Z DEBUG 3796 --- [upt] [http-nio-8080-exec-4] s.w.s.m.m.a.RequestMappingHandlerMapping : Mapped to com.upt.upt.controller.MapUnitController#showAssessmentMap(Integer, Model, HttpSession)
2025-03-04T12:17:52.102Z DEBUG 3796 --- [upt] [http-nio-8080-exec-4] o.s.w.s.v.ContentNegotiatingViewResolver : Selected 'text/html' given [text/html, application/xhtml+xml, image/avif, image/webp, image/apng, application/xml;q=0.9, */*;q=0.8, application/signed-exchange;v=b3;q=0.7]
2025-03-04T12:17:52.116Z DEBUG 3796 --- [upt] [http-nio-8080-exec-4] o.s.web.servlet.DispatcherServlet        : Completed 200 OK
2025-03-04T12:17:53.589Z DEBUG 3796 --- [upt] [http-nio-8080-exec-5] o.s.web.servlet.DispatcherServlet        : GET "/coordinator", parameters={}
2025-03-04T12:17:53.591Z DEBUG 3796 --- [upt] [http-nio-8080-exec-5] s.w.s.m.m.a.RequestMappingHandlerMapping : Mapped to com.upt.upt.controller.CurricularUnitController#showCourseList(Model, HttpSession)
2025-03-04T12:17:53.606Z DEBUG 3796 --- [upt] [http-nio-8080-exec-5] o.s.w.s.v.ContentNegotiatingViewResolver : Selected 'text/html' given [text/html, application/xhtml+xml, image/avif, image/webp, image/apng, application/xml;q=0.9, */*;q=0.8, application/signed-exchange;v=b3;q=0.7]
2025-03-04T12:17:53.615Z DEBUG 3796 --- [upt] [http-nio-8080-exec-5] o.s.web.servlet.DispatcherServlet        : Completed 200 OK
2025-03-04T12:17:58.306Z DEBUG 3796 --- [upt] [http-nio-8080-exec-9] o.s.web.servlet.DispatcherServlet        : GET "/coordinator/create-uc", parameters={}
2025-03-04T12:17:58.307Z DEBUG 3796 --- [upt] [http-nio-8080-exec-9] s.w.s.m.m.a.RequestMappingHandlerMapping : Mapped to com.upt.upt.controller.CurricularUnitController#createUC(HttpSession, Model)
2025-03-04T12:17:58.320Z DEBUG 3796 --- [upt] [http-nio-8080-exec-9] o.s.w.s.v.ContentNegotiatingViewResolver : Selected 'text/html' given [text/html, application/xhtml+xml, image/avif, image/webp, image/apng, application/xml;q=0.9, */*;q=0.8, application/signed-exchange;v=b3;q=0.7]
2025-03-04T12:17:58.324Z DEBUG 3796 --- [upt] [http-nio-8080-exec-9] o.s.web.servlet.DispatcherServlet        : Completed 200 OK
2025-03-04T12:18:24.165Z DEBUG 3796 --- [upt] [http-nio-8080-exec-7] o.s.web.servlet.DispatcherServlet        : POST "/coordinator/create-uc", parameters={masked}
2025-03-04T12:18:24.166Z DEBUG 3796 --- [upt] [http-nio-8080-exec-7] s.w.s.m.m.a.RequestMappingHandlerMapping : Mapped to com.upt.upt.controller.CurricularUnitController#createCurricularUnit(String, Integer, String, Boolean, Integer, Integer, Integer, HttpSession, Model)
2025-03-04T12:18:24.189Z DEBUG 3796 --- [upt] [http-nio-8080-exec-7] o.s.web.servlet.view.RedirectView        : View name [redirect:], model {}
2025-03-04T12:18:24.190Z DEBUG 3796 --- [upt] [http-nio-8080-exec-7] o.s.web.servlet.DispatcherServlet        : Completed 302 FOUND
2025-03-04T12:18:24.196Z DEBUG 3796 --- [upt] [http-nio-8080-exec-3] o.s.web.servlet.DispatcherServlet        : GET "/coordinator", parameters={}
2025-03-04T12:18:24.196Z DEBUG 3796 --- [upt] [http-nio-8080-exec-3] s.w.s.m.m.a.RequestMappingHandlerMapping : Mapped to com.upt.upt.controller.CurricularUnitController#showCourseList(Model, HttpSession)
2025-03-04T12:18:24.210Z DEBUG 3796 --- [upt] [http-nio-8080-exec-3] o.s.w.s.v.ContentNegotiatingViewResolver : Selected 'text/html' given [text/html, application/xhtml+xml, image/avif, image/webp, image/apng, application/xml;q=0.9, */*;q=0.8, application/signed-exchange;v=b3;q=0.7]
2025-03-04T12:18:24.218Z DEBUG 3796 --- [upt] [http-nio-8080-exec-3] o.s.web.servlet.DispatcherServlet        : Completed 200 OK
2025-03-04T12:18:25.994Z DEBUG 3796 --- [upt] [http-nio-8080-exec-2] o.s.web.servlet.DispatcherServlet        : GET "/coordinator/coordinator_evaluationsUC?id=2", parameters={masked}
2025-03-04T12:18:25.994Z DEBUG 3796 --- [upt] [http-nio-8080-exec-2] s.w.s.m.m.a.RequestMappingHandlerMapping : Mapped to com.upt.upt.controller.CurricularUnitController#evaluationsUCCurricular(Long, Model, HttpSession)
2025-03-04T12:18:26.008Z DEBUG 3796 --- [upt] [http-nio-8080-exec-2] o.s.w.s.v.ContentNegotiatingViewResolver : Selected 'text/html' given [text/html, application/xhtml+xml, image/avif, image/webp, image/apng, application/xml;q=0.9, */*;q=0.8, application/signed-exchange;v=b3;q=0.7]
2025-03-04T12:18:26.010Z DEBUG 3796 --- [upt] [http-nio-8080-exec-2] o.s.web.servlet.DispatcherServlet        : Completed 200 OK
2025-03-04T12:18:28.170Z DEBUG 3796 --- [upt] [http-nio-8080-exec-8] o.s.web.servlet.DispatcherServlet        : GET "/coordinator/coordinator_create_evaluation?curricularUnitId=2", parameters={masked}
2025-03-04T12:18:28.170Z DEBUG 3796 --- [upt] [http-nio-8080-exec-8] s.w.s.m.m.a.RequestMappingHandlerMapping : Mapped to com.upt.upt.controller.AssessmentUnitController#createEvaluationPage(Long, Model, String, HttpSession)
2025-03-04T12:18:28.189Z DEBUG 3796 --- [upt] [http-nio-8080-exec-8] o.s.w.s.v.ContentNegotiatingViewResolver : Selected 'text/html' given [text/html, application/xhtml+xml, image/avif, image/webp, image/apng, application/xml;q=0.9, */*;q=0.8, application/signed-exchange;v=b3;q=0.7]
2025-03-04T12:18:28.193Z DEBUG 3796 --- [upt] [http-nio-8080-exec-8] o.s.web.servlet.DispatcherServlet        : Completed 200 OK
2025-03-04T12:18:57.244Z DEBUG 3796 --- [upt] [http-nio-8080-exec-10] o.s.web.servlet.DispatcherServlet        : POST "/coordinator/coordinator_addEvaluation", parameters={masked}
2025-03-04T12:18:57.245Z DEBUG 3796 --- [upt] [http-nio-8080-exec-10] s.w.s.m.m.a.RequestMappingHandlerMapping : Mapped to com.upt.upt.controller.AssessmentUnitController#saveEvaluation(Map, HttpSession, Model)
2025-03-04T12:18:57.539Z DEBUG 3796 --- [upt] [http-nio-8080-exec-10] o.s.web.servlet.view.RedirectView        : View name [redirect:], model {}
2025-03-04T12:18:57.542Z DEBUG 3796 --- [upt] [http-nio-8080-exec-10] o.s.web.servlet.DispatcherServlet        : Completed 302 FOUND
2025-03-04T12:18:57.548Z DEBUG 3796 --- [upt] [http-nio-8080-exec-1] o.s.web.servlet.DispatcherServlet        : GET "/coordinator/coordinator_create_evaluation?curricularUnitId=2&error=Assessments%20in%20the%20same%20year%20and%20semester%20cannot%20be%20scheduled%20on%20the%20same%20day.", parameters={masked}
2025-03-04T12:18:57.548Z DEBUG 3796 --- [upt] [http-nio-8080-exec-1] s.w.s.m.m.a.RequestMappingHandlerMapping : Mapped to com.upt.upt.controller.AssessmentUnitController#createEvaluationPage(Long, Model, String, HttpSession)
2025-03-04T12:18:57.569Z DEBUG 3796 --- [upt] [http-nio-8080-exec-1] o.s.w.s.v.ContentNegotiatingViewResolver : Selected 'text/html' given [text/html, application/xhtml+xml, image/avif, image/webp, image/apng, application/xml;q=0.9, */*;q=0.8, application/signed-exchange;v=b3;q=0.7]
2025-03-04T12:18:57.574Z DEBUG 3796 --- [upt] [http-nio-8080-exec-1] o.s.web.servlet.DispatcherServlet        : Completed 200 OK
2025-03-04T12:19:45.112Z DEBUG 3796 --- [upt] [http-nio-8080-exec-6] o.s.web.servlet.DispatcherServlet        : POST "/coordinator/coordinator_addEvaluation", parameters={masked}
2025-03-04T12:19:45.113Z DEBUG 3796 --- [upt] [http-nio-8080-exec-6] s.w.s.m.m.a.RequestMappingHandlerMapping : Mapped to com.upt.upt.controller.AssessmentUnitController#saveEvaluation(Map, HttpSession, Model)
2025-03-04T12:19:45.399Z DEBUG 3796 --- [upt] [http-nio-8080-exec-6] o.s.web.servlet.view.RedirectView        : View name [redirect:], model {}
2025-03-04T12:19:45.400Z DEBUG 3796 --- [upt] [http-nio-8080-exec-6] o.s.web.servlet.DispatcherServlet        : Completed 302 FOUND
2025-03-04T12:19:45.405Z DEBUG 3796 --- [upt] [http-nio-8080-exec-4] o.s.web.servlet.DispatcherServlet        : GET "/coordinator/coordinator_evaluationsUC?id=2", parameters={masked}
2025-03-04T12:19:45.406Z DEBUG 3796 --- [upt] [http-nio-8080-exec-4] s.w.s.m.m.a.RequestMappingHandlerMapping : Mapped to com.upt.upt.controller.CurricularUnitController#evaluationsUCCurricular(Long, Model, HttpSession)
2025-03-04T12:19:45.420Z DEBUG 3796 --- [upt] [http-nio-8080-exec-4] o.s.w.s.v.ContentNegotiatingViewResolver : Selected 'text/html' given [text/html, application/xhtml+xml, image/avif, image/webp, image/apng, application/xml;q=0.9, */*;q=0.8, application/signed-exchange;v=b3;q=0.7]
2025-03-04T12:19:45.432Z DEBUG 3796 --- [upt] [http-nio-8080-exec-4] o.s.web.servlet.DispatcherServlet        : Completed 200 OK
2025-03-04T12:19:55.108Z DEBUG 3796 --- [upt] [http-nio-8080-exec-5] o.s.web.servlet.DispatcherServlet        : GET "/coordinator", parameters={}
2025-03-04T12:19:55.109Z DEBUG 3796 --- [upt] [http-nio-8080-exec-5] s.w.s.m.m.a.RequestMappingHandlerMapping : Mapped to com.upt.upt.controller.CurricularUnitController#showCourseList(Model, HttpSession)
2025-03-04T12:19:55.133Z DEBUG 3796 --- [upt] [http-nio-8080-exec-5] o.s.w.s.v.ContentNegotiatingViewResolver : Selected 'text/html' given [text/html, application/xhtml+xml, image/avif, image/webp, image/apng, application/xml;q=0.9, */*;q=0.8, application/signed-exchange;v=b3;q=0.7]
2025-03-04T12:19:55.155Z DEBUG 3796 --- [upt] [http-nio-8080-exec-5] o.s.web.servlet.DispatcherServlet        : Completed 200 OK
2025-03-04T12:20:01.861Z DEBUG 3796 --- [upt] [http-nio-8080-exec-9] o.s.web.servlet.DispatcherServlet        : GET "/logout", parameters={}
2025-03-04T12:20:01.862Z DEBUG 3796 --- [upt] [http-nio-8080-exec-9] s.w.s.m.m.a.RequestMappingHandlerMapping : Mapped to com.upt.upt.UptWebController#logout(HttpSession)
2025-03-04T12:20:01.863Z DEBUG 3796 --- [upt] [http-nio-8080-exec-9] o.s.web.servlet.view.RedirectView        : View name [redirect:], model {}
2025-03-04T12:20:01.864Z DEBUG 3796 --- [upt] [http-nio-8080-exec-9] o.s.web.servlet.DispatcherServlet        : Completed 302 FOUND
2025-03-04T12:20:01.871Z DEBUG 3796 --- [upt] [http-nio-8080-exec-7] o.s.web.servlet.DispatcherServlet        : GET "/login", parameters={}
2025-03-04T12:20:01.872Z DEBUG 3796 --- [upt] [http-nio-8080-exec-7] s.w.s.m.m.a.RequestMappingHandlerMapping : Mapped to com.upt.upt.UptWebController#login(String, Model)
2025-03-04T12:20:01.874Z DEBUG 3796 --- [upt] [http-nio-8080-exec-7] o.s.w.s.v.ContentNegotiatingViewResolver : Selected 'text/html' given [text/html, application/xhtml+xml, image/avif, image/webp, image/apng, application/xml;q=0.9, */*;q=0.8, application/signed-exchange;v=b3;q=0.7]
2025-03-04T12:20:01.876Z DEBUG 3796 --- [upt] [http-nio-8080-exec-7] o.s.web.servlet.DispatcherServlet        : Completed 200 OK
2025-03-04T12:20:06.273Z DEBUG 3796 --- [upt] [http-nio-8080-exec-3] o.s.web.servlet.DispatcherServlet        : POST "/validate-login", parameters={masked}
2025-03-04T12:20:06.274Z DEBUG 3796 --- [upt] [http-nio-8080-exec-3] s.w.s.m.m.a.RequestMappingHandlerMapping : Mapped to com.upt.upt.UptWebController#validateLogin(String, String, HttpSession)
2025-03-04T12:20:06.286Z DEBUG 3796 --- [upt] [http-nio-8080-exec-3] o.s.web.servlet.view.RedirectView        : View name [redirect:], model {}
2025-03-04T12:20:06.287Z DEBUG 3796 --- [upt] [http-nio-8080-exec-3] o.s.web.servlet.DispatcherServlet        : Completed 302 FOUND
2025-03-04T12:20:06.291Z DEBUG 3796 --- [upt] [http-nio-8080-exec-2] o.s.web.servlet.DispatcherServlet        : GET "/director", parameters={}
2025-03-04T12:20:06.292Z DEBUG 3796 --- [upt] [http-nio-8080-exec-2] s.w.s.m.m.a.RequestMappingHandlerMapping : Mapped to com.upt.upt.controller.DirectorUnitController#listDirectors(HttpSession, Model)
2025-03-04T12:20:06.302Z DEBUG 3796 --- [upt] [http-nio-8080-exec-2] o.s.w.s.v.ContentNegotiatingViewResolver : Selected 'text/html' given [text/html, application/xhtml+xml, image/avif, image/webp, image/apng, application/xml;q=0.9, */*;q=0.8, application/signed-exchange;v=b3;q=0.7]
2025-03-04T12:20:06.307Z DEBUG 3796 --- [upt] [http-nio-8080-exec-2] o.s.web.servlet.DispatcherServlet        : Completed 200 OK
2025-03-04T12:20:09.027Z DEBUG 3796 --- [upt] [http-nio-8080-exec-8] o.s.web.servlet.DispatcherServlet        : GET "/director/viewSemester/16", parameters={}
2025-03-04T12:20:09.028Z DEBUG 3796 --- [upt] [http-nio-8080-exec-8] s.w.s.m.m.a.RequestMappingHandlerMapping : Mapped to com.upt.upt.controller.DirectorUnitController#viewSemesters(Long, Model, HttpSession)
2025-03-04T12:20:09.036Z DEBUG 3796 --- [upt] [http-nio-8080-exec-8] o.s.w.s.v.ContentNegotiatingViewResolver : Selected 'text/html' given [text/html, application/xhtml+xml, image/avif, image/webp, image/apng, application/xml;q=0.9, */*;q=0.8, application/signed-exchange;v=b3;q=0.7]
2025-03-04T12:20:09.039Z DEBUG 3796 --- [upt] [http-nio-8080-exec-8] o.s.web.servlet.DispatcherServlet        : Completed 200 OK
2025-03-04T12:20:11.230Z DEBUG 3796 --- [upt] [http-nio-8080-exec-10] o.s.web.servlet.DispatcherServlet        : GET "/director/ucs/1st/16", parameters={}
2025-03-04T12:20:11.231Z DEBUG 3796 --- [upt] [http-nio-8080-exec-10] s.w.s.m.m.a.RequestMappingHandlerMapping : Mapped to com.upt.upt.controller.DirectorUnitController#viewSemesterUcs(String, Long, Model, HttpSession)
2025-03-04T12:20:11.238Z DEBUG 3796 --- [upt] [http-nio-8080-exec-10] o.s.w.s.v.ContentNegotiatingViewResolver : Selected 'text/html' given [text/html, application/xhtml+xml, image/avif, image/webp, image/apng, application/xml;q=0.9, */*;q=0.8, application/signed-exchange;v=b3;q=0.7]
2025-03-04T12:20:11.251Z DEBUG 3796 --- [upt] [http-nio-8080-exec-10] o.s.web.servlet.DispatcherServlet        : Completed 200 OK
2025-03-04T12:20:13.360Z DEBUG 3796 --- [upt] [http-nio-8080-exec-1] o.s.web.servlet.DispatcherServlet        : GET "/director/viewSemester/16", parameters={}
2025-03-04T12:20:13.362Z DEBUG 3796 --- [upt] [http-nio-8080-exec-1] s.w.s.m.m.a.RequestMappingHandlerMapping : Mapped to com.upt.upt.controller.DirectorUnitController#viewSemesters(Long, Model, HttpSession)
2025-03-04T12:20:13.370Z DEBUG 3796 --- [upt] [http-nio-8080-exec-1] o.s.w.s.v.ContentNegotiatingViewResolver : Selected 'text/html' given [text/html, application/xhtml+xml, image/avif, image/webp, image/apng, application/xml;q=0.9, */*;q=0.8, application/signed-exchange;v=b3;q=0.7]
2025-03-04T12:20:13.373Z DEBUG 3796 --- [upt] [http-nio-8080-exec-1] o.s.web.servlet.DispatcherServlet        : Completed 200 OK
2025-03-04T12:20:15.027Z DEBUG 3796 --- [upt] [http-nio-8080-exec-6] o.s.web.servlet.DispatcherServlet        : GET "/director/map/1st/16", parameters={}
2025-03-04T12:20:15.028Z DEBUG 3796 --- [upt] [http-nio-8080-exec-6] s.w.s.m.m.a.RequestMappingHandlerMapping : Mapped to com.upt.upt.controller.DirectorUnitController#viewSemesterMap(String, Long, Model, HttpSession)
2025-03-04T12:20:15.041Z DEBUG 3796 --- [upt] [http-nio-8080-exec-6] o.s.w.s.v.ContentNegotiatingViewResolver : Selected 'text/html' given [text/html, application/xhtml+xml, image/avif, image/webp, image/apng, application/xml;q=0.9, */*;q=0.8, application/signed-exchange;v=b3;q=0.7]
2025-03-04T12:20:15.064Z DEBUG 3796 --- [upt] [http-nio-8080-exec-6] o.s.web.servlet.DispatcherServlet        : Completed 200 OK
2025-03-04T12:20:15.067Z DEBUG 3796 --- [upt] [http-nio-8080-exec-4] o.s.web.servlet.DispatcherServlet        : GET "/director/map/1st/16", parameters={}
2025-03-04T12:20:15.068Z DEBUG 3796 --- [upt] [http-nio-8080-exec-4] s.w.s.m.m.a.RequestMappingHandlerMapping : Mapped to com.upt.upt.controller.DirectorUnitController#viewSemesterMap(String, Long, Model, HttpSession)
2025-03-04T12:20:15.081Z DEBUG 3796 --- [upt] [http-nio-8080-exec-4] o.s.w.s.v.ContentNegotiatingViewResolver : Selected 'text/html' given [text/html, application/xhtml+xml, image/avif, image/webp, image/apng, application/xml;q=0.9, */*;q=0.8, application/signed-exchange;v=b3;q=0.7]
2025-03-04T12:20:15.094Z DEBUG 3796 --- [upt] [http-nio-8080-exec-4] o.s.web.servlet.DispatcherServlet        : Completed 200 OK
2025-03-04T12:20:18.043Z DEBUG 3796 --- [upt] [http-nio-8080-exec-5] o.s.web.servlet.DispatcherServlet        : GET "/director/viewSemester/16", parameters={}
2025-03-04T12:20:18.044Z DEBUG 3796 --- [upt] [http-nio-8080-exec-5] s.w.s.m.m.a.RequestMappingHandlerMapping : Mapped to com.upt.upt.controller.DirectorUnitController#viewSemesters(Long, Model, HttpSession)
2025-03-04T12:20:18.053Z DEBUG 3796 --- [upt] [http-nio-8080-exec-5] o.s.w.s.v.ContentNegotiatingViewResolver : Selected 'text/html' given [text/html, application/xhtml+xml, image/avif, image/webp, image/apng, application/xml;q=0.9, */*;q=0.8, application/signed-exchange;v=b3;q=0.7]
2025-03-04T12:20:18.056Z DEBUG 3796 --- [upt] [http-nio-8080-exec-5] o.s.web.servlet.DispatcherServlet        : Completed 200 OK
2025-03-04T12:20:19.623Z DEBUG 3796 --- [upt] [http-nio-8080-exec-9] o.s.web.servlet.DispatcherServlet        : GET "/director", parameters={}
2025-03-04T12:20:19.624Z DEBUG 3796 --- [upt] [http-nio-8080-exec-9] s.w.s.m.m.a.RequestMappingHandlerMapping : Mapped to com.upt.upt.controller.DirectorUnitController#listDirectors(HttpSession, Model)
2025-03-04T12:20:19.645Z DEBUG 3796 --- [upt] [http-nio-8080-exec-9] o.s.w.s.v.ContentNegotiatingViewResolver : Selected 'text/html' given [text/html, application/xhtml+xml, image/avif, image/webp, image/apng, application/xml;q=0.9, */*;q=0.8, application/signed-exchange;v=b3;q=0.7]
2025-03-04T12:20:19.654Z DEBUG 3796 --- [upt] [http-nio-8080-exec-9] o.s.web.servlet.DispatcherServlet        : Completed 200 OK
2025-03-04T12:21:20.661Z DEBUG 3796 --- [upt] [http-nio-8080-exec-3] o.s.web.servlet.DispatcherServlet        : GET "/director/create-coordinator", parameters={}
2025-03-04T12:21:20.662Z DEBUG 3796 --- [upt] [http-nio-8080-exec-3] s.w.s.m.m.a.RequestMappingHandlerMapping : Mapped to com.upt.upt.controller.CoordinatorUnitController#createCoordinatorForm(HttpSession, Model)
2025-03-04T12:21:20.672Z DEBUG 3796 --- [upt] [http-nio-8080-exec-3] o.s.w.s.v.ContentNegotiatingViewResolver : Selected 'text/html' given [text/html, application/xhtml+xml, image/avif, image/webp, image/apng, application/xml;q=0.9, */*;q=0.8, application/signed-exchange;v=b3;q=0.7]
2025-03-04T12:21:20.675Z DEBUG 3796 --- [upt] [http-nio-8080-exec-3] o.s.web.servlet.DispatcherServlet        : Completed 200 OK
2025-03-04T12:22:12.873Z DEBUG 3796 --- [upt] [http-nio-8080-exec-2] o.s.web.servlet.DispatcherServlet        : POST "/director/create-coordinator", parameters={masked}
2025-03-04T12:22:12.874Z DEBUG 3796 --- [upt] [http-nio-8080-exec-2] s.w.s.m.m.a.RequestMappingHandlerMapping : Mapped to com.upt.upt.controller.CoordinatorUnitController#saveCoordinator(CoordinatorUnit, HttpSession)
2025-03-04T12:22:12.918Z DEBUG 3796 --- [upt] [http-nio-8080-exec-2] o.s.web.servlet.view.RedirectView        : View name [redirect:], model {}
2025-03-04T12:22:12.919Z DEBUG 3796 --- [upt] [http-nio-8080-exec-2] o.s.web.servlet.DispatcherServlet        : Completed 302 FOUND
2025-03-04T12:22:12.924Z DEBUG 3796 --- [upt] [http-nio-8080-exec-8] o.s.web.servlet.DispatcherServlet        : GET "/director", parameters={}
2025-03-04T12:22:12.926Z DEBUG 3796 --- [upt] [http-nio-8080-exec-8] s.w.s.m.m.a.RequestMappingHandlerMapping : Mapped to com.upt.upt.controller.DirectorUnitController#listDirectors(HttpSession, Model)
2025-03-04T12:22:12.934Z DEBUG 3796 --- [upt] [http-nio-8080-exec-8] o.s.w.s.v.ContentNegotiatingViewResolver : Selected 'text/html' given [text/html, application/xhtml+xml, image/avif, image/webp, image/apng, application/xml;q=0.9, */*;q=0.8, application/signed-exchange;v=b3;q=0.7]
2025-03-04T12:22:12.940Z DEBUG 3796 --- [upt] [http-nio-8080-exec-8] o.s.web.servlet.DispatcherServlet        : Completed 200 OK
2025-03-04T12:22:16.086Z DEBUG 3796 --- [upt] [http-nio-8080-exec-10] o.s.web.servlet.DispatcherServlet        : GET "/logout", parameters={}
2025-03-04T12:22:16.087Z DEBUG 3796 --- [upt] [http-nio-8080-exec-10] s.w.s.m.m.a.RequestMappingHandlerMapping : Mapped to com.upt.upt.UptWebController#logout(HttpSession)
2025-03-04T12:22:16.088Z DEBUG 3796 --- [upt] [http-nio-8080-exec-10] o.s.web.servlet.view.RedirectView        : View name [redirect:], model {}
2025-03-04T12:22:16.090Z DEBUG 3796 --- [upt] [http-nio-8080-exec-10] o.s.web.servlet.DispatcherServlet        : Completed 302 FOUND
2025-03-04T12:22:16.096Z DEBUG 3796 --- [upt] [http-nio-8080-exec-1] o.s.web.servlet.DispatcherServlet        : GET "/login", parameters={}
2025-03-04T12:22:16.096Z DEBUG 3796 --- [upt] [http-nio-8080-exec-1] s.w.s.m.m.a.RequestMappingHandlerMapping : Mapped to com.upt.upt.UptWebController#login(String, Model)
2025-03-04T12:22:16.098Z DEBUG 3796 --- [upt] [http-nio-8080-exec-1] o.s.w.s.v.ContentNegotiatingViewResolver : Selected 'text/html' given [text/html, application/xhtml+xml, image/avif, image/webp, image/apng, application/xml;q=0.9, */*;q=0.8, application/signed-exchange;v=b3;q=0.7]
2025-03-04T12:22:16.099Z DEBUG 3796 --- [upt] [http-nio-8080-exec-1] o.s.web.servlet.DispatcherServlet        : Completed 200 OK
2025-03-04T12:22:20.455Z DEBUG 3796 --- [upt] [http-nio-8080-exec-6] o.s.web.servlet.DispatcherServlet        : POST "/validate-login", parameters={masked}
2025-03-04T12:22:20.456Z DEBUG 3796 --- [upt] [http-nio-8080-exec-6] s.w.s.m.m.a.RequestMappingHandlerMapping : Mapped to com.upt.upt.UptWebController#validateLogin(String, String, HttpSession)
2025-03-04T12:22:20.477Z DEBUG 3796 --- [upt] [http-nio-8080-exec-6] o.s.web.servlet.view.RedirectView        : View name [redirect:], model {}
2025-03-04T12:22:20.478Z DEBUG 3796 --- [upt] [http-nio-8080-exec-6] o.s.web.servlet.DispatcherServlet        : Completed 302 FOUND
2025-03-04T12:22:20.484Z DEBUG 3796 --- [upt] [http-nio-8080-exec-4] o.s.web.servlet.DispatcherServlet        : GET "/coordinator", parameters={}
2025-03-04T12:22:20.485Z DEBUG 3796 --- [upt] [http-nio-8080-exec-4] s.w.s.m.m.a.RequestMappingHandlerMapping : Mapped to com.upt.upt.controller.CurricularUnitController#showCourseList(Model, HttpSession)
2025-03-04T12:22:20.498Z DEBUG 3796 --- [upt] [http-nio-8080-exec-4] o.s.w.s.v.ContentNegotiatingViewResolver : Selected 'text/html' given [text/html, application/xhtml+xml, image/avif, image/webp, image/apng, application/xml;q=0.9, */*;q=0.8, application/signed-exchange;v=b3;q=0.7]
2025-03-04T12:22:20.500Z DEBUG 3796 --- [upt] [http-nio-8080-exec-4] o.s.web.servlet.DispatcherServlet        : Completed 200 OK
2025-03-04T12:22:23.345Z DEBUG 3796 --- [upt] [http-nio-8080-exec-5] o.s.web.servlet.DispatcherServlet        : GET "/coordinator/create-uc", parameters={}
2025-03-04T12:22:23.345Z DEBUG 3796 --- [upt] [http-nio-8080-exec-5] s.w.s.m.m.a.RequestMappingHandlerMapping : Mapped to com.upt.upt.controller.CurricularUnitController#createUC(HttpSession, Model)
2025-03-04T12:22:23.352Z DEBUG 3796 --- [upt] [http-nio-8080-exec-5] o.s.w.s.v.ContentNegotiatingViewResolver : Selected 'text/html' given [text/html, application/xhtml+xml, image/avif, image/webp, image/apng, application/xml;q=0.9, */*;q=0.8, application/signed-exchange;v=b3;q=0.7]
2025-03-04T12:22:23.354Z DEBUG 3796 --- [upt] [http-nio-8080-exec-5] o.s.web.servlet.DispatcherServlet        : Completed 200 OK
2025-03-04T12:22:31.940Z DEBUG 3796 --- [upt] [http-nio-8080-exec-9] o.s.web.servlet.DispatcherServlet        : GET "/master", parameters={}
2025-03-04T12:22:31.941Z DEBUG 3796 --- [upt] [http-nio-8080-exec-9] s.w.s.m.m.a.RequestMappingHandlerMapping : Mapped to com.upt.upt.controller.MasterUnitController#listDirectorsMastersAndRooms(Model, HttpSession)
2025-03-04T12:22:31.942Z DEBUG 3796 --- [upt] [http-nio-8080-exec-9] o.s.web.servlet.view.RedirectView        : View name [redirect:], model {}
2025-03-04T12:22:31.943Z DEBUG 3796 --- [upt] [http-nio-8080-exec-9] o.s.web.servlet.DispatcherServlet        : Completed 302 FOUND
2025-03-04T12:22:31.952Z DEBUG 3796 --- [upt] [http-nio-8080-exec-7] o.s.web.servlet.DispatcherServlet        : GET "/login?error=Unauthorized%20access", parameters={masked}
2025-03-04T12:22:31.954Z DEBUG 3796 --- [upt] [http-nio-8080-exec-7] s.w.s.m.m.a.RequestMappingHandlerMapping : Mapped to com.upt.upt.UptWebController#login(String, Model)
2025-03-04T12:22:31.956Z DEBUG 3796 --- [upt] [http-nio-8080-exec-7] o.s.w.s.v.ContentNegotiatingViewResolver : Selected 'text/html' given [text/html, application/xhtml+xml, image/avif, image/webp, image/apng, application/xml;q=0.9, */*;q=0.8, application/signed-exchange;v=b3;q=0.7]
2025-03-04T12:22:31.957Z DEBUG 3796 --- [upt] [http-nio-8080-exec-7] o.s.web.servlet.DispatcherServlet        : Completed 200 OK
2025-03-04T12:22:35.432Z DEBUG 3796 --- [upt] [http-nio-8080-exec-3] o.s.web.servlet.DispatcherServlet        : POST "/validate-login", parameters={masked}
2025-03-04T12:22:35.433Z DEBUG 3796 --- [upt] [http-nio-8080-exec-3] s.w.s.m.m.a.RequestMappingHandlerMapping : Mapped to com.upt.upt.UptWebController#validateLogin(String, String, HttpSession)
2025-03-04T12:22:35.451Z DEBUG 3796 --- [upt] [http-nio-8080-exec-3] o.s.web.servlet.view.RedirectView        : View name [redirect:], model {}
2025-03-04T12:22:35.452Z DEBUG 3796 --- [upt] [http-nio-8080-exec-3] o.s.web.servlet.DispatcherServlet        : Completed 302 FOUND
2025-03-04T12:22:35.457Z DEBUG 3796 --- [upt] [http-nio-8080-exec-2] o.s.web.servlet.DispatcherServlet        : GET "/coordinator", parameters={}
2025-03-04T12:22:35.458Z DEBUG 3796 --- [upt] [http-nio-8080-exec-2] s.w.s.m.m.a.RequestMappingHandlerMapping : Mapped to com.upt.upt.controller.CurricularUnitController#showCourseList(Model, HttpSession)
2025-03-04T12:22:35.473Z DEBUG 3796 --- [upt] [http-nio-8080-exec-2] o.s.w.s.v.ContentNegotiatingViewResolver : Selected 'text/html' given [text/html, application/xhtml+xml, image/avif, image/webp, image/apng, application/xml;q=0.9, */*;q=0.8, application/signed-exchange;v=b3;q=0.7]
2025-03-04T12:22:35.481Z DEBUG 3796 --- [upt] [http-nio-8080-exec-2] o.s.web.servlet.DispatcherServlet        : Completed 200 OK
2025-03-04T12:22:37.940Z DEBUG 3796 --- [upt] [http-nio-8080-exec-8] o.s.web.servlet.DispatcherServlet        : GET "/coordinator/create-uc", parameters={}
2025-03-04T12:22:37.941Z DEBUG 3796 --- [upt] [http-nio-8080-exec-8] s.w.s.m.m.a.RequestMappingHandlerMapping : Mapped to com.upt.upt.controller.CurricularUnitController#createUC(HttpSession, Model)
2025-03-04T12:22:37.947Z DEBUG 3796 --- [upt] [http-nio-8080-exec-8] o.s.w.s.v.ContentNegotiatingViewResolver : Selected 'text/html' given [text/html, application/xhtml+xml, image/avif, image/webp, image/apng, application/xml;q=0.9, */*;q=0.8, application/signed-exchange;v=b3;q=0.7]
2025-03-04T12:22:37.950Z DEBUG 3796 --- [upt] [http-nio-8080-exec-8] o.s.web.servlet.DispatcherServlet        : Completed 200 OK
2025-03-04T12:22:40.034Z DEBUG 3796 --- [upt] [http-nio-8080-exec-10] o.s.web.servlet.DispatcherServlet        : GET "/coordinator", parameters={}
2025-03-04T12:22:40.035Z DEBUG 3796 --- [upt] [http-nio-8080-exec-10] s.w.s.m.m.a.RequestMappingHandlerMapping : Mapped to com.upt.upt.controller.CurricularUnitController#showCourseList(Model, HttpSession)
2025-03-04T12:22:40.048Z DEBUG 3796 --- [upt] [http-nio-8080-exec-10] o.s.w.s.v.ContentNegotiatingViewResolver : Selected 'text/html' given [text/html, application/xhtml+xml, image/avif, image/webp, image/apng, application/xml;q=0.9, */*;q=0.8, application/signed-exchange;v=b3;q=0.7]
2025-03-04T12:22:40.056Z DEBUG 3796 --- [upt] [http-nio-8080-exec-10] o.s.web.servlet.DispatcherServlet        : Completed 200 OK
2025-03-04T12:22:48.667Z DEBUG 3796 --- [upt] [http-nio-8080-exec-1] o.s.web.servlet.DispatcherServlet        : GET "/coordinator/coordinator_evaluationsUC?id=2", parameters={masked}
2025-03-04T12:22:48.667Z DEBUG 3796 --- [upt] [http-nio-8080-exec-1] s.w.s.m.m.a.RequestMappingHandlerMapping : Mapped to com.upt.upt.controller.CurricularUnitController#evaluationsUCCurricular(Long, Model, HttpSession)
2025-03-04T12:22:48.681Z DEBUG 3796 --- [upt] [http-nio-8080-exec-1] o.s.w.s.v.ContentNegotiatingViewResolver : Selected 'text/html' given [text/html, application/xhtml+xml, image/avif, image/webp, image/apng, application/xml;q=0.9, */*;q=0.8, application/signed-exchange;v=b3;q=0.7]
2025-03-04T12:22:48.693Z DEBUG 3796 --- [upt] [http-nio-8080-exec-1] o.s.web.servlet.DispatcherServlet        : Completed 200 OK
2025-03-04T12:22:51.518Z DEBUG 3796 --- [upt] [http-nio-8080-exec-6] o.s.web.servlet.DispatcherServlet        : GET "/logout", parameters={}
2025-03-04T12:22:51.519Z DEBUG 3796 --- [upt] [http-nio-8080-exec-6] s.w.s.m.m.a.RequestMappingHandlerMapping : Mapped to com.upt.upt.UptWebController#logout(HttpSession)
2025-03-04T12:22:51.521Z DEBUG 3796 --- [upt] [http-nio-8080-exec-6] o.s.web.servlet.view.RedirectView        : View name [redirect:], model {}
2025-03-04T12:22:51.522Z DEBUG 3796 --- [upt] [http-nio-8080-exec-6] o.s.web.servlet.DispatcherServlet        : Completed 302 FOUND
2025-03-04T12:22:51.529Z DEBUG 3796 --- [upt] [http-nio-8080-exec-4] o.s.web.servlet.DispatcherServlet        : GET "/login", parameters={}
2025-03-04T12:22:51.530Z DEBUG 3796 --- [upt] [http-nio-8080-exec-4] s.w.s.m.m.a.RequestMappingHandlerMapping : Mapped to com.upt.upt.UptWebController#login(String, Model)
2025-03-04T12:22:51.531Z DEBUG 3796 --- [upt] [http-nio-8080-exec-4] o.s.w.s.v.ContentNegotiatingViewResolver : Selected 'text/html' given [text/html, application/xhtml+xml, image/avif, image/webp, image/apng, application/xml;q=0.9, */*;q=0.8, application/signed-exchange;v=b3;q=0.7]
2025-03-04T12:22:51.533Z DEBUG 3796 --- [upt] [http-nio-8080-exec-4] o.s.web.servlet.DispatcherServlet        : Completed 200 OK
2025-03-04T12:22:54.311Z DEBUG 3796 --- [upt] [http-nio-8080-exec-5] o.s.web.servlet.DispatcherServlet        : POST "/validate-login", parameters={masked}
2025-03-04T12:22:54.312Z DEBUG 3796 --- [upt] [http-nio-8080-exec-5] s.w.s.m.m.a.RequestMappingHandlerMapping : Mapped to com.upt.upt.UptWebController#validateLogin(String, String, HttpSession)
2025-03-04T12:22:54.327Z DEBUG 3796 --- [upt] [http-nio-8080-exec-5] o.s.web.servlet.view.RedirectView        : View name [redirect:], model {}
2025-03-04T12:22:54.328Z DEBUG 3796 --- [upt] [http-nio-8080-exec-5] o.s.web.servlet.DispatcherServlet        : Completed 302 FOUND
2025-03-04T12:22:54.333Z DEBUG 3796 --- [upt] [http-nio-8080-exec-9] o.s.web.servlet.DispatcherServlet        : GET "/coordinator", parameters={}
2025-03-04T12:22:54.334Z DEBUG 3796 --- [upt] [http-nio-8080-exec-9] s.w.s.m.m.a.RequestMappingHandlerMapping : Mapped to com.upt.upt.controller.CurricularUnitController#showCourseList(Model, HttpSession)
2025-03-04T12:22:54.344Z DEBUG 3796 --- [upt] [http-nio-8080-exec-9] o.s.w.s.v.ContentNegotiatingViewResolver : Selected 'text/html' given [text/html, application/xhtml+xml, image/avif, image/webp, image/apng, application/xml;q=0.9, */*;q=0.8, application/signed-exchange;v=b3;q=0.7]
2025-03-04T12:22:54.346Z DEBUG 3796 --- [upt] [http-nio-8080-exec-9] o.s.web.servlet.DispatcherServlet        : Completed 200 OK
2025-03-04T12:23:02.001Z DEBUG 3796 --- [upt] [http-nio-8080-exec-7] o.s.web.servlet.DispatcherServlet        : GET "/coordinator/create-uc", parameters={}
2025-03-04T12:23:02.002Z DEBUG 3796 --- [upt] [http-nio-8080-exec-7] s.w.s.m.m.a.RequestMappingHandlerMapping : Mapped to com.upt.upt.controller.CurricularUnitController#createUC(HttpSession, Model)
2025-03-04T12:23:02.009Z DEBUG 3796 --- [upt] [http-nio-8080-exec-7] o.s.w.s.v.ContentNegotiatingViewResolver : Selected 'text/html' given [text/html, application/xhtml+xml, image/avif, image/webp, image/apng, application/xml;q=0.9, */*;q=0.8, application/signed-exchange;v=b3;q=0.7]
2025-03-04T12:23:02.013Z DEBUG 3796 --- [upt] [http-nio-8080-exec-7] o.s.web.servlet.DispatcherServlet        : Completed 200 OK
2025-03-04T12:23:29.803Z DEBUG 3796 --- [upt] [http-nio-8080-exec-3] o.s.web.servlet.DispatcherServlet        : POST "/coordinator/create-uc", parameters={masked}
2025-03-04T12:23:29.804Z DEBUG 3796 --- [upt] [http-nio-8080-exec-3] s.w.s.m.m.a.RequestMappingHandlerMapping : Mapped to com.upt.upt.controller.CurricularUnitController#createCurricularUnit(String, Integer, String, Boolean, Integer, Integer, Integer, HttpSession, Model)
2025-03-04T12:23:29.826Z DEBUG 3796 --- [upt] [http-nio-8080-exec-3] o.s.web.servlet.view.RedirectView        : View name [redirect:], model {}
2025-03-04T12:23:29.827Z DEBUG 3796 --- [upt] [http-nio-8080-exec-3] o.s.web.servlet.DispatcherServlet        : Completed 302 FOUND
2025-03-04T12:23:29.833Z DEBUG 3796 --- [upt] [http-nio-8080-exec-2] o.s.web.servlet.DispatcherServlet        : GET "/coordinator", parameters={}
2025-03-04T12:23:29.835Z DEBUG 3796 --- [upt] [http-nio-8080-exec-2] s.w.s.m.m.a.RequestMappingHandlerMapping : Mapped to com.upt.upt.controller.CurricularUnitController#showCourseList(Model, HttpSession)
2025-03-04T12:23:29.847Z DEBUG 3796 --- [upt] [http-nio-8080-exec-2] o.s.w.s.v.ContentNegotiatingViewResolver : Selected 'text/html' given [text/html, application/xhtml+xml, image/avif, image/webp, image/apng, application/xml;q=0.9, */*;q=0.8, application/signed-exchange;v=b3;q=0.7]
2025-03-04T12:23:29.851Z DEBUG 3796 --- [upt] [http-nio-8080-exec-2] o.s.web.servlet.DispatcherServlet        : Completed 200 OK
2025-03-04T12:23:35.973Z DEBUG 3796 --- [upt] [http-nio-8080-exec-8] o.s.web.servlet.DispatcherServlet        : GET "/coordinator/coordinator_evaluationsUC?id=3", parameters={masked}
2025-03-04T12:23:35.974Z DEBUG 3796 --- [upt] [http-nio-8080-exec-8] s.w.s.m.m.a.RequestMappingHandlerMapping : Mapped to com.upt.upt.controller.CurricularUnitController#evaluationsUCCurricular(Long, Model, HttpSession)
2025-03-04T12:23:35.987Z DEBUG 3796 --- [upt] [http-nio-8080-exec-8] o.s.w.s.v.ContentNegotiatingViewResolver : Selected 'text/html' given [text/html, application/xhtml+xml, image/avif, image/webp, image/apng, application/xml;q=0.9, */*;q=0.8, application/signed-exchange;v=b3;q=0.7]
2025-03-04T12:23:35.989Z DEBUG 3796 --- [upt] [http-nio-8080-exec-8] o.s.web.servlet.DispatcherServlet        : Completed 200 OK
2025-03-04T12:23:37.377Z DEBUG 3796 --- [upt] [http-nio-8080-exec-10] o.s.web.servlet.DispatcherServlet        : GET "/coordinator/coordinator_create_evaluation?curricularUnitId=3", parameters={masked}
2025-03-04T12:23:37.378Z DEBUG 3796 --- [upt] [http-nio-8080-exec-10] s.w.s.m.m.a.RequestMappingHandlerMapping : Mapped to com.upt.upt.controller.AssessmentUnitController#createEvaluationPage(Long, Model, String, HttpSession)
2025-03-04T12:23:37.393Z DEBUG 3796 --- [upt] [http-nio-8080-exec-10] o.s.w.s.v.ContentNegotiatingViewResolver : Selected 'text/html' given [text/html, application/xhtml+xml, image/avif, image/webp, image/apng, application/xml;q=0.9, */*;q=0.8, application/signed-exchange;v=b3;q=0.7]
2025-03-04T12:23:37.395Z DEBUG 3796 --- [upt] [http-nio-8080-exec-10] o.s.web.servlet.DispatcherServlet        : Completed 200 OK
2025-03-04T12:24:21.349Z DEBUG 3796 --- [upt] [http-nio-8080-exec-1] o.s.web.servlet.DispatcherServlet        : POST "/coordinator/coordinator_addEvaluation", parameters={masked}
2025-03-04T12:24:21.350Z DEBUG 3796 --- [upt] [http-nio-8080-exec-1] s.w.s.m.m.a.RequestMappingHandlerMapping : Mapped to com.upt.upt.controller.AssessmentUnitController#saveEvaluation(Map, HttpSession, Model)
2025-03-04T12:24:21.575Z DEBUG 3796 --- [upt] [http-nio-8080-exec-1] o.s.web.servlet.view.RedirectView        : View name [redirect:], model {}
2025-03-04T12:24:21.577Z DEBUG 3796 --- [upt] [http-nio-8080-exec-1] o.s.web.servlet.DispatcherServlet        : Completed 302 FOUND
2025-03-04T12:24:21.581Z DEBUG 3796 --- [upt] [http-nio-8080-exec-6] o.s.web.servlet.DispatcherServlet        : GET "/coordinator/coordinator_evaluationsUC?id=3", parameters={masked}
2025-03-04T12:24:21.582Z DEBUG 3796 --- [upt] [http-nio-8080-exec-6] s.w.s.m.m.a.RequestMappingHandlerMapping : Mapped to com.upt.upt.controller.CurricularUnitController#evaluationsUCCurricular(Long, Model, HttpSession)
2025-03-04T12:24:21.593Z DEBUG 3796 --- [upt] [http-nio-8080-exec-6] o.s.w.s.v.ContentNegotiatingViewResolver : Selected 'text/html' given [text/html, application/xhtml+xml, image/avif, image/webp, image/apng, application/xml;q=0.9, */*;q=0.8, application/signed-exchange;v=b3;q=0.7]
2025-03-04T12:24:21.599Z DEBUG 3796 --- [upt] [http-nio-8080-exec-6] o.s.web.servlet.DispatcherServlet        : Completed 200 OK
2025-03-04T12:24:42.467Z DEBUG 3796 --- [upt] [http-nio-8080-exec-4] o.s.web.servlet.DispatcherServlet        : GET "/coordinator/coordinator_create_evaluation?curricularUnitId=3", parameters={masked}
2025-03-04T12:24:42.468Z DEBUG 3796 --- [upt] [http-nio-8080-exec-4] s.w.s.m.m.a.RequestMappingHandlerMapping : Mapped to com.upt.upt.controller.AssessmentUnitController#createEvaluationPage(Long, Model, String, HttpSession)
2025-03-04T12:24:42.483Z DEBUG 3796 --- [upt] [http-nio-8080-exec-4] o.s.w.s.v.ContentNegotiatingViewResolver : Selected 'text/html' given [text/html, application/xhtml+xml, image/avif, image/webp, image/apng, application/xml;q=0.9, */*;q=0.8, application/signed-exchange;v=b3;q=0.7]
2025-03-04T12:24:42.486Z DEBUG 3796 --- [upt] [http-nio-8080-exec-4] o.s.web.servlet.DispatcherServlet        : Completed 200 OK
2025-03-04T12:25:14.543Z DEBUG 3796 --- [upt] [http-nio-8080-exec-5] o.s.web.servlet.DispatcherServlet        : POST "/coordinator/coordinator_addEvaluation", parameters={masked}
2025-03-04T12:25:14.544Z DEBUG 3796 --- [upt] [http-nio-8080-exec-5] s.w.s.m.m.a.RequestMappingHandlerMapping : Mapped to com.upt.upt.controller.AssessmentUnitController#saveEvaluation(Map, HttpSession, Model)
2025-03-04T12:25:16.251Z DEBUG 3796 --- [upt] [http-nio-8080-exec-5] o.s.web.servlet.view.RedirectView        : View name [redirect:], model {}
2025-03-04T12:25:16.252Z DEBUG 3796 --- [upt] [http-nio-8080-exec-5] o.s.web.servlet.DispatcherServlet        : Completed 302 FOUND
2025-03-04T12:25:16.260Z DEBUG 3796 --- [upt] [http-nio-8080-exec-9] o.s.web.servlet.DispatcherServlet        : GET "/coordinator/coordinator_create_evaluation?curricularUnitId=3&error=No%20available%20rooms%20found%20for%20the%20specified%20time%20and%20day.", parameters={masked}
2025-03-04T12:25:16.261Z DEBUG 3796 --- [upt] [http-nio-8080-exec-9] s.w.s.m.m.a.RequestMappingHandlerMapping : Mapped to com.upt.upt.controller.AssessmentUnitController#createEvaluationPage(Long, Model, String, HttpSession)
2025-03-04T12:25:16.279Z DEBUG 3796 --- [upt] [http-nio-8080-exec-9] o.s.w.s.v.ContentNegotiatingViewResolver : Selected 'text/html' given [text/html, application/xhtml+xml, image/avif, image/webp, image/apng, application/xml;q=0.9, */*;q=0.8, application/signed-exchange;v=b3;q=0.7]
2025-03-04T12:25:16.282Z DEBUG 3796 --- [upt] [http-nio-8080-exec-9] o.s.web.servlet.DispatcherServlet        : Completed 200 OK
2025-03-04T12:25:48.709Z DEBUG 3796 --- [upt] [http-nio-8080-exec-7] o.s.web.servlet.DispatcherServlet        : POST "/coordinator/coordinator_addEvaluation", parameters={masked}
2025-03-04T12:25:48.710Z DEBUG 3796 --- [upt] [http-nio-8080-exec-7] s.w.s.m.m.a.RequestMappingHandlerMapping : Mapped to com.upt.upt.controller.AssessmentUnitController#saveEvaluation(Map, HttpSession, Model)
2025-03-04T12:25:48.896Z DEBUG 3796 --- [upt] [http-nio-8080-exec-7] o.s.web.servlet.view.RedirectView        : View name [redirect:], model {}
2025-03-04T12:25:48.897Z DEBUG 3796 --- [upt] [http-nio-8080-exec-7] o.s.web.servlet.DispatcherServlet        : Completed 302 FOUND
2025-03-04T12:25:48.903Z DEBUG 3796 --- [upt] [http-nio-8080-exec-3] o.s.web.servlet.DispatcherServlet        : GET "/coordinator/coordinator_evaluationsUC?id=3", parameters={masked}
2025-03-04T12:25:48.903Z DEBUG 3796 --- [upt] [http-nio-8080-exec-3] s.w.s.m.m.a.RequestMappingHandlerMapping : Mapped to com.upt.upt.controller.CurricularUnitController#evaluationsUCCurricular(Long, Model, HttpSession)
2025-03-04T12:25:48.910Z DEBUG 3796 --- [upt] [http-nio-8080-exec-3] o.s.w.s.v.ContentNegotiatingViewResolver : Selected 'text/html' given [text/html, application/xhtml+xml, image/avif, image/webp, image/apng, application/xml;q=0.9, */*;q=0.8, application/signed-exchange;v=b3;q=0.7]
2025-03-04T12:25:48.921Z DEBUG 3796 --- [upt] [http-nio-8080-exec-3] o.s.web.servlet.DispatcherServlet        : Completed 200 OK
2025-03-04T12:25:58.152Z DEBUG 3796 --- [upt] [http-nio-8080-exec-2] o.s.web.servlet.DispatcherServlet        : GET "/coordinator", parameters={}
2025-03-04T12:25:58.153Z DEBUG 3796 --- [upt] [http-nio-8080-exec-2] s.w.s.m.m.a.RequestMappingHandlerMapping : Mapped to com.upt.upt.controller.CurricularUnitController#showCourseList(Model, HttpSession)
2025-03-04T12:25:58.166Z DEBUG 3796 --- [upt] [http-nio-8080-exec-2] o.s.w.s.v.ContentNegotiatingViewResolver : Selected 'text/html' given [text/html, application/xhtml+xml, image/avif, image/webp, image/apng, application/xml;q=0.9, */*;q=0.8, application/signed-exchange;v=b3;q=0.7]
2025-03-04T12:25:58.172Z DEBUG 3796 --- [upt] [http-nio-8080-exec-2] o.s.web.servlet.DispatcherServlet        : Completed 200 OK
2025-03-04T12:26:11.417Z DEBUG 3796 --- [upt] [http-nio-8080-exec-8] o.s.web.servlet.DispatcherServlet        : GET "/coordinator/create-uc", parameters={}
2025-03-04T12:26:11.418Z DEBUG 3796 --- [upt] [http-nio-8080-exec-8] s.w.s.m.m.a.RequestMappingHandlerMapping : Mapped to com.upt.upt.controller.CurricularUnitController#createUC(HttpSession, Model)
2025-03-04T12:26:11.424Z DEBUG 3796 --- [upt] [http-nio-8080-exec-8] o.s.w.s.v.ContentNegotiatingViewResolver : Selected 'text/html' given [text/html, application/xhtml+xml, image/avif, image/webp, image/apng, application/xml;q=0.9, */*;q=0.8, application/signed-exchange;v=b3;q=0.7]
2025-03-04T12:26:11.427Z DEBUG 3796 --- [upt] [http-nio-8080-exec-8] o.s.web.servlet.DispatcherServlet        : Completed 200 OK
2025-03-04T12:26:26.224Z DEBUG 3796 --- [upt] [http-nio-8080-exec-10] o.s.web.servlet.DispatcherServlet        : POST "/coordinator/create-uc", parameters={masked}
2025-03-04T12:26:26.225Z DEBUG 3796 --- [upt] [http-nio-8080-exec-10] s.w.s.m.m.a.RequestMappingHandlerMapping : Mapped to com.upt.upt.controller.CurricularUnitController#createCurricularUnit(String, Integer, String, Boolean, Integer, Integer, Integer, HttpSession, Model)
2025-03-04T12:26:26.248Z DEBUG 3796 --- [upt] [http-nio-8080-exec-10] o.s.web.servlet.view.RedirectView        : View name [redirect:], model {}
2025-03-04T12:26:26.249Z DEBUG 3796 --- [upt] [http-nio-8080-exec-10] o.s.web.servlet.DispatcherServlet        : Completed 302 FOUND
2025-03-04T12:26:26.258Z DEBUG 3796 --- [upt] [http-nio-8080-exec-1] o.s.web.servlet.DispatcherServlet        : GET "/coordinator", parameters={}
2025-03-04T12:26:26.259Z DEBUG 3796 --- [upt] [http-nio-8080-exec-1] s.w.s.m.m.a.RequestMappingHandlerMapping : Mapped to com.upt.upt.controller.CurricularUnitController#showCourseList(Model, HttpSession)
2025-03-04T12:26:26.274Z DEBUG 3796 --- [upt] [http-nio-8080-exec-1] o.s.w.s.v.ContentNegotiatingViewResolver : Selected 'text/html' given [text/html, application/xhtml+xml, image/avif, image/webp, image/apng, application/xml;q=0.9, */*;q=0.8, application/signed-exchange;v=b3;q=0.7]
2025-03-04T12:26:26.284Z DEBUG 3796 --- [upt] [http-nio-8080-exec-1] o.s.web.servlet.DispatcherServlet        : Completed 200 OK
2025-03-04T12:26:29.241Z DEBUG 3796 --- [upt] [http-nio-8080-exec-6] o.s.web.servlet.DispatcherServlet        : GET "/coordinator/coordinator_evaluationsUC?id=4", parameters={masked}
2025-03-04T12:26:29.241Z DEBUG 3796 --- [upt] [http-nio-8080-exec-6] s.w.s.m.m.a.RequestMappingHandlerMapping : Mapped to com.upt.upt.controller.CurricularUnitController#evaluationsUCCurricular(Long, Model, HttpSession)
2025-03-04T12:26:29.253Z DEBUG 3796 --- [upt] [http-nio-8080-exec-6] o.s.w.s.v.ContentNegotiatingViewResolver : Selected 'text/html' given [text/html, application/xhtml+xml, image/avif, image/webp, image/apng, application/xml;q=0.9, */*;q=0.8, application/signed-exchange;v=b3;q=0.7]
2025-03-04T12:26:29.256Z DEBUG 3796 --- [upt] [http-nio-8080-exec-6] o.s.web.servlet.DispatcherServlet        : Completed 200 OK
2025-03-04T12:26:31.146Z DEBUG 3796 --- [upt] [http-nio-8080-exec-4] o.s.web.servlet.DispatcherServlet        : GET "/coordinator/coordinator_create_evaluation?curricularUnitId=4", parameters={masked}
2025-03-04T12:26:31.147Z DEBUG 3796 --- [upt] [http-nio-8080-exec-4] s.w.s.m.m.a.RequestMappingHandlerMapping : Mapped to com.upt.upt.controller.AssessmentUnitController#createEvaluationPage(Long, Model, String, HttpSession)
2025-03-04T12:26:31.169Z DEBUG 3796 --- [upt] [http-nio-8080-exec-4] o.s.w.s.v.ContentNegotiatingViewResolver : Selected 'text/html' given [text/html, application/xhtml+xml, image/avif, image/webp, image/apng, application/xml;q=0.9, */*;q=0.8, application/signed-exchange;v=b3;q=0.7]
2025-03-04T12:26:31.171Z DEBUG 3796 --- [upt] [http-nio-8080-exec-4] o.s.web.servlet.DispatcherServlet        : Completed 200 OK
2025-03-04T12:26:49.691Z DEBUG 3796 --- [upt] [http-nio-8080-exec-5] o.s.web.servlet.DispatcherServlet        : POST "/coordinator/coordinator_addEvaluation", parameters={masked}
2025-03-04T12:26:49.692Z DEBUG 3796 --- [upt] [http-nio-8080-exec-5] s.w.s.m.m.a.RequestMappingHandlerMapping : Mapped to com.upt.upt.controller.AssessmentUnitController#saveEvaluation(Map, HttpSession, Model)
2025-03-04T12:26:49.798Z DEBUG 3796 --- [upt] [http-nio-8080-exec-5] o.s.web.servlet.view.RedirectView        : View name [redirect:], model {}
2025-03-04T12:26:49.800Z DEBUG 3796 --- [upt] [http-nio-8080-exec-5] o.s.web.servlet.DispatcherServlet        : Completed 302 FOUND
2025-03-04T12:26:49.836Z DEBUG 3796 --- [upt] [http-nio-8080-exec-9] o.s.web.servlet.DispatcherServlet        : GET "/coordinator/coordinator_evaluationsUC?id=4", parameters={masked}
2025-03-04T12:26:49.837Z DEBUG 3796 --- [upt] [http-nio-8080-exec-9] s.w.s.m.m.a.RequestMappingHandlerMapping : Mapped to com.upt.upt.controller.CurricularUnitController#evaluationsUCCurricular(Long, Model, HttpSession)
2025-03-04T12:26:49.846Z DEBUG 3796 --- [upt] [http-nio-8080-exec-9] o.s.w.s.v.ContentNegotiatingViewResolver : Selected 'text/html' given [text/html, application/xhtml+xml, image/avif, image/webp, image/apng, application/xml;q=0.9, */*;q=0.8, application/signed-exchange;v=b3;q=0.7]
2025-03-04T12:26:49.853Z DEBUG 3796 --- [upt] [http-nio-8080-exec-9] o.s.web.servlet.DispatcherServlet        : Completed 200 OK
2025-03-04T12:26:59.654Z DEBUG 3796 --- [upt] [http-nio-8080-exec-7] o.s.web.servlet.DispatcherServlet        : GET "/logout", parameters={}
2025-03-04T12:26:59.654Z DEBUG 3796 --- [upt] [http-nio-8080-exec-7] s.w.s.m.m.a.RequestMappingHandlerMapping : Mapped to com.upt.upt.UptWebController#logout(HttpSession)
2025-03-04T12:26:59.656Z DEBUG 3796 --- [upt] [http-nio-8080-exec-7] o.s.web.servlet.view.RedirectView        : View name [redirect:], model {}
2025-03-04T12:26:59.656Z DEBUG 3796 --- [upt] [http-nio-8080-exec-7] o.s.web.servlet.DispatcherServlet        : Completed 302 FOUND
2025-03-04T12:26:59.664Z DEBUG 3796 --- [upt] [http-nio-8080-exec-3] o.s.web.servlet.DispatcherServlet        : GET "/login", parameters={}
2025-03-04T12:26:59.665Z DEBUG 3796 --- [upt] [http-nio-8080-exec-3] s.w.s.m.m.a.RequestMappingHandlerMapping : Mapped to com.upt.upt.UptWebController#login(String, Model)
2025-03-04T12:26:59.666Z DEBUG 3796 --- [upt] [http-nio-8080-exec-3] o.s.w.s.v.ContentNegotiatingViewResolver : Selected 'text/html' given [text/html, application/xhtml+xml, image/avif, image/webp, image/apng, application/xml;q=0.9, */*;q=0.8, application/signed-exchange;v=b3;q=0.7]
2025-03-04T12:26:59.667Z DEBUG 3796 --- [upt] [http-nio-8080-exec-3] o.s.web.servlet.DispatcherServlet        : Completed 200 OK
2025-03-04T12:27:02.284Z DEBUG 3796 --- [upt] [http-nio-8080-exec-2] o.s.web.servlet.DispatcherServlet        : POST "/validate-login", parameters={masked}
2025-03-04T12:27:02.285Z DEBUG 3796 --- [upt] [http-nio-8080-exec-2] s.w.s.m.m.a.RequestMappingHandlerMapping : Mapped to com.upt.upt.UptWebController#validateLogin(String, String, HttpSession)
2025-03-04T12:27:02.291Z DEBUG 3796 --- [upt] [http-nio-8080-exec-2] o.s.web.servlet.view.RedirectView        : View name [redirect:], model {}
2025-03-04T12:27:02.292Z DEBUG 3796 --- [upt] [http-nio-8080-exec-2] o.s.web.servlet.DispatcherServlet        : Completed 302 FOUND
2025-03-04T12:27:02.297Z DEBUG 3796 --- [upt] [http-nio-8080-exec-8] o.s.web.servlet.DispatcherServlet        : GET "/master", parameters={}
2025-03-04T12:27:02.299Z DEBUG 3796 --- [upt] [http-nio-8080-exec-8] s.w.s.m.m.a.RequestMappingHandlerMapping : Mapped to com.upt.upt.controller.MasterUnitController#listDirectorsMastersAndRooms(Model, HttpSession)
2025-03-04T12:27:02.312Z DEBUG 3796 --- [upt] [http-nio-8080-exec-8] o.s.w.s.v.ContentNegotiatingViewResolver : Selected 'text/html' given [text/html, application/xhtml+xml, image/avif, image/webp, image/apng, application/xml;q=0.9, */*;q=0.8, application/signed-exchange;v=b3;q=0.7]
2025-03-04T12:27:02.340Z DEBUG 3796 --- [upt] [http-nio-8080-exec-8] o.s.web.servlet.DispatcherServlet        : Completed 200 OK
2025-03-04T12:28:23.778Z DEBUG 3796 --- [upt] [http-nio-8080-exec-1] o.s.web.servlet.DispatcherServlet        : POST "/coordinator/delete-assessment/3", parameters={masked}
2025-03-04T12:28:23.780Z DEBUG 3796 --- [upt] [http-nio-8080-exec-1] s.w.s.m.m.a.RequestMappingHandlerMapping : Mapped to com.upt.upt.controller.AssessmentUnitController#deleteAssessment(Long, Long, Model, HttpSession)
2025-03-04T12:28:23.781Z DEBUG 3796 --- [upt] [http-nio-8080-exec-1] o.s.web.servlet.view.RedirectView        : View name [redirect:], model {}
2025-03-04T12:28:23.783Z DEBUG 3796 --- [upt] [http-nio-8080-exec-1] o.s.web.servlet.DispatcherServlet        : Completed 302 FOUND
2025-03-04T12:28:23.788Z DEBUG 3796 --- [upt] [http-nio-8080-exec-6] o.s.web.servlet.DispatcherServlet        : GET "/login?error=Unauthorized%20access", parameters={masked}
2025-03-04T12:28:23.788Z DEBUG 3796 --- [upt] [http-nio-8080-exec-6] s.w.s.m.m.a.RequestMappingHandlerMapping : Mapped to com.upt.upt.UptWebController#login(String, Model)
2025-03-04T12:28:23.790Z DEBUG 3796 --- [upt] [http-nio-8080-exec-6] o.s.w.s.v.ContentNegotiatingViewResolver : Selected 'text/html' given [text/html, application/xhtml+xml, image/avif, image/webp, image/apng, application/xml;q=0.9, */*;q=0.8, application/signed-exchange;v=b3;q=0.7]
2025-03-04T12:28:23.792Z DEBUG 3796 --- [upt] [http-nio-8080-exec-6] o.s.web.servlet.DispatcherServlet        : Completed 200 OK
2025-03-04T12:28:29.449Z DEBUG 3796 --- [upt] [http-nio-8080-exec-4] o.s.web.servlet.DispatcherServlet        : GET "/logout", parameters={}
2025-03-04T12:28:29.450Z DEBUG 3796 --- [upt] [http-nio-8080-exec-4] s.w.s.m.m.a.RequestMappingHandlerMapping : Mapped to com.upt.upt.UptWebController#logout(HttpSession)
2025-03-04T12:28:29.451Z DEBUG 3796 --- [upt] [http-nio-8080-exec-4] o.s.web.servlet.view.RedirectView        : View name [redirect:], model {}
2025-03-04T12:28:29.452Z DEBUG 3796 --- [upt] [http-nio-8080-exec-4] o.s.web.servlet.DispatcherServlet        : Completed 302 FOUND
2025-03-04T12:28:29.457Z DEBUG 3796 --- [upt] [http-nio-8080-exec-5] o.s.web.servlet.DispatcherServlet        : GET "/login", parameters={}
2025-03-04T12:28:29.458Z DEBUG 3796 --- [upt] [http-nio-8080-exec-5] s.w.s.m.m.a.RequestMappingHandlerMapping : Mapped to com.upt.upt.UptWebController#login(String, Model)
2025-03-04T12:28:29.459Z DEBUG 3796 --- [upt] [http-nio-8080-exec-5] o.s.w.s.v.ContentNegotiatingViewResolver : Selected 'text/html' given [text/html, application/xhtml+xml, image/avif, image/webp, image/apng, application/xml;q=0.9, */*;q=0.8, application/signed-exchange;v=b3;q=0.7]
2025-03-04T12:28:29.461Z DEBUG 3796 --- [upt] [http-nio-8080-exec-5] o.s.web.servlet.DispatcherServlet        : Completed 200 OK
2025-03-04T12:28:35.371Z DEBUG 3796 --- [upt] [http-nio-8080-exec-9] o.s.web.servlet.DispatcherServlet        : POST "/validate-login", parameters={masked}
2025-03-04T12:28:35.372Z DEBUG 3796 --- [upt] [http-nio-8080-exec-9] s.w.s.m.m.a.RequestMappingHandlerMapping : Mapped to com.upt.upt.UptWebController#validateLogin(String, String, HttpSession)
2025-03-04T12:28:35.386Z DEBUG 3796 --- [upt] [http-nio-8080-exec-9] o.s.web.servlet.view.RedirectView        : View name [redirect:], model {}
2025-03-04T12:28:35.387Z DEBUG 3796 --- [upt] [http-nio-8080-exec-9] o.s.web.servlet.DispatcherServlet        : Completed 302 FOUND
2025-03-04T12:28:35.394Z DEBUG 3796 --- [upt] [http-nio-8080-exec-7] o.s.web.servlet.DispatcherServlet        : GET "/coordinator", parameters={}
2025-03-04T12:28:35.394Z DEBUG 3796 --- [upt] [http-nio-8080-exec-7] s.w.s.m.m.a.RequestMappingHandlerMapping : Mapped to com.upt.upt.controller.CurricularUnitController#showCourseList(Model, HttpSession)
2025-03-04T12:28:35.407Z DEBUG 3796 --- [upt] [http-nio-8080-exec-7] o.s.w.s.v.ContentNegotiatingViewResolver : Selected 'text/html' given [text/html, application/xhtml+xml, image/avif, image/webp, image/apng, application/xml;q=0.9, */*;q=0.8, application/signed-exchange;v=b3;q=0.7]
2025-03-04T12:28:35.416Z DEBUG 3796 --- [upt] [http-nio-8080-exec-7] o.s.web.servlet.DispatcherServlet        : Completed 200 OK
2025-03-04T12:28:38.071Z DEBUG 3796 --- [upt] [http-nio-8080-exec-3] o.s.web.servlet.DispatcherServlet        : GET "/coordinator/coordinator_editUC?id=4&semester=1", parameters={masked}
2025-03-04T12:28:38.072Z DEBUG 3796 --- [upt] [http-nio-8080-exec-3] s.w.s.m.m.a.RequestMappingHandlerMapping : Mapped to com.upt.upt.controller.CurricularUnitController#editUCForm(Long, Integer, Integer, HttpSession, Model)
2025-03-04T12:28:38.082Z DEBUG 3796 --- [upt] [http-nio-8080-exec-3] o.s.w.s.v.ContentNegotiatingViewResolver : Selected 'text/html' given [text/html, application/xhtml+xml, image/avif, image/webp, image/apng, application/xml;q=0.9, */*;q=0.8, application/signed-exchange;v=b3;q=0.7]
2025-03-04T12:28:38.091Z DEBUG 3796 --- [upt] [http-nio-8080-exec-3] o.s.web.servlet.DispatcherServlet        : Completed 200 OK
2025-03-04T12:28:40.720Z DEBUG 3796 --- [upt] [http-nio-8080-exec-2] o.s.web.servlet.DispatcherServlet        : GET "/coordinator", parameters={}
2025-03-04T12:28:40.721Z DEBUG 3796 --- [upt] [http-nio-8080-exec-2] s.w.s.m.m.a.RequestMappingHandlerMapping : Mapped to com.upt.upt.controller.CurricularUnitController#showCourseList(Model, HttpSession)
2025-03-04T12:28:40.732Z DEBUG 3796 --- [upt] [http-nio-8080-exec-2] o.s.w.s.v.ContentNegotiatingViewResolver : Selected 'text/html' given [text/html, application/xhtml+xml, image/avif, image/webp, image/apng, application/xml;q=0.9, */*;q=0.8, application/signed-exchange;v=b3;q=0.7]
2025-03-04T12:28:40.742Z DEBUG 3796 --- [upt] [http-nio-8080-exec-2] o.s.web.servlet.DispatcherServlet        : Completed 200 OK
2025-03-04T12:28:42.192Z DEBUG 3796 --- [upt] [http-nio-8080-exec-8] o.s.web.servlet.DispatcherServlet        : GET "/coordinator/coordinator_evaluationsUC?id=4", parameters={masked}
2025-03-04T12:28:42.192Z DEBUG 3796 --- [upt] [http-nio-8080-exec-8] s.w.s.m.m.a.RequestMappingHandlerMapping : Mapped to com.upt.upt.controller.CurricularUnitController#evaluationsUCCurricular(Long, Model, HttpSession)
2025-03-04T12:28:42.203Z DEBUG 3796 --- [upt] [http-nio-8080-exec-8] o.s.w.s.v.ContentNegotiatingViewResolver : Selected 'text/html' given [text/html, application/xhtml+xml, image/avif, image/webp, image/apng, application/xml;q=0.9, */*;q=0.8, application/signed-exchange;v=b3;q=0.7]
2025-03-04T12:28:42.208Z DEBUG 3796 --- [upt] [http-nio-8080-exec-8] o.s.web.servlet.DispatcherServlet        : Completed 200 OK
2025-03-04T12:28:44.470Z DEBUG 3796 --- [upt] [http-nio-8080-exec-10] o.s.web.servlet.DispatcherServlet        : POST "/coordinator/delete-assessment/6", parameters={masked}
2025-03-04T12:28:44.471Z DEBUG 3796 --- [upt] [http-nio-8080-exec-10] s.w.s.m.m.a.RequestMappingHandlerMapping : Mapped to com.upt.upt.controller.AssessmentUnitController#deleteAssessment(Long, Long, Model, HttpSession)
2025-03-04T12:28:44.474Z DEBUG 3796 --- [upt] [http-nio-8080-exec-10] o.s.w.s.v.ContentNegotiatingViewResolver : Selected 'text/html' given [text/html, application/xhtml+xml, image/avif, image/webp, image/apng, application/xml;q=0.9, */*;q=0.8, application/signed-exchange;v=b3;q=0.7]
2025-03-04T12:28:44.480Z DEBUG 3796 --- [upt] [http-nio-8080-exec-10] o.s.web.servlet.DispatcherServlet        : Completed 200 OK
2025-03-04T12:28:44.510Z DEBUG 3796 --- [upt] [http-nio-8080-exec-1] o.s.web.servlet.DispatcherServlet        : GET "/css/geral_confirmRemove.css", parameters={}
2025-03-04T12:28:44.512Z DEBUG 3796 --- [upt] [http-nio-8080-exec-1] o.s.w.s.handler.SimpleUrlHandlerMapping  : Mapped to ResourceHttpRequestHandler [classpath [META-INF/resources/], classpath [resources/], classpath [static/], classpath [public/], ServletContext [/]]
2025-03-04T12:28:44.520Z DEBUG 3796 --- [upt] [http-nio-8080-exec-1] o.s.web.servlet.DispatcherServlet        : Completed 200 OK
2025-03-04T12:28:46.190Z DEBUG 3796 --- [upt] [http-nio-8080-exec-6] o.s.web.servlet.DispatcherServlet        : POST "/coordinator/confirm-remove-assessment/6", parameters={masked}
2025-03-04T12:28:46.191Z DEBUG 3796 --- [upt] [http-nio-8080-exec-6] s.w.s.m.m.a.RequestMappingHandlerMapping : Mapped to com.upt.upt.controller.AssessmentUnitController#confirmRemoveAssessment(Long, Long, HttpSession)
2025-03-04T12:28:46.232Z DEBUG 3796 --- [upt] [http-nio-8080-exec-6] o.s.web.servlet.view.RedirectView        : View name [redirect:], model {}
2025-03-04T12:28:46.233Z DEBUG 3796 --- [upt] [http-nio-8080-exec-6] o.s.web.servlet.DispatcherServlet        : Completed 302 FOUND
2025-03-04T12:28:46.239Z DEBUG 3796 --- [upt] [http-nio-8080-exec-4] o.s.web.servlet.DispatcherServlet        : GET "/coordinator/coordinator_evaluationsUC?id=4", parameters={masked}
2025-03-04T12:28:46.240Z DEBUG 3796 --- [upt] [http-nio-8080-exec-4] s.w.s.m.m.a.RequestMappingHandlerMapping : Mapped to com.upt.upt.controller.CurricularUnitController#evaluationsUCCurricular(Long, Model, HttpSession)
2025-03-04T12:28:46.253Z DEBUG 3796 --- [upt] [http-nio-8080-exec-4] o.s.w.s.v.ContentNegotiatingViewResolver : Selected 'text/html' given [text/html, application/xhtml+xml, image/avif, image/webp, image/apng, application/xml;q=0.9, */*;q=0.8, application/signed-exchange;v=b3;q=0.7]
2025-03-04T12:28:46.256Z DEBUG 3796 --- [upt] [http-nio-8080-exec-4] o.s.web.servlet.DispatcherServlet        : Completed 200 OK
2025-03-04T12:28:47.642Z DEBUG 3796 --- [upt] [http-nio-8080-exec-5] o.s.web.servlet.DispatcherServlet        : GET "/coordinator", parameters={}
2025-03-04T12:28:47.642Z DEBUG 3796 --- [upt] [http-nio-8080-exec-5] s.w.s.m.m.a.RequestMappingHandlerMapping : Mapped to com.upt.upt.controller.CurricularUnitController#showCourseList(Model, HttpSession)
2025-03-04T12:28:47.658Z DEBUG 3796 --- [upt] [http-nio-8080-exec-5] o.s.w.s.v.ContentNegotiatingViewResolver : Selected 'text/html' given [text/html, application/xhtml+xml, image/avif, image/webp, image/apng, application/xml;q=0.9, */*;q=0.8, application/signed-exchange;v=b3;q=0.7]
2025-03-04T12:28:47.669Z DEBUG 3796 --- [upt] [http-nio-8080-exec-5] o.s.web.servlet.DispatcherServlet        : Completed 200 OK
2025-03-04T12:28:49.880Z DEBUG 3796 --- [upt] [http-nio-8080-exec-9] o.s.web.servlet.DispatcherServlet        : POST "/coordinator/remove-uc/3", parameters={masked}
2025-03-04T12:28:49.881Z DEBUG 3796 --- [upt] [http-nio-8080-exec-9] s.w.s.m.m.a.RequestMappingHandlerMapping : Mapped to com.upt.upt.controller.CurricularUnitController#removeCurricularUnit(Long, Model, HttpSession)
2025-03-04T12:28:49.884Z DEBUG 3796 --- [upt] [http-nio-8080-exec-9] o.s.w.s.v.ContentNegotiatingViewResolver : Selected 'text/html' given [text/html, application/xhtml+xml, image/avif, image/webp, image/apng, application/xml;q=0.9, */*;q=0.8, application/signed-exchange;v=b3;q=0.7]
2025-03-04T12:28:49.894Z DEBUG 3796 --- [upt] [http-nio-8080-exec-9] o.s.web.servlet.DispatcherServlet        : Completed 200 OK
2025-03-04T12:28:51.794Z DEBUG 3796 --- [upt] [http-nio-8080-exec-7] o.s.web.servlet.DispatcherServlet        : GET "/coordinator", parameters={}
2025-03-04T12:28:51.795Z DEBUG 3796 --- [upt] [http-nio-8080-exec-7] s.w.s.m.m.a.RequestMappingHandlerMapping : Mapped to com.upt.upt.controller.CurricularUnitController#showCourseList(Model, HttpSession)
2025-03-04T12:28:51.811Z DEBUG 3796 --- [upt] [http-nio-8080-exec-7] o.s.w.s.v.ContentNegotiatingViewResolver : Selected 'text/html' given [text/html, application/xhtml+xml, image/avif, image/webp, image/apng, application/xml;q=0.9, */*;q=0.8, application/signed-exchange;v=b3;q=0.7]
2025-03-04T12:28:51.820Z DEBUG 3796 --- [upt] [http-nio-8080-exec-7] o.s.web.servlet.DispatcherServlet        : Completed 200 OK
2025-03-04T12:28:54.333Z DEBUG 3796 --- [upt] [http-nio-8080-exec-3] o.s.web.servlet.DispatcherServlet        : GET "/coordinator/coordinator_evaluationsUC?id=4", parameters={masked}
2025-03-04T12:28:54.334Z DEBUG 3796 --- [upt] [http-nio-8080-exec-3] s.w.s.m.m.a.RequestMappingHandlerMapping : Mapped to com.upt.upt.controller.CurricularUnitController#evaluationsUCCurricular(Long, Model, HttpSession)
2025-03-04T12:28:54.344Z DEBUG 3796 --- [upt] [http-nio-8080-exec-3] o.s.w.s.v.ContentNegotiatingViewResolver : Selected 'text/html' given [text/html, application/xhtml+xml, image/avif, image/webp, image/apng, application/xml;q=0.9, */*;q=0.8, application/signed-exchange;v=b3;q=0.7]
2025-03-04T12:28:54.346Z DEBUG 3796 --- [upt] [http-nio-8080-exec-3] o.s.web.servlet.DispatcherServlet        : Completed 200 OK
2025-03-04T12:28:55.596Z DEBUG 3796 --- [upt] [http-nio-8080-exec-2] o.s.web.servlet.DispatcherServlet        : GET "/coordinator", parameters={}
2025-03-04T12:28:55.596Z DEBUG 3796 --- [upt] [http-nio-8080-exec-2] s.w.s.m.m.a.RequestMappingHandlerMapping : Mapped to com.upt.upt.controller.CurricularUnitController#showCourseList(Model, HttpSession)
2025-03-04T12:28:55.609Z DEBUG 3796 --- [upt] [http-nio-8080-exec-2] o.s.w.s.v.ContentNegotiatingViewResolver : Selected 'text/html' given [text/html, application/xhtml+xml, image/avif, image/webp, image/apng, application/xml;q=0.9, */*;q=0.8, application/signed-exchange;v=b3;q=0.7]
2025-03-04T12:28:55.616Z DEBUG 3796 --- [upt] [http-nio-8080-exec-2] o.s.web.servlet.DispatcherServlet        : Completed 200 OK
2025-03-04T12:28:56.869Z DEBUG 3796 --- [upt] [http-nio-8080-exec-8] o.s.web.servlet.DispatcherServlet        : GET "/coordinator/coordinator_editUC?id=4&semester=1", parameters={masked}
2025-03-04T12:28:56.870Z DEBUG 3796 --- [upt] [http-nio-8080-exec-8] s.w.s.m.m.a.RequestMappingHandlerMapping : Mapped to com.upt.upt.controller.CurricularUnitController#editUCForm(Long, Integer, Integer, HttpSession, Model)
2025-03-04T12:28:56.880Z DEBUG 3796 --- [upt] [http-nio-8080-exec-8] o.s.w.s.v.ContentNegotiatingViewResolver : Selected 'text/html' given [text/html, application/xhtml+xml, image/avif, image/webp, image/apng, application/xml;q=0.9, */*;q=0.8, application/signed-exchange;v=b3;q=0.7]
2025-03-04T12:28:56.885Z DEBUG 3796 --- [upt] [http-nio-8080-exec-8] o.s.web.servlet.DispatcherServlet        : Completed 200 OK
2025-03-04T12:29:01.878Z DEBUG 3796 --- [upt] [http-nio-8080-exec-10] o.s.web.servlet.DispatcherServlet        : POST "/coordinator/coordinator_editUC/4", parameters={masked}
2025-03-04T12:29:01.879Z DEBUG 3796 --- [upt] [http-nio-8080-exec-10] s.w.s.m.m.a.RequestMappingHandlerMapping : Mapped to com.upt.upt.controller.CurricularUnitController#updateCurricularUnit(Long, String, Integer, String, Boolean, Integer, Integer, Integer, HttpSession, Model)
2025-03-04T12:29:01.910Z DEBUG 3796 --- [upt] [http-nio-8080-exec-10] o.s.web.servlet.view.RedirectView        : View name [redirect:], model {}
2025-03-04T12:29:01.911Z DEBUG 3796 --- [upt] [http-nio-8080-exec-10] o.s.web.servlet.DispatcherServlet        : Completed 302 FOUND
2025-03-04T12:29:01.916Z DEBUG 3796 --- [upt] [http-nio-8080-exec-1] o.s.web.servlet.DispatcherServlet        : GET "/coordinator", parameters={}
2025-03-04T12:29:01.916Z DEBUG 3796 --- [upt] [http-nio-8080-exec-1] s.w.s.m.m.a.RequestMappingHandlerMapping : Mapped to com.upt.upt.controller.CurricularUnitController#showCourseList(Model, HttpSession)
2025-03-04T12:29:01.929Z DEBUG 3796 --- [upt] [http-nio-8080-exec-1] o.s.w.s.v.ContentNegotiatingViewResolver : Selected 'text/html' given [text/html, application/xhtml+xml, image/avif, image/webp, image/apng, application/xml;q=0.9, */*;q=0.8, application/signed-exchange;v=b3;q=0.7]
2025-03-04T12:29:01.935Z DEBUG 3796 --- [upt] [http-nio-8080-exec-1] o.s.web.servlet.DispatcherServlet        : Completed 200 OK
2025-03-04T12:29:03.439Z DEBUG 3796 --- [upt] [http-nio-8080-exec-6] o.s.web.servlet.DispatcherServlet        : GET "/coordinator/coordinator_evaluationsUC?id=4", parameters={masked}
2025-03-04T12:29:03.440Z DEBUG 3796 --- [upt] [http-nio-8080-exec-6] s.w.s.m.m.a.RequestMappingHandlerMapping : Mapped to com.upt.upt.controller.CurricularUnitController#evaluationsUCCurricular(Long, Model, HttpSession)
2025-03-04T12:29:03.448Z DEBUG 3796 --- [upt] [http-nio-8080-exec-6] o.s.w.s.v.ContentNegotiatingViewResolver : Selected 'text/html' given [text/html, application/xhtml+xml, image/avif, image/webp, image/apng, application/xml;q=0.9, */*;q=0.8, application/signed-exchange;v=b3;q=0.7]
2025-03-04T12:29:03.451Z DEBUG 3796 --- [upt] [http-nio-8080-exec-6] o.s.web.servlet.DispatcherServlet        : Completed 200 OK
2025-03-04T12:29:04.895Z DEBUG 3796 --- [upt] [http-nio-8080-exec-4] o.s.web.servlet.DispatcherServlet        : GET "/coordinator/coordinator_create_evaluation?curricularUnitId=4", parameters={masked}
2025-03-04T12:29:04.896Z DEBUG 3796 --- [upt] [http-nio-8080-exec-4] s.w.s.m.m.a.RequestMappingHandlerMapping : Mapped to com.upt.upt.controller.AssessmentUnitController#createEvaluationPage(Long, Model, String, HttpSession)
2025-03-04T12:29:04.912Z DEBUG 3796 --- [upt] [http-nio-8080-exec-4] o.s.w.s.v.ContentNegotiatingViewResolver : Selected 'text/html' given [text/html, application/xhtml+xml, image/avif, image/webp, image/apng, application/xml;q=0.9, */*;q=0.8, application/signed-exchange;v=b3;q=0.7]
2025-03-04T12:29:04.914Z DEBUG 3796 --- [upt] [http-nio-8080-exec-4] o.s.web.servlet.DispatcherServlet        : Completed 200 OK
2025-03-04T12:29:24.480Z DEBUG 3796 --- [upt] [http-nio-8080-exec-5] o.s.web.servlet.DispatcherServlet        : POST "/coordinator/coordinator_addEvaluation", parameters={masked}
2025-03-04T12:29:24.481Z DEBUG 3796 --- [upt] [http-nio-8080-exec-5] s.w.s.m.m.a.RequestMappingHandlerMapping : Mapped to com.upt.upt.controller.AssessmentUnitController#saveEvaluation(Map, HttpSession, Model)
2025-03-04T12:29:24.603Z DEBUG 3796 --- [upt] [http-nio-8080-exec-5] o.s.web.servlet.view.RedirectView        : View name [redirect:], model {}
2025-03-04T12:29:24.604Z DEBUG 3796 --- [upt] [http-nio-8080-exec-5] o.s.web.servlet.DispatcherServlet        : Completed 302 FOUND
2025-03-04T12:29:24.611Z DEBUG 3796 --- [upt] [http-nio-8080-exec-9] o.s.web.servlet.DispatcherServlet        : GET "/coordinator/coordinator_evaluationsUC?id=4", parameters={masked}
2025-03-04T12:29:24.612Z DEBUG 3796 --- [upt] [http-nio-8080-exec-9] s.w.s.m.m.a.RequestMappingHandlerMapping : Mapped to com.upt.upt.controller.CurricularUnitController#evaluationsUCCurricular(Long, Model, HttpSession)
2025-03-04T12:29:24.621Z DEBUG 3796 --- [upt] [http-nio-8080-exec-9] o.s.w.s.v.ContentNegotiatingViewResolver : Selected 'text/html' given [text/html, application/xhtml+xml, image/avif, image/webp, image/apng, application/xml;q=0.9, */*;q=0.8, application/signed-exchange;v=b3;q=0.7]
2025-03-04T12:29:24.630Z DEBUG 3796 --- [upt] [http-nio-8080-exec-9] o.s.web.servlet.DispatcherServlet        : Completed 200 OK
2025-03-04T12:29:27.930Z DEBUG 3796 --- [upt] [http-nio-8080-exec-7] o.s.web.servlet.DispatcherServlet        : POST "/coordinator/delete-assessment/7", parameters={masked}
2025-03-04T12:29:27.931Z DEBUG 3796 --- [upt] [http-nio-8080-exec-7] s.w.s.m.m.a.RequestMappingHandlerMapping : Mapped to com.upt.upt.controller.AssessmentUnitController#deleteAssessment(Long, Long, Model, HttpSession)
2025-03-04T12:29:27.933Z DEBUG 3796 --- [upt] [http-nio-8080-exec-7] o.s.w.s.v.ContentNegotiatingViewResolver : Selected 'text/html' given [text/html, application/xhtml+xml, image/avif, image/webp, image/apng, application/xml;q=0.9, */*;q=0.8, application/signed-exchange;v=b3;q=0.7]
2025-03-04T12:29:27.935Z DEBUG 3796 --- [upt] [http-nio-8080-exec-7] o.s.web.servlet.DispatcherServlet        : Completed 200 OK
2025-03-04T12:29:29.647Z DEBUG 3796 --- [upt] [http-nio-8080-exec-3] o.s.web.servlet.DispatcherServlet        : POST "/coordinator/confirm-remove-assessment/7", parameters={masked}
2025-03-04T12:29:29.648Z DEBUG 3796 --- [upt] [http-nio-8080-exec-3] s.w.s.m.m.a.RequestMappingHandlerMapping : Mapped to com.upt.upt.controller.AssessmentUnitController#confirmRemoveAssessment(Long, Long, HttpSession)
2025-03-04T12:29:29.668Z DEBUG 3796 --- [upt] [http-nio-8080-exec-3] o.s.web.servlet.view.RedirectView        : View name [redirect:], model {}
2025-03-04T12:29:29.668Z DEBUG 3796 --- [upt] [http-nio-8080-exec-3] o.s.web.servlet.DispatcherServlet        : Completed 302 FOUND
2025-03-04T12:29:29.674Z DEBUG 3796 --- [upt] [http-nio-8080-exec-2] o.s.web.servlet.DispatcherServlet        : GET "/coordinator/coordinator_evaluationsUC?id=4", parameters={masked}
2025-03-04T12:29:29.674Z DEBUG 3796 --- [upt] [http-nio-8080-exec-2] s.w.s.m.m.a.RequestMappingHandlerMapping : Mapped to com.upt.upt.controller.CurricularUnitController#evaluationsUCCurricular(Long, Model, HttpSession)
2025-03-04T12:29:29.683Z DEBUG 3796 --- [upt] [http-nio-8080-exec-2] o.s.w.s.v.ContentNegotiatingViewResolver : Selected 'text/html' given [text/html, application/xhtml+xml, image/avif, image/webp, image/apng, application/xml;q=0.9, */*;q=0.8, application/signed-exchange;v=b3;q=0.7]
2025-03-04T12:29:29.684Z DEBUG 3796 --- [upt] [http-nio-8080-exec-2] o.s.web.servlet.DispatcherServlet        : Completed 200 OK
2025-03-04T12:29:31.081Z DEBUG 3796 --- [upt] [http-nio-8080-exec-8] o.s.web.servlet.DispatcherServlet        : GET "/coordinator", parameters={}
2025-03-04T12:29:31.082Z DEBUG 3796 --- [upt] [http-nio-8080-exec-8] s.w.s.m.m.a.RequestMappingHandlerMapping : Mapped to com.upt.upt.controller.CurricularUnitController#showCourseList(Model, HttpSession)
2025-03-04T12:29:31.095Z DEBUG 3796 --- [upt] [http-nio-8080-exec-8] o.s.w.s.v.ContentNegotiatingViewResolver : Selected 'text/html' given [text/html, application/xhtml+xml, image/avif, image/webp, image/apng, application/xml;q=0.9, */*;q=0.8, application/signed-exchange;v=b3;q=0.7]
2025-03-04T12:29:31.103Z DEBUG 3796 --- [upt] [http-nio-8080-exec-8] o.s.web.servlet.DispatcherServlet        : Completed 200 OK
2025-03-04T12:29:40.440Z DEBUG 3796 --- [upt] [http-nio-8080-exec-10] o.s.web.servlet.DispatcherServlet        : GET "/coordinator/coordinator_editUC?id=4&semester=1", parameters={masked}
2025-03-04T12:29:40.441Z DEBUG 3796 --- [upt] [http-nio-8080-exec-10] s.w.s.m.m.a.RequestMappingHandlerMapping : Mapped to com.upt.upt.controller.CurricularUnitController#editUCForm(Long, Integer, Integer, HttpSession, Model)
2025-03-04T12:29:40.451Z DEBUG 3796 --- [upt] [http-nio-8080-exec-10] o.s.w.s.v.ContentNegotiatingViewResolver : Selected 'text/html' given [text/html, application/xhtml+xml, image/avif, image/webp, image/apng, application/xml;q=0.9, */*;q=0.8, application/signed-exchange;v=b3;q=0.7]
2025-03-04T12:29:40.457Z DEBUG 3796 --- [upt] [http-nio-8080-exec-10] o.s.web.servlet.DispatcherServlet        : Completed 200 OK
2025-03-04T12:29:43.262Z DEBUG 3796 --- [upt] [http-nio-8080-exec-1] o.s.web.servlet.DispatcherServlet        : POST "/coordinator/coordinator_editUC/4", parameters={masked}
2025-03-04T12:29:43.263Z DEBUG 3796 --- [upt] [http-nio-8080-exec-1] s.w.s.m.m.a.RequestMappingHandlerMapping : Mapped to com.upt.upt.controller.CurricularUnitController#updateCurricularUnit(Long, String, Integer, String, Boolean, Integer, Integer, Integer, HttpSession, Model)
2025-03-04T12:29:43.294Z DEBUG 3796 --- [upt] [http-nio-8080-exec-1] o.s.web.servlet.view.RedirectView        : View name [redirect:], model {}
2025-03-04T12:29:43.295Z DEBUG 3796 --- [upt] [http-nio-8080-exec-1] o.s.web.servlet.DispatcherServlet        : Completed 302 FOUND
2025-03-04T12:29:43.301Z DEBUG 3796 --- [upt] [http-nio-8080-exec-6] o.s.web.servlet.DispatcherServlet        : GET "/coordinator", parameters={}
2025-03-04T12:29:43.301Z DEBUG 3796 --- [upt] [http-nio-8080-exec-6] s.w.s.m.m.a.RequestMappingHandlerMapping : Mapped to com.upt.upt.controller.CurricularUnitController#showCourseList(Model, HttpSession)
2025-03-04T12:29:43.314Z DEBUG 3796 --- [upt] [http-nio-8080-exec-6] o.s.w.s.v.ContentNegotiatingViewResolver : Selected 'text/html' given [text/html, application/xhtml+xml, image/avif, image/webp, image/apng, application/xml;q=0.9, */*;q=0.8, application/signed-exchange;v=b3;q=0.7]
2025-03-04T12:29:43.321Z DEBUG 3796 --- [upt] [http-nio-8080-exec-6] o.s.web.servlet.DispatcherServlet        : Completed 200 OK
2025-03-04T12:29:45.424Z DEBUG 3796 --- [upt] [http-nio-8080-exec-4] o.s.web.servlet.DispatcherServlet        : GET "/coordinator/coordinator_evaluationsUC?id=4", parameters={masked}
2025-03-04T12:29:45.424Z DEBUG 3796 --- [upt] [http-nio-8080-exec-4] s.w.s.m.m.a.RequestMappingHandlerMapping : Mapped to com.upt.upt.controller.CurricularUnitController#evaluationsUCCurricular(Long, Model, HttpSession)
2025-03-04T12:29:45.434Z DEBUG 3796 --- [upt] [http-nio-8080-exec-4] o.s.w.s.v.ContentNegotiatingViewResolver : Selected 'text/html' given [text/html, application/xhtml+xml, image/avif, image/webp, image/apng, application/xml;q=0.9, */*;q=0.8, application/signed-exchange;v=b3;q=0.7]
2025-03-04T12:29:45.435Z DEBUG 3796 --- [upt] [http-nio-8080-exec-4] o.s.web.servlet.DispatcherServlet        : Completed 200 OK
2025-03-04T12:29:46.675Z DEBUG 3796 --- [upt] [http-nio-8080-exec-5] o.s.web.servlet.DispatcherServlet        : GET "/coordinator/coordinator_create_evaluation?curricularUnitId=4", parameters={masked}
2025-03-04T12:29:46.675Z DEBUG 3796 --- [upt] [http-nio-8080-exec-5] s.w.s.m.m.a.RequestMappingHandlerMapping : Mapped to com.upt.upt.controller.AssessmentUnitController#createEvaluationPage(Long, Model, String, HttpSession)
2025-03-04T12:29:46.690Z DEBUG 3796 --- [upt] [http-nio-8080-exec-5] o.s.w.s.v.ContentNegotiatingViewResolver : Selected 'text/html' given [text/html, application/xhtml+xml, image/avif, image/webp, image/apng, application/xml;q=0.9, */*;q=0.8, application/signed-exchange;v=b3;q=0.7]
2025-03-04T12:29:46.692Z DEBUG 3796 --- [upt] [http-nio-8080-exec-5] o.s.web.servlet.DispatcherServlet        : Completed 200 OK
2025-03-04T12:30:03.470Z DEBUG 3796 --- [upt] [http-nio-8080-exec-9] o.s.web.servlet.DispatcherServlet        : POST "/coordinator/coordinator_addEvaluation", parameters={masked}
2025-03-04T12:30:03.471Z DEBUG 3796 --- [upt] [http-nio-8080-exec-9] s.w.s.m.m.a.RequestMappingHandlerMapping : Mapped to com.upt.upt.controller.AssessmentUnitController#saveEvaluation(Map, HttpSession, Model)
2025-03-04T12:30:04.712Z DEBUG 3796 --- [upt] [http-nio-8080-exec-9] o.s.web.servlet.view.RedirectView        : View name [redirect:], model {}
2025-03-04T12:30:04.714Z DEBUG 3796 --- [upt] [http-nio-8080-exec-9] o.s.web.servlet.DispatcherServlet        : Completed 302 FOUND
2025-03-04T12:30:04.719Z DEBUG 3796 --- [upt] [http-nio-8080-exec-7] o.s.web.servlet.DispatcherServlet        : GET "/coordinator/coordinator_create_evaluation?curricularUnitId=4&error=No%20available%20rooms%20found%20for%20the%20specified%20time%20and%20day.", parameters={masked}
2025-03-04T12:30:04.720Z DEBUG 3796 --- [upt] [http-nio-8080-exec-7] s.w.s.m.m.a.RequestMappingHandlerMapping : Mapped to com.upt.upt.controller.AssessmentUnitController#createEvaluationPage(Long, Model, String, HttpSession)
2025-03-04T12:30:04.731Z DEBUG 3796 --- [upt] [http-nio-8080-exec-7] o.s.w.s.v.ContentNegotiatingViewResolver : Selected 'text/html' given [text/html, application/xhtml+xml, image/avif, image/webp, image/apng, application/xml;q=0.9, */*;q=0.8, application/signed-exchange;v=b3;q=0.7]
2025-03-04T12:30:04.734Z DEBUG 3796 --- [upt] [http-nio-8080-exec-7] o.s.web.servlet.DispatcherServlet        : Completed 200 OK
2025-03-04T12:30:10.760Z DEBUG 3796 --- [upt] [http-nio-8080-exec-3] o.s.web.servlet.DispatcherServlet        : GET "/coordinator/coordinator_evaluationsUC?id=4", parameters={masked}
2025-03-04T12:30:10.761Z DEBUG 3796 --- [upt] [http-nio-8080-exec-3] s.w.s.m.m.a.RequestMappingHandlerMapping : Mapped to com.upt.upt.controller.CurricularUnitController#evaluationsUCCurricular(Long, Model, HttpSession)
2025-03-04T12:30:10.771Z DEBUG 3796 --- [upt] [http-nio-8080-exec-3] o.s.w.s.v.ContentNegotiatingViewResolver : Selected 'text/html' given [text/html, application/xhtml+xml, image/avif, image/webp, image/apng, application/xml;q=0.9, */*;q=0.8, application/signed-exchange;v=b3;q=0.7]
2025-03-04T12:30:10.773Z DEBUG 3796 --- [upt] [http-nio-8080-exec-3] o.s.web.servlet.DispatcherServlet        : Completed 200 OK
2025-03-04T12:30:12.971Z DEBUG 3796 --- [upt] [http-nio-8080-exec-2] o.s.web.servlet.DispatcherServlet        : GET "/coordinator", parameters={}
2025-03-04T12:30:12.972Z DEBUG 3796 --- [upt] [http-nio-8080-exec-2] s.w.s.m.m.a.RequestMappingHandlerMapping : Mapped to com.upt.upt.controller.CurricularUnitController#showCourseList(Model, HttpSession)
2025-03-04T12:30:12.984Z DEBUG 3796 --- [upt] [http-nio-8080-exec-2] o.s.w.s.v.ContentNegotiatingViewResolver : Selected 'text/html' given [text/html, application/xhtml+xml, image/avif, image/webp, image/apng, application/xml;q=0.9, */*;q=0.8, application/signed-exchange;v=b3;q=0.7]
2025-03-04T12:30:12.990Z DEBUG 3796 --- [upt] [http-nio-8080-exec-2] o.s.web.servlet.DispatcherServlet        : Completed 200 OK
2025-03-04T12:31:15.650Z DEBUG 3796 --- [upt] [http-nio-8080-exec-10] o.s.web.servlet.DispatcherServlet        : GET "/coordinator/map?semester=1", parameters={masked}
2025-03-04T12:31:15.650Z DEBUG 3796 --- [upt] [http-nio-8080-exec-10] s.w.s.m.m.a.RequestMappingHandlerMapping : Mapped to com.upt.upt.controller.MapUnitController#showAssessmentMap(Integer, Model, HttpSession)
2025-03-04T12:31:15.671Z DEBUG 3796 --- [upt] [http-nio-8080-exec-10] o.s.w.s.v.ContentNegotiatingViewResolver : Selected 'text/html' given [text/html, application/xhtml+xml, image/avif, image/webp, image/apng, application/xml;q=0.9, */*;q=0.8, application/signed-exchange;v=b3;q=0.7]
2025-03-04T12:31:15.691Z DEBUG 3796 --- [upt] [http-nio-8080-exec-10] o.s.web.servlet.DispatcherServlet        : Completed 200 OK
2025-03-04T12:31:17.629Z DEBUG 3796 --- [upt] [http-nio-8080-exec-1] o.s.web.servlet.DispatcherServlet        : GET "/coordinator", parameters={}
2025-03-04T12:31:17.630Z DEBUG 3796 --- [upt] [http-nio-8080-exec-1] s.w.s.m.m.a.RequestMappingHandlerMapping : Mapped to com.upt.upt.controller.CurricularUnitController#showCourseList(Model, HttpSession)
2025-03-04T12:31:17.641Z DEBUG 3796 --- [upt] [http-nio-8080-exec-1] o.s.w.s.v.ContentNegotiatingViewResolver : Selected 'text/html' given [text/html, application/xhtml+xml, image/avif, image/webp, image/apng, application/xml;q=0.9, */*;q=0.8, application/signed-exchange;v=b3;q=0.7]
2025-03-04T12:31:17.653Z DEBUG 3796 --- [upt] [http-nio-8080-exec-1] o.s.web.servlet.DispatcherServlet        : Completed 200 OK
2025-03-04T12:31:18.900Z DEBUG 3796 --- [upt] [http-nio-8080-exec-6] o.s.web.servlet.DispatcherServlet        : GET "/logout", parameters={}
2025-03-04T12:31:18.900Z DEBUG 3796 --- [upt] [http-nio-8080-exec-6] s.w.s.m.m.a.RequestMappingHandlerMapping : Mapped to com.upt.upt.UptWebController#logout(HttpSession)
2025-03-04T12:31:18.902Z DEBUG 3796 --- [upt] [http-nio-8080-exec-6] o.s.web.servlet.view.RedirectView        : View name [redirect:], model {}
2025-03-04T12:31:18.903Z DEBUG 3796 --- [upt] [http-nio-8080-exec-6] o.s.web.servlet.DispatcherServlet        : Completed 302 FOUND
2025-03-04T12:31:18.910Z DEBUG 3796 --- [upt] [http-nio-8080-exec-4] o.s.web.servlet.DispatcherServlet        : GET "/login", parameters={}
2025-03-04T12:31:18.911Z DEBUG 3796 --- [upt] [http-nio-8080-exec-4] s.w.s.m.m.a.RequestMappingHandlerMapping : Mapped to com.upt.upt.UptWebController#login(String, Model)
2025-03-04T12:31:18.912Z DEBUG 3796 --- [upt] [http-nio-8080-exec-4] o.s.w.s.v.ContentNegotiatingViewResolver : Selected 'text/html' given [text/html, application/xhtml+xml, image/avif, image/webp, image/apng, application/xml;q=0.9, */*;q=0.8, application/signed-exchange;v=b3;q=0.7]
2025-03-04T12:31:18.913Z DEBUG 3796 --- [upt] [http-nio-8080-exec-4] o.s.web.servlet.DispatcherServlet        : Completed 200 OK
2025-03-04T12:31:21.295Z DEBUG 3796 --- [upt] [http-nio-8080-exec-5] o.s.web.servlet.DispatcherServlet        : POST "/validate-login", parameters={masked}
2025-03-04T12:31:21.296Z DEBUG 3796 --- [upt] [http-nio-8080-exec-5] s.w.s.m.m.a.RequestMappingHandlerMapping : Mapped to com.upt.upt.UptWebController#validateLogin(String, String, HttpSession)
2025-03-04T12:31:21.303Z DEBUG 3796 --- [upt] [http-nio-8080-exec-5] o.s.web.servlet.view.RedirectView        : View name [redirect:], model {}
2025-03-04T12:31:21.304Z DEBUG 3796 --- [upt] [http-nio-8080-exec-5] o.s.web.servlet.DispatcherServlet        : Completed 302 FOUND
2025-03-04T12:31:21.309Z DEBUG 3796 --- [upt] [http-nio-8080-exec-9] o.s.web.servlet.DispatcherServlet        : GET "/director", parameters={}
2025-03-04T12:31:21.310Z DEBUG 3796 --- [upt] [http-nio-8080-exec-9] s.w.s.m.m.a.RequestMappingHandlerMapping : Mapped to com.upt.upt.controller.DirectorUnitController#listDirectors(HttpSession, Model)
2025-03-04T12:31:21.316Z DEBUG 3796 --- [upt] [http-nio-8080-exec-9] o.s.w.s.v.ContentNegotiatingViewResolver : Selected 'text/html' given [text/html, application/xhtml+xml, image/avif, image/webp, image/apng, application/xml;q=0.9, */*;q=0.8, application/signed-exchange;v=b3;q=0.7]
2025-03-04T12:31:21.320Z DEBUG 3796 --- [upt] [http-nio-8080-exec-9] o.s.web.servlet.DispatcherServlet        : Completed 200 OK
2025-03-04T12:31:40.713Z DEBUG 3796 --- [upt] [http-nio-8080-exec-7] o.s.web.servlet.DispatcherServlet        : GET "/director/viewSemester/16", parameters={}
2025-03-04T12:31:40.714Z DEBUG 3796 --- [upt] [http-nio-8080-exec-7] s.w.s.m.m.a.RequestMappingHandlerMapping : Mapped to com.upt.upt.controller.DirectorUnitController#viewSemesters(Long, Model, HttpSession)
2025-03-04T12:31:40.721Z DEBUG 3796 --- [upt] [http-nio-8080-exec-7] o.s.w.s.v.ContentNegotiatingViewResolver : Selected 'text/html' given [text/html, application/xhtml+xml, image/avif, image/webp, image/apng, application/xml;q=0.9, */*;q=0.8, application/signed-exchange;v=b3;q=0.7]
2025-03-04T12:31:40.728Z DEBUG 3796 --- [upt] [http-nio-8080-exec-7] o.s.web.servlet.DispatcherServlet        : Completed 200 OK
2025-03-04T12:31:42.687Z DEBUG 3796 --- [upt] [http-nio-8080-exec-3] o.s.web.servlet.DispatcherServlet        : GET "/director/ucs/1st/16", parameters={}
2025-03-04T12:31:42.688Z DEBUG 3796 --- [upt] [http-nio-8080-exec-3] s.w.s.m.m.a.RequestMappingHandlerMapping : Mapped to com.upt.upt.controller.DirectorUnitController#viewSemesterUcs(String, Long, Model, HttpSession)
2025-03-04T12:31:42.696Z DEBUG 3796 --- [upt] [http-nio-8080-exec-3] o.s.w.s.v.ContentNegotiatingViewResolver : Selected 'text/html' given [text/html, application/xhtml+xml, image/avif, image/webp, image/apng, application/xml;q=0.9, */*;q=0.8, application/signed-exchange;v=b3;q=0.7]
2025-03-04T12:31:42.701Z DEBUG 3796 --- [upt] [http-nio-8080-exec-3] o.s.web.servlet.DispatcherServlet        : Completed 200 OK
2025-03-04T12:31:47.841Z DEBUG 3796 --- [upt] [http-nio-8080-exec-2] o.s.web.servlet.DispatcherServlet        : GET "/director/viewSemester/16", parameters={}
2025-03-04T12:31:47.842Z DEBUG 3796 --- [upt] [http-nio-8080-exec-2] s.w.s.m.m.a.RequestMappingHandlerMapping : Mapped to com.upt.upt.controller.DirectorUnitController#viewSemesters(Long, Model, HttpSession)
2025-03-04T12:31:47.849Z DEBUG 3796 --- [upt] [http-nio-8080-exec-2] o.s.w.s.v.ContentNegotiatingViewResolver : Selected 'text/html' given [text/html, application/xhtml+xml, image/avif, image/webp, image/apng, application/xml;q=0.9, */*;q=0.8, application/signed-exchange;v=b3;q=0.7]
2025-03-04T12:31:47.851Z DEBUG 3796 --- [upt] [http-nio-8080-exec-2] o.s.web.servlet.DispatcherServlet        : Completed 200 OK
2025-03-04T12:31:49.601Z DEBUG 3796 --- [upt] [http-nio-8080-exec-8] o.s.web.servlet.DispatcherServlet        : GET "/director/map/1st/16", parameters={}
2025-03-04T12:31:49.602Z DEBUG 3796 --- [upt] [http-nio-8080-exec-8] s.w.s.m.m.a.RequestMappingHandlerMapping : Mapped to com.upt.upt.controller.DirectorUnitController#viewSemesterMap(String, Long, Model, HttpSession)
2025-03-04T12:31:49.614Z DEBUG 3796 --- [upt] [http-nio-8080-exec-8] o.s.w.s.v.ContentNegotiatingViewResolver : Selected 'text/html' given [text/html, application/xhtml+xml, image/avif, image/webp, image/apng, application/xml;q=0.9, */*;q=0.8, application/signed-exchange;v=b3;q=0.7]
2025-03-04T12:31:49.631Z DEBUG 3796 --- [upt] [http-nio-8080-exec-8] o.s.web.servlet.DispatcherServlet        : Completed 200 OK
2025-03-04T12:31:55.766Z DEBUG 3796 --- [upt] [http-nio-8080-exec-1] o.s.web.servlet.DispatcherServlet        : GET "/director/map/pdf?yearId=16&semester=1", parameters={masked}
2025-03-04T12:31:55.767Z DEBUG 3796 --- [upt] [http-nio-8080-exec-1] s.w.s.m.m.a.RequestMappingHandlerMapping : Mapped to com.upt.upt.controller.DirectorUnitController#generatePdf(Long, Integer, HttpSession)
2025-03-04T12:31:55.858Z DEBUG 3796 --- [upt] [http-nio-8080-exec-6] o.s.web.servlet.DispatcherServlet        : GET "/director/map/pdf?yearId=16&semester=1", parameters={masked}
2025-03-04T12:31:55.860Z DEBUG 3796 --- [upt] [http-nio-8080-exec-6] s.w.s.m.m.a.RequestMappingHandlerMapping : Mapped to com.upt.upt.controller.DirectorUnitController#generatePdf(Long, Integer, HttpSession)
2025-03-04T12:31:56.031Z DEBUG 3796 --- [upt] [http-nio-8080-exec-1] o.s.w.s.m.m.a.HttpEntityMethodProcessor  : Found 'Content-Type:application/pdf' in response
2025-03-04T12:31:56.047Z DEBUG 3796 --- [upt] [http-nio-8080-exec-1] o.s.w.s.m.m.a.HttpEntityMethodProcessor  : Writing [{37, 80, 68, 70, 45, 49, 46, 52, 10, 37, -30, -29, -49, -45, 10, 49, 32, 48, 32, 111, 98, 106, 10, 6 (truncated)...]
2025-03-04T12:31:56.057Z  WARN 3796 --- [upt] [http-nio-8080-exec-1] .w.s.m.s.DefaultHandlerExceptionResolver : Resolved [org.springframework.web.context.request.async.AsyncRequestNotUsableException: ServletOutputStream failed to write: java.io.IOException: Uma ligação estabelecida foi anulada pelo software no computador anfitrião]
2025-03-04T12:31:56.063Z DEBUG 3796 --- [upt] [http-nio-8080-exec-1] o.s.web.servlet.DispatcherServlet        : Completed 200 OK
2025-03-04T12:31:56.096Z DEBUG 3796 --- [upt] [http-nio-8080-exec-6] o.s.w.s.m.m.a.HttpEntityMethodProcessor  : Found 'Content-Type:application/pdf' in response
2025-03-04T12:31:56.105Z DEBUG 3796 --- [upt] [http-nio-8080-exec-6] o.s.w.s.m.m.a.HttpEntityMethodProcessor  : Writing [{37, 80, 68, 70, 45, 49, 46, 52, 10, 37, -30, -29, -49, -45, 10, 49, 32, 48, 32, 111, 98, 106, 10, 6 (truncated)...]
2025-03-04T12:31:56.107Z DEBUG 3796 --- [upt] [http-nio-8080-exec-6] o.s.web.servlet.DispatcherServlet        : Completed 200 OK
2025-03-04T12:35:39.550Z  INFO 5976 --- [upt] [main] com.upt.upt.UptWebApplication            : Starting UptWebApplication using Java 17.0.12 with PID 5976 (C:\Users\Sistrade\Documentos\Faculdade\3º Ano GAB\1º sem\QualidadeSoftware\GRUPO 5_ProjetoFinal_QS\UptQSProject\build\classes\java\main started by Sistrade in C:\Users\Sistrade\Documentos\Faculdade\3º Ano GAB\1º sem\QualidadeSoftware\GRUPO 5_ProjetoFinal_QS\UptQSProject)
2025-03-04T12:35:39.555Z DEBUG 5976 --- [upt] [main] com.upt.upt.UptWebApplication            : Running with Spring Boot v3.3.5, Spring v6.1.14
2025-03-04T12:35:39.558Z  INFO 5976 --- [upt] [main] com.upt.upt.UptWebApplication            : No active profile set, falling back to 1 default profile: "default"
2025-03-04T12:35:42.204Z  INFO 5976 --- [upt] [main] .s.d.r.c.RepositoryConfigurationDelegate : Bootstrapping Spring Data JPA repositories in DEFAULT mode.
2025-03-04T12:35:42.501Z  INFO 5976 --- [upt] [main] .s.d.r.c.RepositoryConfigurationDelegate : Finished Spring Data repository scanning in 262 ms. Found 9 JPA repository interfaces.
2025-03-04T12:35:44.116Z  INFO 5976 --- [upt] [main] o.s.b.w.embedded.tomcat.TomcatWebServer  : Tomcat initialized with port 8080 (http)
2025-03-04T12:35:44.159Z  INFO 5976 --- [upt] [main] o.apache.catalina.core.StandardService   : Starting service [Tomcat]
2025-03-04T12:35:44.161Z  INFO 5976 --- [upt] [main] o.apache.catalina.core.StandardEngine    : Starting Servlet engine: [Apache Tomcat/10.1.31]
2025-03-04T12:35:44.335Z  INFO 5976 --- [upt] [main] o.a.c.c.C.[Tomcat].[localhost].[/]       : Initializing Spring embedded WebApplicationContext
2025-03-04T12:35:44.337Z  INFO 5976 --- [upt] [main] w.s.c.ServletWebServerApplicationContext : Root WebApplicationContext: initialization completed in 4608 ms
2025-03-04T12:35:44.778Z  INFO 5976 --- [upt] [main] o.hibernate.jpa.internal.util.LogHelper  : HHH000204: Processing PersistenceUnitInfo [name: default]
2025-03-04T12:35:45.007Z  INFO 5976 --- [upt] [main] org.hibernate.Version                    : HHH000412: Hibernate ORM core version 6.5.3.Final
2025-03-04T12:35:45.142Z  INFO 5976 --- [upt] [main] o.h.c.internal.RegionFactoryInitiator    : HHH000026: Second-level cache disabled
2025-03-04T12:35:46.092Z  INFO 5976 --- [upt] [main] o.s.o.j.p.SpringPersistenceUnitInfo      : No LoadTimeWeaver setup: ignoring JPA class transformer
2025-03-04T12:35:46.192Z  INFO 5976 --- [upt] [main] com.zaxxer.hikari.HikariDataSource       : HikariPool-1 - Starting...
2025-03-04T12:35:46.859Z  INFO 5976 --- [upt] [main] com.zaxxer.hikari.pool.HikariPool        : HikariPool-1 - Added connection com.mysql.cj.jdbc.ConnectionImpl@2e204155
2025-03-04T12:35:46.864Z  INFO 5976 --- [upt] [main] com.zaxxer.hikari.HikariDataSource       : HikariPool-1 - Start completed.
2025-03-04T12:35:46.987Z  WARN 5976 --- [upt] [main] org.hibernate.orm.deprecation            : HHH90000025: MySQL8Dialect does not need to be specified explicitly using 'hibernate.dialect' (remove the property setting and it will be selected by default)
2025-03-04T12:35:46.991Z  WARN 5976 --- [upt] [main] org.hibernate.orm.deprecation            : HHH90000026: MySQL8Dialect has been deprecated; use org.hibernate.dialect.MySQLDialect instead
2025-03-04T12:35:49.790Z  INFO 5976 --- [upt] [main] o.h.e.t.j.p.i.JtaPlatformInitiator       : HHH000489: No JTA platform available (set 'hibernate.transaction.jta.platform' to enable JTA platform integration)
2025-03-04T12:35:50.188Z  INFO 5976 --- [upt] [main] j.LocalContainerEntityManagerFactoryBean : Initialized JPA EntityManagerFactory for persistence unit 'default'
2025-03-04T12:35:51.409Z  WARN 5976 --- [upt] [main] JpaBaseConfiguration$JpaWebConfiguration : spring.jpa.open-in-view is enabled by default. Therefore, database queries may be performed during view rendering. Explicitly configure spring.jpa.open-in-view to disable this warning
2025-03-04T12:35:51.741Z DEBUG 5976 --- [upt] [main] s.w.s.m.m.a.RequestMappingHandlerMapping : 69 mappings in 'requestMappingHandlerMapping'
2025-03-04T12:35:51.918Z DEBUG 5976 --- [upt] [main] o.s.w.s.handler.SimpleUrlHandlerMapping  : Patterns [/webjars/**, /**] in 'resourceHandlerMapping'
2025-03-04T12:35:52.006Z DEBUG 5976 --- [upt] [main] s.w.s.m.m.a.RequestMappingHandlerAdapter : ControllerAdvice beans: 0 @ModelAttribute, 0 @InitBinder, 1 RequestBodyAdvice, 1 ResponseBodyAdvice
2025-03-04T12:35:52.123Z DEBUG 5976 --- [upt] [main] .m.m.a.ExceptionHandlerExceptionResolver : ControllerAdvice beans: 0 @ExceptionHandler, 1 ResponseBodyAdvice
2025-03-04T12:35:52.508Z  INFO 5976 --- [upt] [main] o.s.b.w.embedded.tomcat.TomcatWebServer  : Tomcat started on port 8080 (http) with context path '/'
2025-03-04T12:35:52.522Z  INFO 5976 --- [upt] [main] com.upt.upt.UptWebApplication            : Started UptWebApplication in 14.472 seconds (process running for 15.447)
2025-03-04T12:35:57.493Z  INFO 5976 --- [upt] [http-nio-8080-exec-2] o.a.c.c.C.[Tomcat].[localhost].[/]       : Initializing Spring DispatcherServlet 'dispatcherServlet'
2025-03-04T12:35:57.494Z  INFO 5976 --- [upt] [http-nio-8080-exec-2] o.s.web.servlet.DispatcherServlet        : Initializing Servlet 'dispatcherServlet'
2025-03-04T12:35:57.495Z DEBUG 5976 --- [upt] [http-nio-8080-exec-2] o.s.web.servlet.DispatcherServlet        : Detected StandardServletMultipartResolver
2025-03-04T12:35:57.496Z DEBUG 5976 --- [upt] [http-nio-8080-exec-2] o.s.web.servlet.DispatcherServlet        : Detected AcceptHeaderLocaleResolver
2025-03-04T12:35:57.497Z DEBUG 5976 --- [upt] [http-nio-8080-exec-2] o.s.web.servlet.DispatcherServlet        : Detected FixedThemeResolver
2025-03-04T12:35:57.499Z DEBUG 5976 --- [upt] [http-nio-8080-exec-2] o.s.web.servlet.DispatcherServlet        : Detected org.springframework.web.servlet.view.DefaultRequestToViewNameTranslator@27f8f1cc
2025-03-04T12:35:57.500Z DEBUG 5976 --- [upt] [http-nio-8080-exec-2] o.s.web.servlet.DispatcherServlet        : Detected org.springframework.web.servlet.support.SessionFlashMapManager@1930e8ef
2025-03-04T12:35:57.501Z DEBUG 5976 --- [upt] [http-nio-8080-exec-2] o.s.web.servlet.DispatcherServlet        : enableLoggingRequestDetails='false': request parameters and headers will be masked to prevent unsafe logging of potentially sensitive data
2025-03-04T12:35:57.502Z  INFO 5976 --- [upt] [http-nio-8080-exec-2] o.s.web.servlet.DispatcherServlet        : Completed initialization in 7 ms
2025-03-04T12:35:57.547Z DEBUG 5976 --- [upt] [http-nio-8080-exec-2] o.s.web.servlet.DispatcherServlet        : GET "/director/map/1st/16", parameters={}
2025-03-04T12:35:57.586Z DEBUG 5976 --- [upt] [http-nio-8080-exec-2] s.w.s.m.m.a.RequestMappingHandlerMapping : Mapped to com.upt.upt.controller.DirectorUnitController#viewSemesterMap(String, Long, Model, HttpSession)
2025-03-04T12:35:57.751Z DEBUG 5976 --- [upt] [http-nio-8080-exec-2] o.s.web.servlet.view.RedirectView        : View name [redirect:], model {}
2025-03-04T12:35:57.754Z DEBUG 5976 --- [upt] [http-nio-8080-exec-2] o.s.web.servlet.DispatcherServlet        : Completed 302 FOUND
2025-03-04T12:35:57.766Z DEBUG 5976 --- [upt] [http-nio-8080-exec-1] o.s.web.servlet.DispatcherServlet        : GET "/login?error=Unauthorized%20access", parameters={masked}
2025-03-04T12:35:57.768Z DEBUG 5976 --- [upt] [http-nio-8080-exec-1] s.w.s.m.m.a.RequestMappingHandlerMapping : Mapped to com.upt.upt.UptWebController#login(String, Model)
2025-03-04T12:35:57.782Z DEBUG 5976 --- [upt] [http-nio-8080-exec-1] o.s.w.s.v.ContentNegotiatingViewResolver : Selected 'text/html' given [text/html, application/xhtml+xml, image/avif, image/webp, image/apng, application/xml;q=0.9, */*;q=0.8, application/signed-exchange;v=b3;q=0.7]
2025-03-04T12:35:58.381Z DEBUG 5976 --- [upt] [http-nio-8080-exec-1] o.s.web.servlet.DispatcherServlet        : Completed 200 OK
2025-03-04T12:36:03.999Z DEBUG 5976 --- [upt] [http-nio-8080-exec-4] o.s.web.servlet.DispatcherServlet        : POST "/validate-login", parameters={masked}
2025-03-04T12:36:04.000Z DEBUG 5976 --- [upt] [http-nio-8080-exec-4] s.w.s.m.m.a.RequestMappingHandlerMapping : Mapped to com.upt.upt.UptWebController#validateLogin(String, String, HttpSession)
2025-03-04T12:36:04.543Z DEBUG 5976 --- [upt] [http-nio-8080-exec-4] o.s.web.servlet.view.RedirectView        : View name [redirect:], model {}
2025-03-04T12:36:04.546Z DEBUG 5976 --- [upt] [http-nio-8080-exec-4] o.s.web.servlet.DispatcherServlet        : Completed 302 FOUND
2025-03-04T12:36:04.558Z DEBUG 5976 --- [upt] [http-nio-8080-exec-5] o.s.web.servlet.DispatcherServlet        : GET "/coordinator", parameters={}
2025-03-04T12:36:04.560Z DEBUG 5976 --- [upt] [http-nio-8080-exec-5] s.w.s.m.m.a.RequestMappingHandlerMapping : Mapped to com.upt.upt.controller.CurricularUnitController#showCourseList(Model, HttpSession)
2025-03-04T12:36:04.681Z DEBUG 5976 --- [upt] [http-nio-8080-exec-5] o.s.w.s.v.ContentNegotiatingViewResolver : Selected 'text/html' given [text/html, application/xhtml+xml, image/avif, image/webp, image/apng, application/xml;q=0.9, */*;q=0.8, application/signed-exchange;v=b3;q=0.7]
2025-03-04T12:36:04.792Z DEBUG 5976 --- [upt] [http-nio-8080-exec-5] o.s.web.servlet.DispatcherServlet        : Completed 200 OK
2025-03-04T12:36:06.239Z DEBUG 5976 --- [upt] [http-nio-8080-exec-7] o.s.web.servlet.DispatcherServlet        : GET "/coordinator/map?semester=1", parameters={masked}
2025-03-04T12:36:06.240Z DEBUG 5976 --- [upt] [http-nio-8080-exec-7] s.w.s.m.m.a.RequestMappingHandlerMapping : Mapped to com.upt.upt.controller.MapUnitController#showAssessmentMap(Integer, Model, HttpSession)
2025-03-04T12:36:06.297Z DEBUG 5976 --- [upt] [http-nio-8080-exec-7] o.s.w.s.v.ContentNegotiatingViewResolver : Selected 'text/html' given [text/html, application/xhtml+xml, image/avif, image/webp, image/apng, application/xml;q=0.9, */*;q=0.8, application/signed-exchange;v=b3;q=0.7]
2025-03-04T12:36:06.389Z DEBUG 5976 --- [upt] [http-nio-8080-exec-7] o.s.web.servlet.DispatcherServlet        : Completed 200 OK
2025-03-04T12:36:07.913Z DEBUG 5976 --- [upt] [http-nio-8080-exec-8] o.s.web.servlet.DispatcherServlet        : GET "/coordinator/map/pdf?year=1&semester=1", parameters={masked}
2025-03-04T12:36:07.914Z DEBUG 5976 --- [upt] [http-nio-8080-exec-8] s.w.s.m.m.a.RequestMappingHandlerMapping : Mapped to com.upt.upt.controller.MapUnitController#generatePdf(Integer, Integer, HttpSession)
2025-03-04T12:36:08.614Z DEBUG 5976 --- [upt] [http-nio-8080-exec-8] o.s.w.s.m.m.a.HttpEntityMethodProcessor  : Found 'Content-Type:application/pdf' in response
2025-03-04T12:36:08.632Z DEBUG 5976 --- [upt] [http-nio-8080-exec-8] o.s.w.s.m.m.a.HttpEntityMethodProcessor  : Writing [{37, 80, 68, 70, 45, 49, 46, 52, 10, 37, -30, -29, -49, -45, 10, 49, 32, 48, 32, 111, 98, 106, 10, 6 (truncated)...]
2025-03-04T12:36:08.645Z DEBUG 5976 --- [upt] [http-nio-8080-exec-8] o.s.web.servlet.DispatcherServlet        : Completed 200 OK
2025-03-04T12:36:36.790Z DEBUG 5976 --- [upt] [http-nio-8080-exec-10] o.s.web.servlet.DispatcherServlet        : GET "/logout", parameters={}
2025-03-04T12:36:36.791Z DEBUG 5976 --- [upt] [http-nio-8080-exec-10] s.w.s.m.m.a.RequestMappingHandlerMapping : Mapped to com.upt.upt.UptWebController#logout(HttpSession)
2025-03-04T12:36:36.794Z DEBUG 5976 --- [upt] [http-nio-8080-exec-10] o.s.web.servlet.view.RedirectView        : View name [redirect:], model {}
2025-03-04T12:36:36.795Z DEBUG 5976 --- [upt] [http-nio-8080-exec-10] o.s.web.servlet.DispatcherServlet        : Completed 302 FOUND
2025-03-04T12:36:36.807Z DEBUG 5976 --- [upt] [http-nio-8080-exec-2] o.s.web.servlet.DispatcherServlet        : GET "/login", parameters={}
2025-03-04T12:36:36.808Z DEBUG 5976 --- [upt] [http-nio-8080-exec-2] s.w.s.m.m.a.RequestMappingHandlerMapping : Mapped to com.upt.upt.UptWebController#login(String, Model)
2025-03-04T12:36:36.812Z DEBUG 5976 --- [upt] [http-nio-8080-exec-2] o.s.w.s.v.ContentNegotiatingViewResolver : Selected 'text/html' given [text/html, application/xhtml+xml, image/avif, image/webp, image/apng, application/xml;q=0.9, */*;q=0.8, application/signed-exchange;v=b3;q=0.7]
2025-03-04T12:36:36.827Z DEBUG 5976 --- [upt] [http-nio-8080-exec-2] o.s.web.servlet.DispatcherServlet        : Completed 200 OK
2025-03-04T12:36:39.461Z DEBUG 5976 --- [upt] [http-nio-8080-exec-1] o.s.web.servlet.DispatcherServlet        : POST "/validate-login", parameters={masked}
2025-03-04T12:36:39.462Z DEBUG 5976 --- [upt] [http-nio-8080-exec-1] s.w.s.m.m.a.RequestMappingHandlerMapping : Mapped to com.upt.upt.UptWebController#validateLogin(String, String, HttpSession)
2025-03-04T12:36:39.487Z DEBUG 5976 --- [upt] [http-nio-8080-exec-1] o.s.web.servlet.view.RedirectView        : View name [redirect:], model {}
2025-03-04T12:36:39.489Z DEBUG 5976 --- [upt] [http-nio-8080-exec-1] o.s.web.servlet.DispatcherServlet        : Completed 302 FOUND
2025-03-04T12:36:39.495Z DEBUG 5976 --- [upt] [http-nio-8080-exec-3] o.s.web.servlet.DispatcherServlet        : GET "/director", parameters={}
2025-03-04T12:36:39.496Z DEBUG 5976 --- [upt] [http-nio-8080-exec-3] s.w.s.m.m.a.RequestMappingHandlerMapping : Mapped to com.upt.upt.controller.DirectorUnitController#listDirectors(HttpSession, Model)
2025-03-04T12:36:39.523Z DEBUG 5976 --- [upt] [http-nio-8080-exec-3] o.s.w.s.v.ContentNegotiatingViewResolver : Selected 'text/html' given [text/html, application/xhtml+xml, image/avif, image/webp, image/apng, application/xml;q=0.9, */*;q=0.8, application/signed-exchange;v=b3;q=0.7]
2025-03-04T12:36:39.564Z DEBUG 5976 --- [upt] [http-nio-8080-exec-3] o.s.web.servlet.DispatcherServlet        : Completed 200 OK
2025-03-04T12:36:42.526Z DEBUG 5976 --- [upt] [http-nio-8080-exec-4] o.s.web.servlet.DispatcherServlet        : GET "/director/viewSemester/16", parameters={}
2025-03-04T12:36:42.527Z DEBUG 5976 --- [upt] [http-nio-8080-exec-4] s.w.s.m.m.a.RequestMappingHandlerMapping : Mapped to com.upt.upt.controller.DirectorUnitController#viewSemesters(Long, Model, HttpSession)
2025-03-04T12:36:42.547Z DEBUG 5976 --- [upt] [http-nio-8080-exec-4] o.s.w.s.v.ContentNegotiatingViewResolver : Selected 'text/html' given [text/html, application/xhtml+xml, image/avif, image/webp, image/apng, application/xml;q=0.9, */*;q=0.8, application/signed-exchange;v=b3;q=0.7]
2025-03-04T12:36:42.564Z DEBUG 5976 --- [upt] [http-nio-8080-exec-4] o.s.web.servlet.DispatcherServlet        : Completed 200 OK
2025-03-04T12:36:44.805Z DEBUG 5976 --- [upt] [http-nio-8080-exec-5] o.s.web.servlet.DispatcherServlet        : GET "/director/map/1st/16", parameters={}
2025-03-04T12:36:44.810Z DEBUG 5976 --- [upt] [http-nio-8080-exec-5] s.w.s.m.m.a.RequestMappingHandlerMapping : Mapped to com.upt.upt.controller.DirectorUnitController#viewSemesterMap(String, Long, Model, HttpSession)
2025-03-04T12:36:44.853Z DEBUG 5976 --- [upt] [http-nio-8080-exec-5] o.s.w.s.v.ContentNegotiatingViewResolver : Selected 'text/html' given [text/html, application/xhtml+xml, image/avif, image/webp, image/apng, application/xml;q=0.9, */*;q=0.8, application/signed-exchange;v=b3;q=0.7]
2025-03-04T12:36:45.037Z DEBUG 5976 --- [upt] [http-nio-8080-exec-5] o.s.web.servlet.DispatcherServlet        : Completed 200 OK
2025-03-04T12:36:46.397Z DEBUG 5976 --- [upt] [http-nio-8080-exec-6] o.s.web.servlet.DispatcherServlet        : GET "/director/map/pdf?yearId=16&semester=1", parameters={masked}
2025-03-04T12:36:46.399Z DEBUG 5976 --- [upt] [http-nio-8080-exec-6] s.w.s.m.m.a.RequestMappingHandlerMapping : Mapped to com.upt.upt.controller.DirectorUnitController#generatePdf(Long, Integer, HttpSession)
2025-03-04T12:36:46.665Z DEBUG 5976 --- [upt] [http-nio-8080-exec-6] o.s.w.s.m.m.a.HttpEntityMethodProcessor  : Found 'Content-Type:application/pdf' in response
2025-03-04T12:36:46.681Z DEBUG 5976 --- [upt] [http-nio-8080-exec-6] o.s.w.s.m.m.a.HttpEntityMethodProcessor  : Writing [{37, 80, 68, 70, 45, 49, 46, 52, 10, 37, -30, -29, -49, -45, 10, 49, 32, 48, 32, 111, 98, 106, 10, 6 (truncated)...]
2025-03-04T12:36:46.688Z DEBUG 5976 --- [upt] [http-nio-8080-exec-6] o.s.web.servlet.DispatcherServlet        : Completed 200 OK
2025-03-04T12:36:58.255Z DEBUG 5976 --- [upt] [http-nio-8080-exec-8] o.s.web.servlet.DispatcherServlet        : GET "/director/ucs/1st/16", parameters={}
2025-03-04T12:36:58.256Z DEBUG 5976 --- [upt] [http-nio-8080-exec-8] s.w.s.m.m.a.RequestMappingHandlerMapping : Mapped to com.upt.upt.controller.DirectorUnitController#viewSemesterUcs(String, Long, Model, HttpSession)
2025-03-04T12:36:58.270Z DEBUG 5976 --- [upt] [http-nio-8080-exec-8] o.s.w.s.v.ContentNegotiatingViewResolver : Selected 'text/html' given [text/html, application/xhtml+xml, image/avif, image/webp, image/apng, application/xml;q=0.9, */*;q=0.8, application/signed-exchange;v=b3;q=0.7]
2025-03-04T12:36:58.371Z DEBUG 5976 --- [upt] [http-nio-8080-exec-8] o.s.web.servlet.DispatcherServlet        : Completed 200 OK
2025-03-04T12:36:59.713Z DEBUG 5976 --- [upt] [http-nio-8080-exec-9] o.s.web.servlet.DispatcherServlet        : GET "/director/ucs/pdf?semesterId=8&semester=1st", parameters={masked}
2025-03-04T12:36:59.714Z DEBUG 5976 --- [upt] [http-nio-8080-exec-9] s.w.s.m.m.a.RequestMappingHandlerMapping : Mapped to com.upt.upt.controller.DirectorUnitController#generateUcsPdf(Long, String, HttpSession)
2025-03-04T12:36:59.767Z DEBUG 5976 --- [upt] [http-nio-8080-exec-9] o.s.w.s.m.m.a.HttpEntityMethodProcessor  : Found 'Content-Type:application/pdf' in response
2025-03-04T12:36:59.772Z DEBUG 5976 --- [upt] [http-nio-8080-exec-9] o.s.w.s.m.m.a.HttpEntityMethodProcessor  : Writing [{37, 80, 68, 70, 45, 49, 46, 52, 10, 37, -30, -29, -49, -45, 10, 49, 32, 48, 32, 111, 98, 106, 10, 6 (truncated)...]
2025-03-04T12:36:59.778Z DEBUG 5976 --- [upt] [http-nio-8080-exec-9] o.s.web.servlet.DispatcherServlet        : Completed 200 OK
2025-03-04T12:39:55.541Z  INFO 7360 --- [upt] [main] com.upt.upt.UptWebApplication            : Starting UptWebApplication using Java 17.0.12 with PID 7360 (C:\Users\Sistrade\Documentos\Faculdade\3º Ano GAB\1º sem\QualidadeSoftware\GRUPO 5_ProjetoFinal_QS\UptQSProject\build\classes\java\main started by Sistrade in C:\Users\Sistrade\Documentos\Faculdade\3º Ano GAB\1º sem\QualidadeSoftware\GRUPO 5_ProjetoFinal_QS\UptQSProject)
2025-03-04T12:39:55.554Z DEBUG 7360 --- [upt] [main] com.upt.upt.UptWebApplication            : Running with Spring Boot v3.3.5, Spring v6.1.14
2025-03-04T12:39:55.559Z  INFO 7360 --- [upt] [main] com.upt.upt.UptWebApplication            : No active profile set, falling back to 1 default profile: "default"
2025-03-04T12:39:58.340Z  INFO 7360 --- [upt] [main] .s.d.r.c.RepositoryConfigurationDelegate : Bootstrapping Spring Data JPA repositories in DEFAULT mode.
2025-03-04T12:39:58.661Z  INFO 7360 --- [upt] [main] .s.d.r.c.RepositoryConfigurationDelegate : Finished Spring Data repository scanning in 275 ms. Found 9 JPA repository interfaces.
2025-03-04T12:40:01.118Z  INFO 7360 --- [upt] [main] o.s.b.w.embedded.tomcat.TomcatWebServer  : Tomcat initialized with port 8080 (http)
2025-03-04T12:40:01.157Z  INFO 7360 --- [upt] [main] o.apache.catalina.core.StandardService   : Starting service [Tomcat]
2025-03-04T12:40:01.158Z  INFO 7360 --- [upt] [main] o.apache.catalina.core.StandardEngine    : Starting Servlet engine: [Apache Tomcat/10.1.31]
2025-03-04T12:40:01.392Z  INFO 7360 --- [upt] [main] o.a.c.c.C.[Tomcat].[localhost].[/]       : Initializing Spring embedded WebApplicationContext
2025-03-04T12:40:01.395Z  INFO 7360 --- [upt] [main] w.s.c.ServletWebServerApplicationContext : Root WebApplicationContext: initialization completed in 5599 ms
2025-03-04T12:40:01.865Z  INFO 7360 --- [upt] [main] o.hibernate.jpa.internal.util.LogHelper  : HHH000204: Processing PersistenceUnitInfo [name: default]
2025-03-04T12:40:02.114Z  INFO 7360 --- [upt] [main] org.hibernate.Version                    : HHH000412: Hibernate ORM core version 6.5.3.Final
2025-03-04T12:40:02.232Z  INFO 7360 --- [upt] [main] o.h.c.internal.RegionFactoryInitiator    : HHH000026: Second-level cache disabled
2025-03-04T12:40:03.195Z  INFO 7360 --- [upt] [main] o.s.o.j.p.SpringPersistenceUnitInfo      : No LoadTimeWeaver setup: ignoring JPA class transformer
2025-03-04T12:40:03.283Z  INFO 7360 --- [upt] [main] com.zaxxer.hikari.HikariDataSource       : HikariPool-1 - Starting...
2025-03-04T12:40:04.124Z  INFO 7360 --- [upt] [main] com.zaxxer.hikari.pool.HikariPool        : HikariPool-1 - Added connection com.mysql.cj.jdbc.ConnectionImpl@2e204155
2025-03-04T12:40:04.128Z  INFO 7360 --- [upt] [main] com.zaxxer.hikari.HikariDataSource       : HikariPool-1 - Start completed.
2025-03-04T12:40:04.287Z  WARN 7360 --- [upt] [main] org.hibernate.orm.deprecation            : HHH90000025: MySQL8Dialect does not need to be specified explicitly using 'hibernate.dialect' (remove the property setting and it will be selected by default)
2025-03-04T12:40:04.292Z  WARN 7360 --- [upt] [main] org.hibernate.orm.deprecation            : HHH90000026: MySQL8Dialect has been deprecated; use org.hibernate.dialect.MySQLDialect instead
2025-03-04T12:40:07.598Z  INFO 7360 --- [upt] [main] o.h.e.t.j.p.i.JtaPlatformInitiator       : HHH000489: No JTA platform available (set 'hibernate.transaction.jta.platform' to enable JTA platform integration)
2025-03-04T12:40:08.088Z  INFO 7360 --- [upt] [main] j.LocalContainerEntityManagerFactoryBean : Initialized JPA EntityManagerFactory for persistence unit 'default'
2025-03-04T12:40:09.653Z  WARN 7360 --- [upt] [main] JpaBaseConfiguration$JpaWebConfiguration : spring.jpa.open-in-view is enabled by default. Therefore, database queries may be performed during view rendering. Explicitly configure spring.jpa.open-in-view to disable this warning
2025-03-04T12:40:10.027Z DEBUG 7360 --- [upt] [main] s.w.s.m.m.a.RequestMappingHandlerMapping : 69 mappings in 'requestMappingHandlerMapping'
2025-03-04T12:40:10.223Z DEBUG 7360 --- [upt] [main] o.s.w.s.handler.SimpleUrlHandlerMapping  : Patterns [/webjars/**, /**] in 'resourceHandlerMapping'
2025-03-04T12:40:10.304Z DEBUG 7360 --- [upt] [main] s.w.s.m.m.a.RequestMappingHandlerAdapter : ControllerAdvice beans: 0 @ModelAttribute, 0 @InitBinder, 1 RequestBodyAdvice, 1 ResponseBodyAdvice
2025-03-04T12:40:10.399Z DEBUG 7360 --- [upt] [main] .m.m.a.ExceptionHandlerExceptionResolver : ControllerAdvice beans: 0 @ExceptionHandler, 1 ResponseBodyAdvice
2025-03-04T12:40:10.737Z  INFO 7360 --- [upt] [main] o.s.b.w.embedded.tomcat.TomcatWebServer  : Tomcat started on port 8080 (http) with context path '/'
2025-03-04T12:40:10.760Z  INFO 7360 --- [upt] [main] com.upt.upt.UptWebApplication            : Started UptWebApplication in 16.62 seconds (process running for 17.64)
2025-03-04T12:40:11.025Z  INFO 7360 --- [upt] [http-nio-8080-exec-1] o.a.c.c.C.[Tomcat].[localhost].[/]       : Initializing Spring DispatcherServlet 'dispatcherServlet'
2025-03-04T12:40:11.026Z  INFO 7360 --- [upt] [http-nio-8080-exec-1] o.s.web.servlet.DispatcherServlet        : Initializing Servlet 'dispatcherServlet'
2025-03-04T12:40:11.027Z DEBUG 7360 --- [upt] [http-nio-8080-exec-1] o.s.web.servlet.DispatcherServlet        : Detected StandardServletMultipartResolver
2025-03-04T12:40:11.029Z DEBUG 7360 --- [upt] [http-nio-8080-exec-1] o.s.web.servlet.DispatcherServlet        : Detected AcceptHeaderLocaleResolver
2025-03-04T12:40:11.029Z DEBUG 7360 --- [upt] [http-nio-8080-exec-1] o.s.web.servlet.DispatcherServlet        : Detected FixedThemeResolver
2025-03-04T12:40:11.032Z DEBUG 7360 --- [upt] [http-nio-8080-exec-1] o.s.web.servlet.DispatcherServlet        : Detected org.springframework.web.servlet.view.DefaultRequestToViewNameTranslator@27f8f1cc
2025-03-04T12:40:11.033Z DEBUG 7360 --- [upt] [http-nio-8080-exec-1] o.s.web.servlet.DispatcherServlet        : Detected org.springframework.web.servlet.support.SessionFlashMapManager@1930e8ef
2025-03-04T12:40:11.034Z DEBUG 7360 --- [upt] [http-nio-8080-exec-1] o.s.web.servlet.DispatcherServlet        : enableLoggingRequestDetails='false': request parameters and headers will be masked to prevent unsafe logging of potentially sensitive data
2025-03-04T12:40:11.036Z  INFO 7360 --- [upt] [http-nio-8080-exec-1] o.s.web.servlet.DispatcherServlet        : Completed initialization in 8 ms
2025-03-04T12:40:11.058Z DEBUG 7360 --- [upt] [http-nio-8080-exec-1] o.s.web.servlet.DispatcherServlet        : GET "/director/viewSemester/16", parameters={}
2025-03-04T12:40:11.103Z DEBUG 7360 --- [upt] [http-nio-8080-exec-1] s.w.s.m.m.a.RequestMappingHandlerMapping : Mapped to com.upt.upt.controller.DirectorUnitController#viewSemesters(Long, Model, HttpSession)
2025-03-04T12:40:11.260Z DEBUG 7360 --- [upt] [http-nio-8080-exec-1] o.s.web.servlet.view.RedirectView        : View name [redirect:], model {}
2025-03-04T12:40:11.264Z DEBUG 7360 --- [upt] [http-nio-8080-exec-1] o.s.web.servlet.DispatcherServlet        : Completed 302 FOUND
2025-03-04T12:40:11.277Z DEBUG 7360 --- [upt] [http-nio-8080-exec-2] o.s.web.servlet.DispatcherServlet        : GET "/login?error=Unauthorized%20access", parameters={masked}
2025-03-04T12:40:11.279Z DEBUG 7360 --- [upt] [http-nio-8080-exec-2] s.w.s.m.m.a.RequestMappingHandlerMapping : Mapped to com.upt.upt.UptWebController#login(String, Model)
2025-03-04T12:40:11.306Z DEBUG 7360 --- [upt] [http-nio-8080-exec-2] o.s.w.s.v.ContentNegotiatingViewResolver : Selected 'text/html' given [text/html, application/xhtml+xml, image/avif, image/webp, image/apng, application/xml;q=0.9, */*;q=0.8, application/signed-exchange;v=b3;q=0.7]
2025-03-04T12:40:11.899Z DEBUG 7360 --- [upt] [http-nio-8080-exec-2] o.s.web.servlet.DispatcherServlet        : Completed 200 OK
2025-03-04T12:40:16.089Z DEBUG 7360 --- [upt] [http-nio-8080-exec-3] o.s.web.servlet.DispatcherServlet        : POST "/validate-login", parameters={masked}
2025-03-04T12:40:16.090Z DEBUG 7360 --- [upt] [http-nio-8080-exec-3] s.w.s.m.m.a.RequestMappingHandlerMapping : Mapped to com.upt.upt.UptWebController#validateLogin(String, String, HttpSession)
2025-03-04T12:40:16.482Z DEBUG 7360 --- [upt] [http-nio-8080-exec-3] o.s.web.servlet.view.RedirectView        : View name [redirect:], model {}
2025-03-04T12:40:16.484Z DEBUG 7360 --- [upt] [http-nio-8080-exec-3] o.s.web.servlet.DispatcherServlet        : Completed 302 FOUND
2025-03-04T12:40:16.491Z DEBUG 7360 --- [upt] [http-nio-8080-exec-4] o.s.web.servlet.DispatcherServlet        : GET "/director", parameters={}
2025-03-04T12:40:16.492Z DEBUG 7360 --- [upt] [http-nio-8080-exec-4] s.w.s.m.m.a.RequestMappingHandlerMapping : Mapped to com.upt.upt.controller.DirectorUnitController#listDirectors(HttpSession, Model)
2025-03-04T12:40:16.581Z DEBUG 7360 --- [upt] [http-nio-8080-exec-4] o.s.w.s.v.ContentNegotiatingViewResolver : Selected 'text/html' given [text/html, application/xhtml+xml, image/avif, image/webp, image/apng, application/xml;q=0.9, */*;q=0.8, application/signed-exchange;v=b3;q=0.7]
2025-03-04T12:40:16.637Z DEBUG 7360 --- [upt] [http-nio-8080-exec-4] o.s.web.servlet.DispatcherServlet        : Completed 200 OK
2025-03-04T12:40:24.820Z DEBUG 7360 --- [upt] [http-nio-8080-exec-7] o.s.web.servlet.DispatcherServlet        : GET "/director/viewSemester/16", parameters={}
2025-03-04T12:40:24.822Z DEBUG 7360 --- [upt] [http-nio-8080-exec-7] s.w.s.m.m.a.RequestMappingHandlerMapping : Mapped to com.upt.upt.controller.DirectorUnitController#viewSemesters(Long, Model, HttpSession)
2025-03-04T12:40:24.839Z DEBUG 7360 --- [upt] [http-nio-8080-exec-7] o.s.w.s.v.ContentNegotiatingViewResolver : Selected 'text/html' given [text/html, application/xhtml+xml, image/avif, image/webp, image/apng, application/xml;q=0.9, */*;q=0.8, application/signed-exchange;v=b3;q=0.7]
2025-03-04T12:40:24.855Z DEBUG 7360 --- [upt] [http-nio-8080-exec-7] o.s.web.servlet.DispatcherServlet        : Completed 200 OK
2025-03-04T12:40:26.880Z DEBUG 7360 --- [upt] [http-nio-8080-exec-8] o.s.web.servlet.DispatcherServlet        : GET "/director/map/1st/16", parameters={}
2025-03-04T12:40:26.882Z DEBUG 7360 --- [upt] [http-nio-8080-exec-8] s.w.s.m.m.a.RequestMappingHandlerMapping : Mapped to com.upt.upt.controller.DirectorUnitController#viewSemesterMap(String, Long, Model, HttpSession)
2025-03-04T12:40:26.909Z DEBUG 7360 --- [upt] [http-nio-8080-exec-8] o.s.w.s.v.ContentNegotiatingViewResolver : Selected 'text/html' given [text/html, application/xhtml+xml, image/avif, image/webp, image/apng, application/xml;q=0.9, */*;q=0.8, application/signed-exchange;v=b3;q=0.7]
2025-03-04T12:40:27.004Z DEBUG 7360 --- [upt] [http-nio-8080-exec-8] o.s.web.servlet.DispatcherServlet        : Completed 200 OK
2025-03-04T12:40:28.396Z DEBUG 7360 --- [upt] [http-nio-8080-exec-9] o.s.web.servlet.DispatcherServlet        : GET "/logout", parameters={}
2025-03-04T12:40:28.396Z DEBUG 7360 --- [upt] [http-nio-8080-exec-9] s.w.s.m.m.a.RequestMappingHandlerMapping : Mapped to com.upt.upt.UptWebController#logout(HttpSession)
2025-03-04T12:40:28.399Z DEBUG 7360 --- [upt] [http-nio-8080-exec-9] o.s.web.servlet.view.RedirectView        : View name [redirect:], model {}
2025-03-04T12:40:28.400Z DEBUG 7360 --- [upt] [http-nio-8080-exec-9] o.s.web.servlet.DispatcherServlet        : Completed 302 FOUND
2025-03-04T12:40:28.407Z DEBUG 7360 --- [upt] [http-nio-8080-exec-10] o.s.web.servlet.DispatcherServlet        : GET "/login", parameters={}
2025-03-04T12:40:28.408Z DEBUG 7360 --- [upt] [http-nio-8080-exec-10] s.w.s.m.m.a.RequestMappingHandlerMapping : Mapped to com.upt.upt.UptWebController#login(String, Model)
2025-03-04T12:40:28.410Z DEBUG 7360 --- [upt] [http-nio-8080-exec-10] o.s.w.s.v.ContentNegotiatingViewResolver : Selected 'text/html' given [text/html, application/xhtml+xml, image/avif, image/webp, image/apng, application/xml;q=0.9, */*;q=0.8, application/signed-exchange;v=b3;q=0.7]
2025-03-04T12:40:28.414Z DEBUG 7360 --- [upt] [http-nio-8080-exec-10] o.s.web.servlet.DispatcherServlet        : Completed 200 OK
2025-03-04T12:40:30.868Z DEBUG 7360 --- [upt] [http-nio-8080-exec-2] o.s.web.servlet.DispatcherServlet        : POST "/validate-login", parameters={masked}
2025-03-04T12:40:30.869Z DEBUG 7360 --- [upt] [http-nio-8080-exec-2] s.w.s.m.m.a.RequestMappingHandlerMapping : Mapped to com.upt.upt.UptWebController#validateLogin(String, String, HttpSession)
2025-03-04T12:40:30.888Z DEBUG 7360 --- [upt] [http-nio-8080-exec-2] o.s.web.servlet.view.RedirectView        : View name [redirect:], model {}
2025-03-04T12:40:30.890Z DEBUG 7360 --- [upt] [http-nio-8080-exec-2] o.s.web.servlet.DispatcherServlet        : Completed 302 FOUND
2025-03-04T12:40:30.896Z DEBUG 7360 --- [upt] [http-nio-8080-exec-3] o.s.web.servlet.DispatcherServlet        : GET "/director", parameters={}
2025-03-04T12:40:30.897Z DEBUG 7360 --- [upt] [http-nio-8080-exec-3] s.w.s.m.m.a.RequestMappingHandlerMapping : Mapped to com.upt.upt.controller.DirectorUnitController#listDirectors(HttpSession, Model)
2025-03-04T12:40:30.910Z DEBUG 7360 --- [upt] [http-nio-8080-exec-3] o.s.w.s.v.ContentNegotiatingViewResolver : Selected 'text/html' given [text/html, application/xhtml+xml, image/avif, image/webp, image/apng, application/xml;q=0.9, */*;q=0.8, application/signed-exchange;v=b3;q=0.7]
2025-03-04T12:40:30.921Z DEBUG 7360 --- [upt] [http-nio-8080-exec-3] o.s.web.servlet.DispatcherServlet        : Completed 200 OK
2025-03-04T12:40:32.336Z DEBUG 7360 --- [upt] [http-nio-8080-exec-4] o.s.web.servlet.DispatcherServlet        : GET "/director/viewSemester/16", parameters={}
2025-03-04T12:40:32.339Z DEBUG 7360 --- [upt] [http-nio-8080-exec-4] s.w.s.m.m.a.RequestMappingHandlerMapping : Mapped to com.upt.upt.controller.DirectorUnitController#viewSemesters(Long, Model, HttpSession)
2025-03-04T12:40:32.357Z DEBUG 7360 --- [upt] [http-nio-8080-exec-4] o.s.w.s.v.ContentNegotiatingViewResolver : Selected 'text/html' given [text/html, application/xhtml+xml, image/avif, image/webp, image/apng, application/xml;q=0.9, */*;q=0.8, application/signed-exchange;v=b3;q=0.7]
2025-03-04T12:40:32.366Z DEBUG 7360 --- [upt] [http-nio-8080-exec-4] o.s.web.servlet.DispatcherServlet        : Completed 200 OK
2025-03-04T12:40:33.608Z DEBUG 7360 --- [upt] [http-nio-8080-exec-5] o.s.web.servlet.DispatcherServlet        : GET "/director/map/1st/16", parameters={}
2025-03-04T12:40:33.610Z DEBUG 7360 --- [upt] [http-nio-8080-exec-5] s.w.s.m.m.a.RequestMappingHandlerMapping : Mapped to com.upt.upt.controller.DirectorUnitController#viewSemesterMap(String, Long, Model, HttpSession)
2025-03-04T12:40:33.633Z DEBUG 7360 --- [upt] [http-nio-8080-exec-5] o.s.w.s.v.ContentNegotiatingViewResolver : Selected 'text/html' given [text/html, application/xhtml+xml, image/avif, image/webp, image/apng, application/xml;q=0.9, */*;q=0.8, application/signed-exchange;v=b3;q=0.7]
2025-03-04T12:40:33.679Z DEBUG 7360 --- [upt] [http-nio-8080-exec-5] o.s.web.servlet.DispatcherServlet        : Completed 200 OK
2025-03-04T12:40:35.041Z DEBUG 7360 --- [upt] [http-nio-8080-exec-6] o.s.web.servlet.DispatcherServlet        : GET "/director/map/pdf?yearId=16&semester=1", parameters={masked}
2025-03-04T12:40:35.043Z DEBUG 7360 --- [upt] [http-nio-8080-exec-6] s.w.s.m.m.a.RequestMappingHandlerMapping : Mapped to com.upt.upt.controller.DirectorUnitController#generatePdf(Long, Integer, HttpSession)
2025-03-04T12:40:35.778Z DEBUG 7360 --- [upt] [http-nio-8080-exec-6] o.s.w.s.m.m.a.HttpEntityMethodProcessor  : Found 'Content-Type:application/pdf' in response
2025-03-04T12:40:35.790Z DEBUG 7360 --- [upt] [http-nio-8080-exec-6] o.s.w.s.m.m.a.HttpEntityMethodProcessor  : Writing [{37, 80, 68, 70, 45, 49, 46, 52, 10, 37, -30, -29, -49, -45, 10, 49, 32, 48, 32, 111, 98, 106, 10, 6 (truncated)...]
2025-03-04T12:40:35.800Z DEBUG 7360 --- [upt] [http-nio-8080-exec-6] o.s.web.servlet.DispatcherServlet        : Completed 200 OK
2025-03-04T12:40:48.589Z DEBUG 7360 --- [upt] [http-nio-8080-exec-8] o.s.web.servlet.DispatcherServlet        : GET "/logout", parameters={}
2025-03-04T12:40:48.590Z DEBUG 7360 --- [upt] [http-nio-8080-exec-8] s.w.s.m.m.a.RequestMappingHandlerMapping : Mapped to com.upt.upt.UptWebController#logout(HttpSession)
2025-03-04T12:40:48.593Z DEBUG 7360 --- [upt] [http-nio-8080-exec-8] o.s.web.servlet.view.RedirectView        : View name [redirect:], model {}
2025-03-04T12:40:48.594Z DEBUG 7360 --- [upt] [http-nio-8080-exec-8] o.s.web.servlet.DispatcherServlet        : Completed 302 FOUND
2025-03-04T12:40:48.603Z DEBUG 7360 --- [upt] [http-nio-8080-exec-9] o.s.web.servlet.DispatcherServlet        : GET "/login", parameters={}
2025-03-04T12:40:48.605Z DEBUG 7360 --- [upt] [http-nio-8080-exec-9] s.w.s.m.m.a.RequestMappingHandlerMapping : Mapped to com.upt.upt.UptWebController#login(String, Model)
2025-03-04T12:40:48.608Z DEBUG 7360 --- [upt] [http-nio-8080-exec-9] o.s.w.s.v.ContentNegotiatingViewResolver : Selected 'text/html' given [text/html, application/xhtml+xml, image/avif, image/webp, image/apng, application/xml;q=0.9, */*;q=0.8, application/signed-exchange;v=b3;q=0.7]
2025-03-04T12:40:48.611Z DEBUG 7360 --- [upt] [http-nio-8080-exec-9] o.s.web.servlet.DispatcherServlet        : Completed 200 OK
2025-03-04T12:40:51.517Z DEBUG 7360 --- [upt] [http-nio-8080-exec-1] o.s.web.servlet.DispatcherServlet        : POST "/validate-login", parameters={masked}
2025-03-04T12:40:51.518Z DEBUG 7360 --- [upt] [http-nio-8080-exec-1] s.w.s.m.m.a.RequestMappingHandlerMapping : Mapped to com.upt.upt.UptWebController#validateLogin(String, String, HttpSession)
2025-03-04T12:40:51.534Z DEBUG 7360 --- [upt] [http-nio-8080-exec-1] o.s.web.servlet.view.RedirectView        : View name [redirect:], model {}
2025-03-04T12:40:51.536Z DEBUG 7360 --- [upt] [http-nio-8080-exec-1] o.s.web.servlet.DispatcherServlet        : Completed 302 FOUND
2025-03-04T12:40:51.541Z DEBUG 7360 --- [upt] [http-nio-8080-exec-2] o.s.web.servlet.DispatcherServlet        : GET "/master", parameters={}
2025-03-04T12:40:51.543Z DEBUG 7360 --- [upt] [http-nio-8080-exec-2] s.w.s.m.m.a.RequestMappingHandlerMapping : Mapped to com.upt.upt.controller.MasterUnitController#listDirectorsMastersAndRooms(Model, HttpSession)
2025-03-04T12:40:51.591Z DEBUG 7360 --- [upt] [http-nio-8080-exec-2] o.s.w.s.v.ContentNegotiatingViewResolver : Selected 'text/html' given [text/html, application/xhtml+xml, image/avif, image/webp, image/apng, application/xml;q=0.9, */*;q=0.8, application/signed-exchange;v=b3;q=0.7]
2025-03-04T12:40:51.708Z DEBUG 7360 --- [upt] [http-nio-8080-exec-2] o.s.web.servlet.DispatcherServlet        : Completed 200 OK
2025-03-04T12:40:53.669Z DEBUG 7360 --- [upt] [http-nio-8080-exec-3] o.s.web.servlet.DispatcherServlet        : GET "/master/edit-director?id=1", parameters={masked}
2025-03-04T12:40:53.670Z DEBUG 7360 --- [upt] [http-nio-8080-exec-3] s.w.s.m.m.a.RequestMappingHandlerMapping : Mapped to com.upt.upt.controller.DirectorUnitController#showEditDirectorForm(Long, Model, HttpSession)
2025-03-04T12:40:53.683Z DEBUG 7360 --- [upt] [http-nio-8080-exec-3] o.s.w.s.v.ContentNegotiatingViewResolver : Selected 'text/html' given [text/html, application/xhtml+xml, image/avif, image/webp, image/apng, application/xml;q=0.9, */*;q=0.8, application/signed-exchange;v=b3;q=0.7]
2025-03-04T12:40:53.696Z DEBUG 7360 --- [upt] [http-nio-8080-exec-3] o.s.web.servlet.DispatcherServlet        : Completed 200 OK
2025-03-04T12:40:53.733Z DEBUG 7360 --- [upt] [http-nio-8080-exec-4] o.s.web.servlet.DispatcherServlet        : GET "/css/master_editDirector.css", parameters={}
2025-03-04T12:40:53.746Z DEBUG 7360 --- [upt] [http-nio-8080-exec-4] o.s.w.s.handler.SimpleUrlHandlerMapping  : Mapped to ResourceHttpRequestHandler [classpath [META-INF/resources/], classpath [resources/], classpath [static/], classpath [public/], ServletContext [/]]
2025-03-04T12:40:53.761Z DEBUG 7360 --- [upt] [http-nio-8080-exec-4] o.s.web.servlet.DispatcherServlet        : Completed 200 OK
2025-03-04T12:40:59.863Z DEBUG 7360 --- [upt] [http-nio-8080-exec-5] o.s.web.servlet.DispatcherServlet        : POST "/master/director-edit/1", parameters={masked}
2025-03-04T12:40:59.867Z DEBUG 7360 --- [upt] [http-nio-8080-exec-5] o.s.w.s.handler.SimpleUrlHandlerMapping  : Mapped to ResourceHttpRequestHandler [classpath [META-INF/resources/], classpath [resources/], classpath [static/], classpath [public/], ServletContext [/]]
2025-03-04T12:40:59.871Z DEBUG 7360 --- [upt] [http-nio-8080-exec-5] o.s.w.s.r.ResourceHttpRequestHandler     : Resource not found
2025-03-04T12:40:59.875Z DEBUG 7360 --- [upt] [http-nio-8080-exec-5] .w.s.m.s.DefaultHandlerExceptionResolver : Resolved [org.springframework.web.servlet.resource.NoResourceFoundException: No static resource master/director-edit/1.]
2025-03-04T12:40:59.876Z DEBUG 7360 --- [upt] [http-nio-8080-exec-5] o.s.web.servlet.DispatcherServlet        : Completed 404 NOT_FOUND
2025-03-04T12:40:59.888Z DEBUG 7360 --- [upt] [http-nio-8080-exec-5] o.s.web.servlet.DispatcherServlet        : "ERROR" dispatch for POST "/error", parameters={masked}
2025-03-04T12:40:59.891Z DEBUG 7360 --- [upt] [http-nio-8080-exec-5] s.w.s.m.m.a.RequestMappingHandlerMapping : Mapped to org.springframework.boot.autoconfigure.web.servlet.error.BasicErrorController#errorHtml(HttpServletRequest, HttpServletResponse)
2025-03-04T12:40:59.909Z DEBUG 7360 --- [upt] [http-nio-8080-exec-5] o.s.w.s.v.ContentNegotiatingViewResolver : Selected 'text/html' given [text/html, text/html;q=0.8]
2025-03-04T12:40:59.921Z DEBUG 7360 --- [upt] [http-nio-8080-exec-5] o.s.web.servlet.DispatcherServlet        : Exiting from "ERROR" dispatch, status 404
2025-03-04T12:40:59.981Z DEBUG 7360 --- [upt] [http-nio-8080-exec-6] o.s.web.servlet.DispatcherServlet        : GET "/favicon.ico", parameters={}
2025-03-04T12:40:59.983Z DEBUG 7360 --- [upt] [http-nio-8080-exec-6] o.s.w.s.handler.SimpleUrlHandlerMapping  : Mapped to ResourceHttpRequestHandler [classpath [META-INF/resources/], classpath [resources/], classpath [static/], classpath [public/], ServletContext [/]]
2025-03-04T12:40:59.989Z DEBUG 7360 --- [upt] [http-nio-8080-exec-6] o.s.w.s.r.ResourceHttpRequestHandler     : Resource not found
2025-03-04T12:40:59.990Z DEBUG 7360 --- [upt] [http-nio-8080-exec-6] .w.s.m.s.DefaultHandlerExceptionResolver : Resolved [org.springframework.web.servlet.resource.NoResourceFoundException: No static resource favicon.ico.]
2025-03-04T12:40:59.991Z DEBUG 7360 --- [upt] [http-nio-8080-exec-6] o.s.web.servlet.DispatcherServlet        : Completed 404 NOT_FOUND
2025-03-04T12:40:59.992Z DEBUG 7360 --- [upt] [http-nio-8080-exec-6] o.s.web.servlet.DispatcherServlet        : "ERROR" dispatch for GET "/error", parameters={}
2025-03-04T12:40:59.994Z DEBUG 7360 --- [upt] [http-nio-8080-exec-6] s.w.s.m.m.a.RequestMappingHandlerMapping : Mapped to org.springframework.boot.autoconfigure.web.servlet.error.BasicErrorController#error(HttpServletRequest)
2025-03-04T12:41:00.032Z DEBUG 7360 --- [upt] [http-nio-8080-exec-6] o.s.w.s.m.m.a.HttpEntityMethodProcessor  : Using 'application/json;q=0.8', given [image/avif, image/webp, image/apng, image/svg+xml, image/*, */*;q=0.8] and supported [application/json, application/*+json]
2025-03-04T12:41:00.037Z DEBUG 7360 --- [upt] [http-nio-8080-exec-6] o.s.w.s.m.m.a.HttpEntityMethodProcessor  : Writing [{timestamp=Tue Mar 04 12:40:59 WET 2025, status=404, error=Not Found, path=/favicon.ico}]
2025-03-04T12:41:00.132Z DEBUG 7360 --- [upt] [http-nio-8080-exec-6] o.s.web.servlet.DispatcherServlet        : Exiting from "ERROR" dispatch, status 404
2025-03-04T12:41:04.550Z DEBUG 7360 --- [upt] [http-nio-8080-exec-8] o.s.web.servlet.DispatcherServlet        : POST "/master/director-edit/1", parameters={masked}
2025-03-04T12:41:04.552Z DEBUG 7360 --- [upt] [http-nio-8080-exec-8] o.s.w.s.handler.SimpleUrlHandlerMapping  : Mapped to ResourceHttpRequestHandler [classpath [META-INF/resources/], classpath [resources/], classpath [static/], classpath [public/], ServletContext [/]]
2025-03-04T12:41:04.554Z DEBUG 7360 --- [upt] [http-nio-8080-exec-8] o.s.w.s.r.ResourceHttpRequestHandler     : Resource not found
2025-03-04T12:41:04.555Z DEBUG 7360 --- [upt] [http-nio-8080-exec-8] .w.s.m.s.DefaultHandlerExceptionResolver : Resolved [org.springframework.web.servlet.resource.NoResourceFoundException: No static resource master/director-edit/1.]
2025-03-04T12:41:04.557Z DEBUG 7360 --- [upt] [http-nio-8080-exec-8] o.s.web.servlet.DispatcherServlet        : Completed 404 NOT_FOUND
2025-03-04T12:41:04.559Z DEBUG 7360 --- [upt] [http-nio-8080-exec-8] o.s.web.servlet.DispatcherServlet        : "ERROR" dispatch for POST "/error", parameters={masked}
2025-03-04T12:41:04.561Z DEBUG 7360 --- [upt] [http-nio-8080-exec-8] s.w.s.m.m.a.RequestMappingHandlerMapping : Mapped to org.springframework.boot.autoconfigure.web.servlet.error.BasicErrorController#errorHtml(HttpServletRequest, HttpServletResponse)
2025-03-04T12:41:04.567Z DEBUG 7360 --- [upt] [http-nio-8080-exec-8] o.s.w.s.v.ContentNegotiatingViewResolver : Selected 'text/html' given [text/html, text/html;q=0.8]
2025-03-04T12:41:04.568Z DEBUG 7360 --- [upt] [http-nio-8080-exec-8] o.s.web.servlet.DispatcherServlet        : Exiting from "ERROR" dispatch, status 404
2025-03-04T12:42:49.783Z  INFO 3912 --- [upt] [main] com.upt.upt.UptWebApplication            : Starting UptWebApplication using Java 17.0.12 with PID 3912 (C:\Users\Sistrade\Documentos\Faculdade\3º Ano GAB\1º sem\QualidadeSoftware\GRUPO 5_ProjetoFinal_QS\UptQSProject\build\classes\java\main started by Sistrade in C:\Users\Sistrade\Documentos\Faculdade\3º Ano GAB\1º sem\QualidadeSoftware\GRUPO 5_ProjetoFinal_QS\UptQSProject)
2025-03-04T12:42:49.790Z DEBUG 3912 --- [upt] [main] com.upt.upt.UptWebApplication            : Running with Spring Boot v3.3.5, Spring v6.1.14
2025-03-04T12:42:49.792Z  INFO 3912 --- [upt] [main] com.upt.upt.UptWebApplication            : No active profile set, falling back to 1 default profile: "default"
2025-03-04T12:42:52.058Z  INFO 3912 --- [upt] [main] .s.d.r.c.RepositoryConfigurationDelegate : Bootstrapping Spring Data JPA repositories in DEFAULT mode.
2025-03-04T12:42:52.306Z  INFO 3912 --- [upt] [main] .s.d.r.c.RepositoryConfigurationDelegate : Finished Spring Data repository scanning in 219 ms. Found 9 JPA repository interfaces.
2025-03-04T12:42:54.284Z  INFO 3912 --- [upt] [main] o.s.b.w.embedded.tomcat.TomcatWebServer  : Tomcat initialized with port 8080 (http)
2025-03-04T12:42:54.331Z  INFO 3912 --- [upt] [main] o.apache.catalina.core.StandardService   : Starting service [Tomcat]
2025-03-04T12:42:54.334Z  INFO 3912 --- [upt] [main] o.apache.catalina.core.StandardEngine    : Starting Servlet engine: [Apache Tomcat/10.1.31]
2025-03-04T12:42:54.528Z  INFO 3912 --- [upt] [main] o.a.c.c.C.[Tomcat].[localhost].[/]       : Initializing Spring embedded WebApplicationContext
2025-03-04T12:42:54.529Z  INFO 3912 --- [upt] [main] w.s.c.ServletWebServerApplicationContext : Root WebApplicationContext: initialization completed in 4593 ms
2025-03-04T12:42:55.019Z  INFO 3912 --- [upt] [main] o.hibernate.jpa.internal.util.LogHelper  : HHH000204: Processing PersistenceUnitInfo [name: default]
2025-03-04T12:42:55.236Z  INFO 3912 --- [upt] [main] org.hibernate.Version                    : HHH000412: Hibernate ORM core version 6.5.3.Final
2025-03-04T12:42:55.359Z  INFO 3912 --- [upt] [main] o.h.c.internal.RegionFactoryInitiator    : HHH000026: Second-level cache disabled
2025-03-04T12:42:56.395Z  INFO 3912 --- [upt] [main] o.s.o.j.p.SpringPersistenceUnitInfo      : No LoadTimeWeaver setup: ignoring JPA class transformer
2025-03-04T12:42:56.502Z  INFO 3912 --- [upt] [main] com.zaxxer.hikari.HikariDataSource       : HikariPool-1 - Starting...
2025-03-04T12:42:57.303Z  INFO 3912 --- [upt] [main] com.zaxxer.hikari.pool.HikariPool        : HikariPool-1 - Added connection com.mysql.cj.jdbc.ConnectionImpl@1fd37440
2025-03-04T12:42:57.307Z  INFO 3912 --- [upt] [main] com.zaxxer.hikari.HikariDataSource       : HikariPool-1 - Start completed.
2025-03-04T12:42:57.410Z  WARN 3912 --- [upt] [main] org.hibernate.orm.deprecation            : HHH90000025: MySQL8Dialect does not need to be specified explicitly using 'hibernate.dialect' (remove the property setting and it will be selected by default)
2025-03-04T12:42:57.413Z  WARN 3912 --- [upt] [main] org.hibernate.orm.deprecation            : HHH90000026: MySQL8Dialect has been deprecated; use org.hibernate.dialect.MySQLDialect instead
2025-03-04T12:43:00.581Z  INFO 3912 --- [upt] [main] o.h.e.t.j.p.i.JtaPlatformInitiator       : HHH000489: No JTA platform available (set 'hibernate.transaction.jta.platform' to enable JTA platform integration)
2025-03-04T12:43:00.846Z  INFO 3912 --- [upt] [main] j.LocalContainerEntityManagerFactoryBean : Initialized JPA EntityManagerFactory for persistence unit 'default'
2025-03-04T12:43:02.300Z  WARN 3912 --- [upt] [main] JpaBaseConfiguration$JpaWebConfiguration : spring.jpa.open-in-view is enabled by default. Therefore, database queries may be performed during view rendering. Explicitly configure spring.jpa.open-in-view to disable this warning
2025-03-04T12:43:02.677Z DEBUG 3912 --- [upt] [main] s.w.s.m.m.a.RequestMappingHandlerMapping : 69 mappings in 'requestMappingHandlerMapping'
2025-03-04T12:43:02.910Z DEBUG 3912 --- [upt] [main] o.s.w.s.handler.SimpleUrlHandlerMapping  : Patterns [/webjars/**, /**] in 'resourceHandlerMapping'
2025-03-04T12:43:03.030Z DEBUG 3912 --- [upt] [main] s.w.s.m.m.a.RequestMappingHandlerAdapter : ControllerAdvice beans: 0 @ModelAttribute, 0 @InitBinder, 1 RequestBodyAdvice, 1 ResponseBodyAdvice
2025-03-04T12:43:03.143Z DEBUG 3912 --- [upt] [main] .m.m.a.ExceptionHandlerExceptionResolver : ControllerAdvice beans: 0 @ExceptionHandler, 1 ResponseBodyAdvice
2025-03-04T12:43:03.493Z  INFO 3912 --- [upt] [main] o.s.b.w.embedded.tomcat.TomcatWebServer  : Tomcat started on port 8080 (http) with context path '/'
2025-03-04T12:43:03.520Z  INFO 3912 --- [upt] [main] com.upt.upt.UptWebApplication            : Started UptWebApplication in 14.877 seconds (process running for 15.818)
2025-03-04T12:43:06.163Z  INFO 3912 --- [upt] [http-nio-8080-exec-1] o.a.c.c.C.[Tomcat].[localhost].[/]       : Initializing Spring DispatcherServlet 'dispatcherServlet'
2025-03-04T12:43:06.163Z  INFO 3912 --- [upt] [http-nio-8080-exec-1] o.s.web.servlet.DispatcherServlet        : Initializing Servlet 'dispatcherServlet'
2025-03-04T12:43:06.165Z DEBUG 3912 --- [upt] [http-nio-8080-exec-1] o.s.web.servlet.DispatcherServlet        : Detected StandardServletMultipartResolver
2025-03-04T12:43:06.166Z DEBUG 3912 --- [upt] [http-nio-8080-exec-1] o.s.web.servlet.DispatcherServlet        : Detected AcceptHeaderLocaleResolver
2025-03-04T12:43:06.167Z DEBUG 3912 --- [upt] [http-nio-8080-exec-1] o.s.web.servlet.DispatcherServlet        : Detected FixedThemeResolver
2025-03-04T12:43:06.169Z DEBUG 3912 --- [upt] [http-nio-8080-exec-1] o.s.web.servlet.DispatcherServlet        : Detected org.springframework.web.servlet.view.DefaultRequestToViewNameTranslator@bb896e9
2025-03-04T12:43:06.170Z DEBUG 3912 --- [upt] [http-nio-8080-exec-1] o.s.web.servlet.DispatcherServlet        : Detected org.springframework.web.servlet.support.SessionFlashMapManager@69cc3370
2025-03-04T12:43:06.171Z DEBUG 3912 --- [upt] [http-nio-8080-exec-1] o.s.web.servlet.DispatcherServlet        : enableLoggingRequestDetails='false': request parameters and headers will be masked to prevent unsafe logging of potentially sensitive data
2025-03-04T12:43:06.173Z  INFO 3912 --- [upt] [http-nio-8080-exec-1] o.s.web.servlet.DispatcherServlet        : Completed initialization in 7 ms
2025-03-04T12:43:06.203Z DEBUG 3912 --- [upt] [http-nio-8080-exec-1] o.s.web.servlet.DispatcherServlet        : GET "/master/edit-director?id=1", parameters={masked}
2025-03-04T12:43:06.240Z DEBUG 3912 --- [upt] [http-nio-8080-exec-1] s.w.s.m.m.a.RequestMappingHandlerMapping : Mapped to com.upt.upt.controller.DirectorUnitController#showEditDirectorForm(Long, Model, HttpSession)
2025-03-04T12:43:06.399Z DEBUG 3912 --- [upt] [http-nio-8080-exec-1] o.s.web.servlet.view.RedirectView        : View name [redirect:], model {}
2025-03-04T12:43:06.403Z DEBUG 3912 --- [upt] [http-nio-8080-exec-1] o.s.web.servlet.DispatcherServlet        : Completed 302 FOUND
2025-03-04T12:43:06.417Z DEBUG 3912 --- [upt] [http-nio-8080-exec-2] o.s.web.servlet.DispatcherServlet        : GET "/login?error=Unauthorized%20access", parameters={masked}
2025-03-04T12:43:06.419Z DEBUG 3912 --- [upt] [http-nio-8080-exec-2] s.w.s.m.m.a.RequestMappingHandlerMapping : Mapped to com.upt.upt.UptWebController#login(String, Model)
2025-03-04T12:43:06.454Z DEBUG 3912 --- [upt] [http-nio-8080-exec-2] o.s.w.s.v.ContentNegotiatingViewResolver : Selected 'text/html' given [text/html, application/xhtml+xml, image/avif, image/webp, image/apng, application/xml;q=0.9, */*;q=0.8, application/signed-exchange;v=b3;q=0.7]
2025-03-04T12:43:07.149Z DEBUG 3912 --- [upt] [http-nio-8080-exec-2] o.s.web.servlet.DispatcherServlet        : Completed 200 OK
2025-03-04T12:43:10.460Z DEBUG 3912 --- [upt] [http-nio-8080-exec-3] o.s.web.servlet.DispatcherServlet        : POST "/validate-login", parameters={masked}
2025-03-04T12:43:10.461Z DEBUG 3912 --- [upt] [http-nio-8080-exec-3] s.w.s.m.m.a.RequestMappingHandlerMapping : Mapped to com.upt.upt.UptWebController#validateLogin(String, String, HttpSession)
2025-03-04T12:43:10.939Z DEBUG 3912 --- [upt] [http-nio-8080-exec-3] o.s.web.servlet.view.RedirectView        : View name [redirect:], model {}
2025-03-04T12:43:10.940Z DEBUG 3912 --- [upt] [http-nio-8080-exec-3] o.s.web.servlet.DispatcherServlet        : Completed 302 FOUND
2025-03-04T12:43:10.949Z DEBUG 3912 --- [upt] [http-nio-8080-exec-4] o.s.web.servlet.DispatcherServlet        : GET "/master", parameters={}
2025-03-04T12:43:10.950Z DEBUG 3912 --- [upt] [http-nio-8080-exec-4] s.w.s.m.m.a.RequestMappingHandlerMapping : Mapped to com.upt.upt.controller.MasterUnitController#listDirectorsMastersAndRooms(Model, HttpSession)
2025-03-04T12:43:11.078Z DEBUG 3912 --- [upt] [http-nio-8080-exec-4] o.s.w.s.v.ContentNegotiatingViewResolver : Selected 'text/html' given [text/html, application/xhtml+xml, image/avif, image/webp, image/apng, application/xml;q=0.9, */*;q=0.8, application/signed-exchange;v=b3;q=0.7]
2025-03-04T12:43:11.299Z DEBUG 3912 --- [upt] [http-nio-8080-exec-4] o.s.web.servlet.DispatcherServlet        : Completed 200 OK
2025-03-04T12:43:13.212Z DEBUG 3912 --- [upt] [http-nio-8080-exec-5] o.s.web.servlet.DispatcherServlet        : GET "/master/edit-director?id=1", parameters={masked}
2025-03-04T12:43:13.213Z DEBUG 3912 --- [upt] [http-nio-8080-exec-5] s.w.s.m.m.a.RequestMappingHandlerMapping : Mapped to com.upt.upt.controller.DirectorUnitController#showEditDirectorForm(Long, Model, HttpSession)
2025-03-04T12:43:13.252Z DEBUG 3912 --- [upt] [http-nio-8080-exec-5] o.s.w.s.v.ContentNegotiatingViewResolver : Selected 'text/html' given [text/html, application/xhtml+xml, image/avif, image/webp, image/apng, application/xml;q=0.9, */*;q=0.8, application/signed-exchange;v=b3;q=0.7]
2025-03-04T12:43:13.260Z DEBUG 3912 --- [upt] [http-nio-8080-exec-5] o.s.web.servlet.DispatcherServlet        : Completed 200 OK
2025-03-04T12:43:16.191Z DEBUG 3912 --- [upt] [http-nio-8080-exec-7] o.s.web.servlet.DispatcherServlet        : POST "/master/director-edit/1", parameters={masked}
2025-03-04T12:43:16.201Z DEBUG 3912 --- [upt] [http-nio-8080-exec-7] o.s.w.s.handler.SimpleUrlHandlerMapping  : Mapped to ResourceHttpRequestHandler [classpath [META-INF/resources/], classpath [resources/], classpath [static/], classpath [public/], ServletContext [/]]
2025-03-04T12:43:16.209Z DEBUG 3912 --- [upt] [http-nio-8080-exec-7] o.s.w.s.r.ResourceHttpRequestHandler     : Resource not found
2025-03-04T12:43:16.218Z DEBUG 3912 --- [upt] [http-nio-8080-exec-7] .w.s.m.s.DefaultHandlerExceptionResolver : Resolved [org.springframework.web.servlet.resource.NoResourceFoundException: No static resource master/director-edit/1.]
2025-03-04T12:43:16.219Z DEBUG 3912 --- [upt] [http-nio-8080-exec-7] o.s.web.servlet.DispatcherServlet        : Completed 404 NOT_FOUND
2025-03-04T12:43:16.239Z DEBUG 3912 --- [upt] [http-nio-8080-exec-7] o.s.web.servlet.DispatcherServlet        : "ERROR" dispatch for POST "/error", parameters={masked}
2025-03-04T12:43:16.242Z DEBUG 3912 --- [upt] [http-nio-8080-exec-7] s.w.s.m.m.a.RequestMappingHandlerMapping : Mapped to org.springframework.boot.autoconfigure.web.servlet.error.BasicErrorController#errorHtml(HttpServletRequest, HttpServletResponse)
2025-03-04T12:43:16.266Z DEBUG 3912 --- [upt] [http-nio-8080-exec-7] o.s.w.s.v.ContentNegotiatingViewResolver : Selected 'text/html' given [text/html, text/html;q=0.8]
2025-03-04T12:43:16.279Z DEBUG 3912 --- [upt] [http-nio-8080-exec-7] o.s.web.servlet.DispatcherServlet        : Exiting from "ERROR" dispatch, status 404
2025-03-04T12:43:19.588Z DEBUG 3912 --- [upt] [http-nio-8080-exec-8] o.s.web.servlet.DispatcherServlet        : POST "/master/director-edit/1", parameters={masked}
2025-03-04T12:43:19.590Z DEBUG 3912 --- [upt] [http-nio-8080-exec-8] o.s.w.s.handler.SimpleUrlHandlerMapping  : Mapped to ResourceHttpRequestHandler [classpath [META-INF/resources/], classpath [resources/], classpath [static/], classpath [public/], ServletContext [/]]
2025-03-04T12:43:19.594Z DEBUG 3912 --- [upt] [http-nio-8080-exec-8] o.s.w.s.r.ResourceHttpRequestHandler     : Resource not found
2025-03-04T12:43:19.595Z DEBUG 3912 --- [upt] [http-nio-8080-exec-8] .w.s.m.s.DefaultHandlerExceptionResolver : Resolved [org.springframework.web.servlet.resource.NoResourceFoundException: No static resource master/director-edit/1.]
2025-03-04T12:43:19.596Z DEBUG 3912 --- [upt] [http-nio-8080-exec-8] o.s.web.servlet.DispatcherServlet        : Completed 404 NOT_FOUND
2025-03-04T12:43:19.598Z DEBUG 3912 --- [upt] [http-nio-8080-exec-8] o.s.web.servlet.DispatcherServlet        : "ERROR" dispatch for POST "/error", parameters={masked}
2025-03-04T12:43:19.599Z DEBUG 3912 --- [upt] [http-nio-8080-exec-8] s.w.s.m.m.a.RequestMappingHandlerMapping : Mapped to org.springframework.boot.autoconfigure.web.servlet.error.BasicErrorController#errorHtml(HttpServletRequest, HttpServletResponse)
2025-03-04T12:43:19.605Z DEBUG 3912 --- [upt] [http-nio-8080-exec-8] o.s.w.s.v.ContentNegotiatingViewResolver : Selected 'text/html' given [text/html, text/html;q=0.8]
2025-03-04T12:43:19.606Z DEBUG 3912 --- [upt] [http-nio-8080-exec-8] o.s.web.servlet.DispatcherServlet        : Exiting from "ERROR" dispatch, status 404
2025-03-04T12:43:23.534Z DEBUG 3912 --- [upt] [http-nio-8080-exec-9] o.s.web.servlet.DispatcherServlet        : GET "/master", parameters={}
2025-03-04T12:43:23.535Z DEBUG 3912 --- [upt] [http-nio-8080-exec-9] s.w.s.m.m.a.RequestMappingHandlerMapping : Mapped to com.upt.upt.controller.MasterUnitController#listDirectorsMastersAndRooms(Model, HttpSession)
2025-03-04T12:43:23.577Z DEBUG 3912 --- [upt] [http-nio-8080-exec-9] o.s.w.s.v.ContentNegotiatingViewResolver : Selected 'text/html' given [text/html, application/xhtml+xml, image/avif, image/webp, image/apng, application/xml;q=0.9, */*;q=0.8, application/signed-exchange;v=b3;q=0.7]
2025-03-04T12:43:23.653Z DEBUG 3912 --- [upt] [http-nio-8080-exec-9] o.s.web.servlet.DispatcherServlet        : Completed 200 OK
2025-03-04T12:43:25.049Z DEBUG 3912 --- [upt] [http-nio-8080-exec-10] o.s.web.servlet.DispatcherServlet        : GET "/master/edit-director?id=1", parameters={masked}
2025-03-04T12:43:25.050Z DEBUG 3912 --- [upt] [http-nio-8080-exec-10] s.w.s.m.m.a.RequestMappingHandlerMapping : Mapped to com.upt.upt.controller.DirectorUnitController#showEditDirectorForm(Long, Model, HttpSession)
2025-03-04T12:43:25.065Z DEBUG 3912 --- [upt] [http-nio-8080-exec-10] o.s.w.s.v.ContentNegotiatingViewResolver : Selected 'text/html' given [text/html, application/xhtml+xml, image/avif, image/webp, image/apng, application/xml;q=0.9, */*;q=0.8, application/signed-exchange;v=b3;q=0.7]
2025-03-04T12:43:25.070Z DEBUG 3912 --- [upt] [http-nio-8080-exec-10] o.s.web.servlet.DispatcherServlet        : Completed 200 OK
2025-03-04T12:43:27.638Z DEBUG 3912 --- [upt] [http-nio-8080-exec-2] o.s.web.servlet.DispatcherServlet        : POST "/master/director-edit/1", parameters={masked}
2025-03-04T12:43:27.641Z DEBUG 3912 --- [upt] [http-nio-8080-exec-2] o.s.w.s.handler.SimpleUrlHandlerMapping  : Mapped to ResourceHttpRequestHandler [classpath [META-INF/resources/], classpath [resources/], classpath [static/], classpath [public/], ServletContext [/]]
2025-03-04T12:43:27.649Z DEBUG 3912 --- [upt] [http-nio-8080-exec-2] o.s.w.s.r.ResourceHttpRequestHandler     : Resource not found
2025-03-04T12:43:27.651Z DEBUG 3912 --- [upt] [http-nio-8080-exec-2] .w.s.m.s.DefaultHandlerExceptionResolver : Resolved [org.springframework.web.servlet.resource.NoResourceFoundException: No static resource master/director-edit/1.]
2025-03-04T12:43:27.652Z DEBUG 3912 --- [upt] [http-nio-8080-exec-2] o.s.web.servlet.DispatcherServlet        : Completed 404 NOT_FOUND
2025-03-04T12:43:27.655Z DEBUG 3912 --- [upt] [http-nio-8080-exec-2] o.s.web.servlet.DispatcherServlet        : "ERROR" dispatch for POST "/error", parameters={masked}
2025-03-04T12:43:27.657Z DEBUG 3912 --- [upt] [http-nio-8080-exec-2] s.w.s.m.m.a.RequestMappingHandlerMapping : Mapped to org.springframework.boot.autoconfigure.web.servlet.error.BasicErrorController#errorHtml(HttpServletRequest, HttpServletResponse)
2025-03-04T12:43:27.661Z DEBUG 3912 --- [upt] [http-nio-8080-exec-2] o.s.w.s.v.ContentNegotiatingViewResolver : Selected 'text/html' given [text/html, text/html;q=0.8]
2025-03-04T12:43:27.663Z DEBUG 3912 --- [upt] [http-nio-8080-exec-2] o.s.web.servlet.DispatcherServlet        : Exiting from "ERROR" dispatch, status 404
2025-03-04T12:45:24.602Z  INFO 11484 --- [upt] [main] com.upt.upt.UptWebApplication            : Starting UptWebApplication using Java 17.0.12 with PID 11484 (C:\Users\Sistrade\Documentos\Faculdade\3º Ano GAB\1º sem\QualidadeSoftware\GRUPO 5_ProjetoFinal_QS\UptQSProject\build\classes\java\main started by Sistrade in C:\Users\Sistrade\Documentos\Faculdade\3º Ano GAB\1º sem\QualidadeSoftware\GRUPO 5_ProjetoFinal_QS\UptQSProject)
2025-03-04T12:45:24.611Z DEBUG 11484 --- [upt] [main] com.upt.upt.UptWebApplication            : Running with Spring Boot v3.3.5, Spring v6.1.14
2025-03-04T12:45:24.615Z  INFO 11484 --- [upt] [main] com.upt.upt.UptWebApplication            : No active profile set, falling back to 1 default profile: "default"
2025-03-04T12:45:27.397Z  INFO 11484 --- [upt] [main] .s.d.r.c.RepositoryConfigurationDelegate : Bootstrapping Spring Data JPA repositories in DEFAULT mode.
2025-03-04T12:45:27.769Z  INFO 11484 --- [upt] [main] .s.d.r.c.RepositoryConfigurationDelegate : Finished Spring Data repository scanning in 337 ms. Found 9 JPA repository interfaces.
2025-03-04T12:45:30.493Z  INFO 11484 --- [upt] [main] o.s.b.w.embedded.tomcat.TomcatWebServer  : Tomcat initialized with port 8080 (http)
2025-03-04T12:45:30.558Z  INFO 11484 --- [upt] [main] o.apache.catalina.core.StandardService   : Starting service [Tomcat]
2025-03-04T12:45:30.560Z  INFO 11484 --- [upt] [main] o.apache.catalina.core.StandardEngine    : Starting Servlet engine: [Apache Tomcat/10.1.31]
2025-03-04T12:45:30.906Z  INFO 11484 --- [upt] [main] o.a.c.c.C.[Tomcat].[localhost].[/]       : Initializing Spring embedded WebApplicationContext
2025-03-04T12:45:30.909Z  INFO 11484 --- [upt] [main] w.s.c.ServletWebServerApplicationContext : Root WebApplicationContext: initialization completed in 6114 ms
2025-03-04T12:45:31.893Z  INFO 11484 --- [upt] [main] o.hibernate.jpa.internal.util.LogHelper  : HHH000204: Processing PersistenceUnitInfo [name: default]
2025-03-04T12:45:32.275Z  INFO 11484 --- [upt] [main] org.hibernate.Version                    : HHH000412: Hibernate ORM core version 6.5.3.Final
2025-03-04T12:45:32.472Z  INFO 11484 --- [upt] [main] o.h.c.internal.RegionFactoryInitiator    : HHH000026: Second-level cache disabled
2025-03-04T12:45:34.302Z  INFO 11484 --- [upt] [main] o.s.o.j.p.SpringPersistenceUnitInfo      : No LoadTimeWeaver setup: ignoring JPA class transformer
2025-03-04T12:45:34.484Z  INFO 11484 --- [upt] [main] com.zaxxer.hikari.HikariDataSource       : HikariPool-1 - Starting...
2025-03-04T12:45:35.655Z  INFO 11484 --- [upt] [main] com.zaxxer.hikari.pool.HikariPool        : HikariPool-1 - Added connection com.mysql.cj.jdbc.ConnectionImpl@352e5a82
2025-03-04T12:45:35.664Z  INFO 11484 --- [upt] [main] com.zaxxer.hikari.HikariDataSource       : HikariPool-1 - Start completed.
2025-03-04T12:45:35.891Z  WARN 11484 --- [upt] [main] org.hibernate.orm.deprecation            : HHH90000025: MySQL8Dialect does not need to be specified explicitly using 'hibernate.dialect' (remove the property setting and it will be selected by default)
2025-03-04T12:45:35.905Z  WARN 11484 --- [upt] [main] org.hibernate.orm.deprecation            : HHH90000026: MySQL8Dialect has been deprecated; use org.hibernate.dialect.MySQLDialect instead
2025-03-04T12:45:40.225Z  INFO 11484 --- [upt] [main] o.h.e.t.j.p.i.JtaPlatformInitiator       : HHH000489: No JTA platform available (set 'hibernate.transaction.jta.platform' to enable JTA platform integration)
2025-03-04T12:45:40.581Z  INFO 11484 --- [upt] [main] j.LocalContainerEntityManagerFactoryBean : Initialized JPA EntityManagerFactory for persistence unit 'default'
2025-03-04T12:45:42.106Z  WARN 11484 --- [upt] [main] JpaBaseConfiguration$JpaWebConfiguration : spring.jpa.open-in-view is enabled by default. Therefore, database queries may be performed during view rendering. Explicitly configure spring.jpa.open-in-view to disable this warning
2025-03-04T12:45:42.503Z DEBUG 11484 --- [upt] [main] s.w.s.m.m.a.RequestMappingHandlerMapping : 70 mappings in 'requestMappingHandlerMapping'
2025-03-04T12:45:42.740Z DEBUG 11484 --- [upt] [main] o.s.w.s.handler.SimpleUrlHandlerMapping  : Patterns [/webjars/**, /**] in 'resourceHandlerMapping'
2025-03-04T12:45:42.872Z DEBUG 11484 --- [upt] [main] s.w.s.m.m.a.RequestMappingHandlerAdapter : ControllerAdvice beans: 0 @ModelAttribute, 0 @InitBinder, 1 RequestBodyAdvice, 1 ResponseBodyAdvice
2025-03-04T12:45:43.003Z DEBUG 11484 --- [upt] [main] .m.m.a.ExceptionHandlerExceptionResolver : ControllerAdvice beans: 0 @ExceptionHandler, 1 ResponseBodyAdvice
2025-03-04T12:45:43.449Z  INFO 11484 --- [upt] [main] o.s.b.w.embedded.tomcat.TomcatWebServer  : Tomcat started on port 8080 (http) with context path '/'
2025-03-04T12:45:43.466Z  INFO 11484 --- [upt] [main] com.upt.upt.UptWebApplication            : Started UptWebApplication in 20.355 seconds (process running for 21.353)
2025-03-04T12:45:43.697Z  INFO 11484 --- [upt] [http-nio-8080-exec-1] o.a.c.c.C.[Tomcat].[localhost].[/]       : Initializing Spring DispatcherServlet 'dispatcherServlet'
2025-03-04T12:45:43.698Z  INFO 11484 --- [upt] [http-nio-8080-exec-1] o.s.web.servlet.DispatcherServlet        : Initializing Servlet 'dispatcherServlet'
2025-03-04T12:45:43.699Z DEBUG 11484 --- [upt] [http-nio-8080-exec-1] o.s.web.servlet.DispatcherServlet        : Detected StandardServletMultipartResolver
2025-03-04T12:45:43.700Z DEBUG 11484 --- [upt] [http-nio-8080-exec-1] o.s.web.servlet.DispatcherServlet        : Detected AcceptHeaderLocaleResolver
2025-03-04T12:45:43.700Z DEBUG 11484 --- [upt] [http-nio-8080-exec-1] o.s.web.servlet.DispatcherServlet        : Detected FixedThemeResolver
2025-03-04T12:45:43.703Z DEBUG 11484 --- [upt] [http-nio-8080-exec-1] o.s.web.servlet.DispatcherServlet        : Detected org.springframework.web.servlet.view.DefaultRequestToViewNameTranslator@4fa3bebe
2025-03-04T12:45:43.705Z DEBUG 11484 --- [upt] [http-nio-8080-exec-1] o.s.web.servlet.DispatcherServlet        : Detected org.springframework.web.servlet.support.SessionFlashMapManager@5f93ec02
2025-03-04T12:45:43.706Z DEBUG 11484 --- [upt] [http-nio-8080-exec-1] o.s.web.servlet.DispatcherServlet        : enableLoggingRequestDetails='false': request parameters and headers will be masked to prevent unsafe logging of potentially sensitive data
2025-03-04T12:45:43.707Z  INFO 11484 --- [upt] [http-nio-8080-exec-1] o.s.web.servlet.DispatcherServlet        : Completed initialization in 8 ms
2025-03-04T12:45:43.738Z DEBUG 11484 --- [upt] [http-nio-8080-exec-1] o.s.web.servlet.DispatcherServlet        : GET "/master/edit-director?id=1", parameters={masked}
2025-03-04T12:45:43.770Z DEBUG 11484 --- [upt] [http-nio-8080-exec-1] s.w.s.m.m.a.RequestMappingHandlerMapping : Mapped to com.upt.upt.controller.DirectorUnitController#showEditDirectorForm(Long, Model, HttpSession)
2025-03-04T12:45:43.931Z DEBUG 11484 --- [upt] [http-nio-8080-exec-1] o.s.web.servlet.view.RedirectView        : View name [redirect:], model {}
2025-03-04T12:45:43.935Z DEBUG 11484 --- [upt] [http-nio-8080-exec-1] o.s.web.servlet.DispatcherServlet        : Completed 302 FOUND
2025-03-04T12:45:43.946Z DEBUG 11484 --- [upt] [http-nio-8080-exec-2] o.s.web.servlet.DispatcherServlet        : GET "/login?error=Unauthorized%20access", parameters={masked}
2025-03-04T12:45:43.948Z DEBUG 11484 --- [upt] [http-nio-8080-exec-2] s.w.s.m.m.a.RequestMappingHandlerMapping : Mapped to com.upt.upt.UptWebController#login(String, Model)
2025-03-04T12:45:43.968Z DEBUG 11484 --- [upt] [http-nio-8080-exec-2] o.s.w.s.v.ContentNegotiatingViewResolver : Selected 'text/html' given [text/html, application/xhtml+xml, image/avif, image/webp, image/apng, application/xml;q=0.9, */*;q=0.8, application/signed-exchange;v=b3;q=0.7]
2025-03-04T12:45:44.667Z DEBUG 11484 --- [upt] [http-nio-8080-exec-2] o.s.web.servlet.DispatcherServlet        : Completed 200 OK
2025-03-04T12:45:51.255Z DEBUG 11484 --- [upt] [http-nio-8080-exec-5] o.s.web.servlet.DispatcherServlet        : POST "/validate-login", parameters={masked}
2025-03-04T12:45:51.257Z DEBUG 11484 --- [upt] [http-nio-8080-exec-5] s.w.s.m.m.a.RequestMappingHandlerMapping : Mapped to com.upt.upt.UptWebController#validateLogin(String, String, HttpSession)
2025-03-04T12:45:51.602Z DEBUG 11484 --- [upt] [http-nio-8080-exec-5] o.s.web.servlet.view.RedirectView        : View name [redirect:], model {}
2025-03-04T12:45:51.603Z DEBUG 11484 --- [upt] [http-nio-8080-exec-5] o.s.web.servlet.DispatcherServlet        : Completed 302 FOUND
2025-03-04T12:45:51.609Z DEBUG 11484 --- [upt] [http-nio-8080-exec-6] o.s.web.servlet.DispatcherServlet        : GET "/master", parameters={}
2025-03-04T12:45:51.611Z DEBUG 11484 --- [upt] [http-nio-8080-exec-6] s.w.s.m.m.a.RequestMappingHandlerMapping : Mapped to com.upt.upt.controller.MasterUnitController#listDirectorsMastersAndRooms(Model, HttpSession)
2025-03-04T12:45:51.693Z DEBUG 11484 --- [upt] [http-nio-8080-exec-6] o.s.w.s.v.ContentNegotiatingViewResolver : Selected 'text/html' given [text/html, application/xhtml+xml, image/avif, image/webp, image/apng, application/xml;q=0.9, */*;q=0.8, application/signed-exchange;v=b3;q=0.7]
2025-03-04T12:45:51.825Z DEBUG 11484 --- [upt] [http-nio-8080-exec-6] o.s.web.servlet.DispatcherServlet        : Completed 200 OK
2025-03-04T12:45:53.622Z DEBUG 11484 --- [upt] [http-nio-8080-exec-7] o.s.web.servlet.DispatcherServlet        : GET "/master/edit-director?id=1", parameters={masked}
2025-03-04T12:45:53.623Z DEBUG 11484 --- [upt] [http-nio-8080-exec-7] s.w.s.m.m.a.RequestMappingHandlerMapping : Mapped to com.upt.upt.controller.DirectorUnitController#showEditDirectorForm(Long, Model, HttpSession)
2025-03-04T12:45:53.664Z DEBUG 11484 --- [upt] [http-nio-8080-exec-7] o.s.w.s.v.ContentNegotiatingViewResolver : Selected 'text/html' given [text/html, application/xhtml+xml, image/avif, image/webp, image/apng, application/xml;q=0.9, */*;q=0.8, application/signed-exchange;v=b3;q=0.7]
2025-03-04T12:45:53.674Z DEBUG 11484 --- [upt] [http-nio-8080-exec-7] o.s.web.servlet.DispatcherServlet        : Completed 200 OK
2025-03-04T12:45:58.777Z DEBUG 11484 --- [upt] [http-nio-8080-exec-9] o.s.web.servlet.DispatcherServlet        : POST "/master/update-director/1", parameters={masked}
2025-03-04T12:45:58.789Z DEBUG 11484 --- [upt] [http-nio-8080-exec-9] o.s.w.s.handler.SimpleUrlHandlerMapping  : Mapped to ResourceHttpRequestHandler [classpath [META-INF/resources/], classpath [resources/], classpath [static/], classpath [public/], ServletContext [/]]
2025-03-04T12:45:58.795Z DEBUG 11484 --- [upt] [http-nio-8080-exec-9] o.s.w.s.r.ResourceHttpRequestHandler     : Resource not found
2025-03-04T12:45:58.806Z DEBUG 11484 --- [upt] [http-nio-8080-exec-9] .w.s.m.s.DefaultHandlerExceptionResolver : Resolved [org.springframework.web.servlet.resource.NoResourceFoundException: No static resource master/update-director/1.]
2025-03-04T12:45:58.807Z DEBUG 11484 --- [upt] [http-nio-8080-exec-9] o.s.web.servlet.DispatcherServlet        : Completed 404 NOT_FOUND
2025-03-04T12:45:58.817Z DEBUG 11484 --- [upt] [http-nio-8080-exec-9] o.s.web.servlet.DispatcherServlet        : "ERROR" dispatch for POST "/error", parameters={masked}
2025-03-04T12:45:58.822Z DEBUG 11484 --- [upt] [http-nio-8080-exec-9] s.w.s.m.m.a.RequestMappingHandlerMapping : Mapped to org.springframework.boot.autoconfigure.web.servlet.error.BasicErrorController#errorHtml(HttpServletRequest, HttpServletResponse)
2025-03-04T12:45:58.844Z DEBUG 11484 --- [upt] [http-nio-8080-exec-9] o.s.w.s.v.ContentNegotiatingViewResolver : Selected 'text/html' given [text/html, text/html;q=0.8]
2025-03-04T12:45:58.855Z DEBUG 11484 --- [upt] [http-nio-8080-exec-9] o.s.web.servlet.DispatcherServlet        : Exiting from "ERROR" dispatch, status 404
2025-03-04T12:46:01.344Z DEBUG 11484 --- [upt] [http-nio-8080-exec-10] o.s.web.servlet.DispatcherServlet        : POST "/master/update-director/1", parameters={masked}
2025-03-04T12:46:01.347Z DEBUG 11484 --- [upt] [http-nio-8080-exec-10] o.s.w.s.handler.SimpleUrlHandlerMapping  : Mapped to ResourceHttpRequestHandler [classpath [META-INF/resources/], classpath [resources/], classpath [static/], classpath [public/], ServletContext [/]]
2025-03-04T12:46:01.352Z DEBUG 11484 --- [upt] [http-nio-8080-exec-10] o.s.w.s.r.ResourceHttpRequestHandler     : Resource not found
2025-03-04T12:46:01.353Z DEBUG 11484 --- [upt] [http-nio-8080-exec-10] .w.s.m.s.DefaultHandlerExceptionResolver : Resolved [org.springframework.web.servlet.resource.NoResourceFoundException: No static resource master/update-director/1.]
2025-03-04T12:46:01.355Z DEBUG 11484 --- [upt] [http-nio-8080-exec-10] o.s.web.servlet.DispatcherServlet        : Completed 404 NOT_FOUND
2025-03-04T12:46:01.356Z DEBUG 11484 --- [upt] [http-nio-8080-exec-10] o.s.web.servlet.DispatcherServlet        : "ERROR" dispatch for POST "/error", parameters={masked}
2025-03-04T12:46:01.357Z DEBUG 11484 --- [upt] [http-nio-8080-exec-10] s.w.s.m.m.a.RequestMappingHandlerMapping : Mapped to org.springframework.boot.autoconfigure.web.servlet.error.BasicErrorController#errorHtml(HttpServletRequest, HttpServletResponse)
2025-03-04T12:46:01.362Z DEBUG 11484 --- [upt] [http-nio-8080-exec-10] o.s.w.s.v.ContentNegotiatingViewResolver : Selected 'text/html' given [text/html, text/html;q=0.8]
2025-03-04T12:46:01.363Z DEBUG 11484 --- [upt] [http-nio-8080-exec-10] o.s.web.servlet.DispatcherServlet        : Exiting from "ERROR" dispatch, status 404
2025-03-04T12:46:02.813Z DEBUG 11484 --- [upt] [http-nio-8080-exec-1] o.s.web.servlet.DispatcherServlet        : POST "/master/update-director/1", parameters={masked}
2025-03-04T12:46:02.816Z DEBUG 11484 --- [upt] [http-nio-8080-exec-1] o.s.w.s.handler.SimpleUrlHandlerMapping  : Mapped to ResourceHttpRequestHandler [classpath [META-INF/resources/], classpath [resources/], classpath [static/], classpath [public/], ServletContext [/]]
2025-03-04T12:46:02.818Z DEBUG 11484 --- [upt] [http-nio-8080-exec-1] o.s.w.s.r.ResourceHttpRequestHandler     : Resource not found
2025-03-04T12:46:02.819Z DEBUG 11484 --- [upt] [http-nio-8080-exec-1] .w.s.m.s.DefaultHandlerExceptionResolver : Resolved [org.springframework.web.servlet.resource.NoResourceFoundException: No static resource master/update-director/1.]
2025-03-04T12:46:02.820Z DEBUG 11484 --- [upt] [http-nio-8080-exec-1] o.s.web.servlet.DispatcherServlet        : Completed 404 NOT_FOUND
2025-03-04T12:46:02.821Z DEBUG 11484 --- [upt] [http-nio-8080-exec-1] o.s.web.servlet.DispatcherServlet        : "ERROR" dispatch for POST "/error", parameters={masked}
2025-03-04T12:46:02.823Z DEBUG 11484 --- [upt] [http-nio-8080-exec-1] s.w.s.m.m.a.RequestMappingHandlerMapping : Mapped to org.springframework.boot.autoconfigure.web.servlet.error.BasicErrorController#errorHtml(HttpServletRequest, HttpServletResponse)
2025-03-04T12:46:02.827Z DEBUG 11484 --- [upt] [http-nio-8080-exec-1] o.s.w.s.v.ContentNegotiatingViewResolver : Selected 'text/html' given [text/html, text/html;q=0.8]
2025-03-04T12:46:02.828Z DEBUG 11484 --- [upt] [http-nio-8080-exec-1] o.s.web.servlet.DispatcherServlet        : Exiting from "ERROR" dispatch, status 404
2025-03-04T12:50:23.691Z  INFO 6460 --- [upt] [main] com.upt.upt.UptWebApplication            : Starting UptWebApplication using Java 17.0.12 with PID 6460 (C:\Users\Sistrade\Documentos\Faculdade\3º Ano GAB\1º sem\QualidadeSoftware\GRUPO 5_ProjetoFinal_QS\UptQSProject\build\classes\java\main started by Sistrade in C:\Users\Sistrade\Documentos\Faculdade\3º Ano GAB\1º sem\QualidadeSoftware\GRUPO 5_ProjetoFinal_QS\UptQSProject)
2025-03-04T12:50:23.699Z DEBUG 6460 --- [upt] [main] com.upt.upt.UptWebApplication            : Running with Spring Boot v3.3.5, Spring v6.1.14
2025-03-04T12:50:23.704Z  INFO 6460 --- [upt] [main] com.upt.upt.UptWebApplication            : No active profile set, falling back to 1 default profile: "default"
2025-03-04T12:50:26.244Z  INFO 6460 --- [upt] [main] .s.d.r.c.RepositoryConfigurationDelegate : Bootstrapping Spring Data JPA repositories in DEFAULT mode.
2025-03-04T12:50:26.521Z  INFO 6460 --- [upt] [main] .s.d.r.c.RepositoryConfigurationDelegate : Finished Spring Data repository scanning in 234 ms. Found 9 JPA repository interfaces.
2025-03-04T12:50:28.650Z  INFO 6460 --- [upt] [main] o.s.b.w.embedded.tomcat.TomcatWebServer  : Tomcat initialized with port 8080 (http)
2025-03-04T12:50:28.685Z  INFO 6460 --- [upt] [main] o.apache.catalina.core.StandardService   : Starting service [Tomcat]
2025-03-04T12:50:28.686Z  INFO 6460 --- [upt] [main] o.apache.catalina.core.StandardEngine    : Starting Servlet engine: [Apache Tomcat/10.1.31]
2025-03-04T12:50:28.946Z  INFO 6460 --- [upt] [main] o.a.c.c.C.[Tomcat].[localhost].[/]       : Initializing Spring embedded WebApplicationContext
2025-03-04T12:50:28.948Z  INFO 6460 --- [upt] [main] w.s.c.ServletWebServerApplicationContext : Root WebApplicationContext: initialization completed in 5073 ms
2025-03-04T12:50:29.538Z  INFO 6460 --- [upt] [main] o.hibernate.jpa.internal.util.LogHelper  : HHH000204: Processing PersistenceUnitInfo [name: default]
2025-03-04T12:50:29.852Z  INFO 6460 --- [upt] [main] org.hibernate.Version                    : HHH000412: Hibernate ORM core version 6.5.3.Final
2025-03-04T12:50:30.033Z  INFO 6460 --- [upt] [main] o.h.c.internal.RegionFactoryInitiator    : HHH000026: Second-level cache disabled
2025-03-04T12:50:31.147Z  INFO 6460 --- [upt] [main] o.s.o.j.p.SpringPersistenceUnitInfo      : No LoadTimeWeaver setup: ignoring JPA class transformer
2025-03-04T12:50:31.283Z  INFO 6460 --- [upt] [main] com.zaxxer.hikari.HikariDataSource       : HikariPool-1 - Starting...
2025-03-04T12:50:32.067Z  INFO 6460 --- [upt] [main] com.zaxxer.hikari.pool.HikariPool        : HikariPool-1 - Added connection com.mysql.cj.jdbc.ConnectionImpl@2513155a
2025-03-04T12:50:32.071Z  INFO 6460 --- [upt] [main] com.zaxxer.hikari.HikariDataSource       : HikariPool-1 - Start completed.
2025-03-04T12:50:32.256Z  WARN 6460 --- [upt] [main] org.hibernate.orm.deprecation            : HHH90000025: MySQL8Dialect does not need to be specified explicitly using 'hibernate.dialect' (remove the property setting and it will be selected by default)
2025-03-04T12:50:32.261Z  WARN 6460 --- [upt] [main] org.hibernate.orm.deprecation            : HHH90000026: MySQL8Dialect has been deprecated; use org.hibernate.dialect.MySQLDialect instead
2025-03-04T12:50:35.402Z  INFO 6460 --- [upt] [main] o.h.e.t.j.p.i.JtaPlatformInitiator       : HHH000489: No JTA platform available (set 'hibernate.transaction.jta.platform' to enable JTA platform integration)
2025-03-04T12:50:35.749Z  INFO 6460 --- [upt] [main] j.LocalContainerEntityManagerFactoryBean : Initialized JPA EntityManagerFactory for persistence unit 'default'
2025-03-04T12:50:37.263Z  WARN 6460 --- [upt] [main] JpaBaseConfiguration$JpaWebConfiguration : spring.jpa.open-in-view is enabled by default. Therefore, database queries may be performed during view rendering. Explicitly configure spring.jpa.open-in-view to disable this warning
2025-03-04T12:50:37.714Z DEBUG 6460 --- [upt] [main] s.w.s.m.m.a.RequestMappingHandlerMapping : 69 mappings in 'requestMappingHandlerMapping'
2025-03-04T12:50:37.967Z DEBUG 6460 --- [upt] [main] o.s.w.s.handler.SimpleUrlHandlerMapping  : Patterns [/webjars/**, /**] in 'resourceHandlerMapping'
2025-03-04T12:50:38.069Z DEBUG 6460 --- [upt] [main] s.w.s.m.m.a.RequestMappingHandlerAdapter : ControllerAdvice beans: 0 @ModelAttribute, 0 @InitBinder, 1 RequestBodyAdvice, 1 ResponseBodyAdvice
2025-03-04T12:50:38.179Z DEBUG 6460 --- [upt] [main] .m.m.a.ExceptionHandlerExceptionResolver : ControllerAdvice beans: 0 @ExceptionHandler, 1 ResponseBodyAdvice
2025-03-04T12:50:38.620Z  INFO 6460 --- [upt] [main] o.s.b.w.embedded.tomcat.TomcatWebServer  : Tomcat started on port 8080 (http) with context path '/'
2025-03-04T12:50:38.652Z  INFO 6460 --- [upt] [main] com.upt.upt.UptWebApplication            : Started UptWebApplication in 16.375 seconds (process running for 17.362)
2025-03-04T12:51:10.225Z  INFO 6460 --- [upt] [http-nio-8080-exec-1] o.a.c.c.C.[Tomcat].[localhost].[/]       : Initializing Spring DispatcherServlet 'dispatcherServlet'
2025-03-04T12:51:10.226Z  INFO 6460 --- [upt] [http-nio-8080-exec-1] o.s.web.servlet.DispatcherServlet        : Initializing Servlet 'dispatcherServlet'
2025-03-04T12:51:10.227Z DEBUG 6460 --- [upt] [http-nio-8080-exec-1] o.s.web.servlet.DispatcherServlet        : Detected StandardServletMultipartResolver
2025-03-04T12:51:10.227Z DEBUG 6460 --- [upt] [http-nio-8080-exec-1] o.s.web.servlet.DispatcherServlet        : Detected AcceptHeaderLocaleResolver
2025-03-04T12:51:10.228Z DEBUG 6460 --- [upt] [http-nio-8080-exec-1] o.s.web.servlet.DispatcherServlet        : Detected FixedThemeResolver
2025-03-04T12:51:10.229Z DEBUG 6460 --- [upt] [http-nio-8080-exec-1] o.s.web.servlet.DispatcherServlet        : Detected org.springframework.web.servlet.view.DefaultRequestToViewNameTranslator@671c71e8
2025-03-04T12:51:10.230Z DEBUG 6460 --- [upt] [http-nio-8080-exec-1] o.s.web.servlet.DispatcherServlet        : Detected org.springframework.web.servlet.support.SessionFlashMapManager@52518ee1
2025-03-04T12:51:10.231Z DEBUG 6460 --- [upt] [http-nio-8080-exec-1] o.s.web.servlet.DispatcherServlet        : enableLoggingRequestDetails='false': request parameters and headers will be masked to prevent unsafe logging of potentially sensitive data
2025-03-04T12:51:10.232Z  INFO 6460 --- [upt] [http-nio-8080-exec-1] o.s.web.servlet.DispatcherServlet        : Completed initialization in 6 ms
2025-03-04T12:51:10.252Z DEBUG 6460 --- [upt] [http-nio-8080-exec-1] o.s.web.servlet.DispatcherServlet        : GET "/master/edit-director?id=1", parameters={masked}
2025-03-04T12:51:10.280Z DEBUG 6460 --- [upt] [http-nio-8080-exec-1] s.w.s.m.m.a.RequestMappingHandlerMapping : Mapped to com.upt.upt.controller.DirectorUnitController#showEditDirectorForm(Long, Model, HttpSession)
2025-03-04T12:51:10.400Z DEBUG 6460 --- [upt] [http-nio-8080-exec-1] o.s.web.servlet.view.RedirectView        : View name [redirect:], model {}
2025-03-04T12:51:10.405Z DEBUG 6460 --- [upt] [http-nio-8080-exec-1] o.s.web.servlet.DispatcherServlet        : Completed 302 FOUND
2025-03-04T12:51:10.416Z DEBUG 6460 --- [upt] [http-nio-8080-exec-2] o.s.web.servlet.DispatcherServlet        : GET "/login?error=Unauthorized%20access", parameters={masked}
2025-03-04T12:51:10.417Z DEBUG 6460 --- [upt] [http-nio-8080-exec-2] s.w.s.m.m.a.RequestMappingHandlerMapping : Mapped to com.upt.upt.UptWebController#login(String, Model)
2025-03-04T12:51:10.443Z DEBUG 6460 --- [upt] [http-nio-8080-exec-2] o.s.w.s.v.ContentNegotiatingViewResolver : Selected 'text/html' given [text/html, application/xhtml+xml, image/avif, image/webp, image/apng, application/xml;q=0.9, */*;q=0.8, application/signed-exchange;v=b3;q=0.7]
2025-03-04T12:51:10.995Z DEBUG 6460 --- [upt] [http-nio-8080-exec-2] o.s.web.servlet.DispatcherServlet        : Completed 200 OK
2025-03-04T12:51:34.910Z DEBUG 6460 --- [upt] [http-nio-8080-exec-6] o.s.web.servlet.DispatcherServlet        : POST "/validate-login", parameters={masked}
2025-03-04T12:51:34.911Z DEBUG 6460 --- [upt] [http-nio-8080-exec-6] s.w.s.m.m.a.RequestMappingHandlerMapping : Mapped to com.upt.upt.UptWebController#validateLogin(String, String, HttpSession)
2025-03-04T12:51:35.326Z DEBUG 6460 --- [upt] [http-nio-8080-exec-6] o.s.web.servlet.view.RedirectView        : View name [redirect:], model {}
2025-03-04T12:51:35.327Z DEBUG 6460 --- [upt] [http-nio-8080-exec-6] o.s.web.servlet.DispatcherServlet        : Completed 302 FOUND
2025-03-04T12:51:35.333Z DEBUG 6460 --- [upt] [http-nio-8080-exec-5] o.s.web.servlet.DispatcherServlet        : GET "/master", parameters={}
2025-03-04T12:51:35.334Z DEBUG 6460 --- [upt] [http-nio-8080-exec-5] s.w.s.m.m.a.RequestMappingHandlerMapping : Mapped to com.upt.upt.controller.MasterUnitController#listDirectorsMastersAndRooms(Model, HttpSession)
2025-03-04T12:51:35.435Z DEBUG 6460 --- [upt] [http-nio-8080-exec-5] o.s.w.s.v.ContentNegotiatingViewResolver : Selected 'text/html' given [text/html, application/xhtml+xml, image/avif, image/webp, image/apng, application/xml;q=0.9, */*;q=0.8, application/signed-exchange;v=b3;q=0.7]
2025-03-04T12:51:35.655Z DEBUG 6460 --- [upt] [http-nio-8080-exec-5] o.s.web.servlet.DispatcherServlet        : Completed 200 OK
2025-03-04T12:51:37.565Z DEBUG 6460 --- [upt] [http-nio-8080-exec-7] o.s.web.servlet.DispatcherServlet        : GET "/master/edit-director?id=1", parameters={masked}
2025-03-04T12:51:37.566Z DEBUG 6460 --- [upt] [http-nio-8080-exec-7] s.w.s.m.m.a.RequestMappingHandlerMapping : Mapped to com.upt.upt.controller.DirectorUnitController#showEditDirectorForm(Long, Model, HttpSession)
2025-03-04T12:51:37.603Z DEBUG 6460 --- [upt] [http-nio-8080-exec-7] o.s.w.s.v.ContentNegotiatingViewResolver : Selected 'text/html' given [text/html, application/xhtml+xml, image/avif, image/webp, image/apng, application/xml;q=0.9, */*;q=0.8, application/signed-exchange;v=b3;q=0.7]
2025-03-04T12:51:37.614Z DEBUG 6460 --- [upt] [http-nio-8080-exec-7] o.s.web.servlet.DispatcherServlet        : Completed 200 OK
2025-03-04T12:51:41.095Z DEBUG 6460 --- [upt] [http-nio-8080-exec-8] o.s.web.servlet.DispatcherServlet        : POST "/master/director-edit/1", parameters={masked}
2025-03-04T12:51:41.104Z DEBUG 6460 --- [upt] [http-nio-8080-exec-8] o.s.w.s.handler.SimpleUrlHandlerMapping  : Mapped to ResourceHttpRequestHandler [classpath [META-INF/resources/], classpath [resources/], classpath [static/], classpath [public/], ServletContext [/]]
2025-03-04T12:51:41.112Z DEBUG 6460 --- [upt] [http-nio-8080-exec-8] o.s.w.s.r.ResourceHttpRequestHandler     : Resource not found
2025-03-04T12:51:41.121Z DEBUG 6460 --- [upt] [http-nio-8080-exec-8] .w.s.m.s.DefaultHandlerExceptionResolver : Resolved [org.springframework.web.servlet.resource.NoResourceFoundException: No static resource master/director-edit/1.]
2025-03-04T12:51:41.122Z DEBUG 6460 --- [upt] [http-nio-8080-exec-8] o.s.web.servlet.DispatcherServlet        : Completed 404 NOT_FOUND
2025-03-04T12:51:41.132Z DEBUG 6460 --- [upt] [http-nio-8080-exec-8] o.s.web.servlet.DispatcherServlet        : "ERROR" dispatch for POST "/error", parameters={masked}
2025-03-04T12:51:41.135Z DEBUG 6460 --- [upt] [http-nio-8080-exec-8] s.w.s.m.m.a.RequestMappingHandlerMapping : Mapped to org.springframework.boot.autoconfigure.web.servlet.error.BasicErrorController#errorHtml(HttpServletRequest, HttpServletResponse)
2025-03-04T12:51:41.161Z DEBUG 6460 --- [upt] [http-nio-8080-exec-8] o.s.w.s.v.ContentNegotiatingViewResolver : Selected 'text/html' given [text/html, text/html;q=0.8]
2025-03-04T12:51:41.172Z DEBUG 6460 --- [upt] [http-nio-8080-exec-8] o.s.web.servlet.DispatcherServlet        : Exiting from "ERROR" dispatch, status 404
2025-03-04T12:51:44.456Z DEBUG 6460 --- [upt] [http-nio-8080-exec-9] o.s.web.servlet.DispatcherServlet        : POST "/master/director-edit/1", parameters={masked}
2025-03-04T12:51:44.459Z DEBUG 6460 --- [upt] [http-nio-8080-exec-9] o.s.w.s.handler.SimpleUrlHandlerMapping  : Mapped to ResourceHttpRequestHandler [classpath [META-INF/resources/], classpath [resources/], classpath [static/], classpath [public/], ServletContext [/]]
2025-03-04T12:51:44.463Z DEBUG 6460 --- [upt] [http-nio-8080-exec-9] o.s.w.s.r.ResourceHttpRequestHandler     : Resource not found
2025-03-04T12:51:44.465Z DEBUG 6460 --- [upt] [http-nio-8080-exec-9] .w.s.m.s.DefaultHandlerExceptionResolver : Resolved [org.springframework.web.servlet.resource.NoResourceFoundException: No static resource master/director-edit/1.]
2025-03-04T12:51:44.467Z DEBUG 6460 --- [upt] [http-nio-8080-exec-9] o.s.web.servlet.DispatcherServlet        : Completed 404 NOT_FOUND
2025-03-04T12:51:44.469Z DEBUG 6460 --- [upt] [http-nio-8080-exec-9] o.s.web.servlet.DispatcherServlet        : "ERROR" dispatch for POST "/error", parameters={masked}
2025-03-04T12:51:44.472Z DEBUG 6460 --- [upt] [http-nio-8080-exec-9] s.w.s.m.m.a.RequestMappingHandlerMapping : Mapped to org.springframework.boot.autoconfigure.web.servlet.error.BasicErrorController#errorHtml(HttpServletRequest, HttpServletResponse)
2025-03-04T12:51:44.478Z DEBUG 6460 --- [upt] [http-nio-8080-exec-9] o.s.w.s.v.ContentNegotiatingViewResolver : Selected 'text/html' given [text/html, text/html;q=0.8]
2025-03-04T12:51:44.480Z DEBUG 6460 --- [upt] [http-nio-8080-exec-9] o.s.web.servlet.DispatcherServlet        : Exiting from "ERROR" dispatch, status 404
2025-03-04T12:51:47.102Z DEBUG 6460 --- [upt] [http-nio-8080-exec-1] o.s.web.servlet.DispatcherServlet        : GET "/master", parameters={}
2025-03-04T12:51:47.104Z DEBUG 6460 --- [upt] [http-nio-8080-exec-1] s.w.s.m.m.a.RequestMappingHandlerMapping : Mapped to com.upt.upt.controller.MasterUnitController#listDirectorsMastersAndRooms(Model, HttpSession)
2025-03-04T12:51:47.147Z DEBUG 6460 --- [upt] [http-nio-8080-exec-1] o.s.w.s.v.ContentNegotiatingViewResolver : Selected 'text/html' given [text/html, application/xhtml+xml, image/avif, image/webp, image/apng, application/xml;q=0.9, */*;q=0.8, application/signed-exchange;v=b3;q=0.7]
2025-03-04T12:51:47.262Z DEBUG 6460 --- [upt] [http-nio-8080-exec-1] o.s.web.servlet.DispatcherServlet        : Completed 200 OK
2025-03-04T12:51:48.666Z DEBUG 6460 --- [upt] [http-nio-8080-exec-2] o.s.web.servlet.DispatcherServlet        : GET "/master/edit-director?id=1", parameters={masked}
2025-03-04T12:51:48.667Z DEBUG 6460 --- [upt] [http-nio-8080-exec-2] s.w.s.m.m.a.RequestMappingHandlerMapping : Mapped to com.upt.upt.controller.DirectorUnitController#showEditDirectorForm(Long, Model, HttpSession)
2025-03-04T12:51:48.692Z DEBUG 6460 --- [upt] [http-nio-8080-exec-2] o.s.w.s.v.ContentNegotiatingViewResolver : Selected 'text/html' given [text/html, application/xhtml+xml, image/avif, image/webp, image/apng, application/xml;q=0.9, */*;q=0.8, application/signed-exchange;v=b3;q=0.7]
2025-03-04T12:51:48.697Z DEBUG 6460 --- [upt] [http-nio-8080-exec-2] o.s.web.servlet.DispatcherServlet        : Completed 200 OK
2025-03-04T12:51:53.379Z DEBUG 6460 --- [upt] [http-nio-8080-exec-3] o.s.web.servlet.DispatcherServlet        : POST "/master/director-edit/1", parameters={masked}
2025-03-04T12:51:53.383Z DEBUG 6460 --- [upt] [http-nio-8080-exec-3] o.s.w.s.handler.SimpleUrlHandlerMapping  : Mapped to ResourceHttpRequestHandler [classpath [META-INF/resources/], classpath [resources/], classpath [static/], classpath [public/], ServletContext [/]]
2025-03-04T12:51:53.390Z DEBUG 6460 --- [upt] [http-nio-8080-exec-3] o.s.w.s.r.ResourceHttpRequestHandler     : Resource not found
2025-03-04T12:51:53.392Z DEBUG 6460 --- [upt] [http-nio-8080-exec-3] .w.s.m.s.DefaultHandlerExceptionResolver : Resolved [org.springframework.web.servlet.resource.NoResourceFoundException: No static resource master/director-edit/1.]
2025-03-04T12:51:53.394Z DEBUG 6460 --- [upt] [http-nio-8080-exec-3] o.s.web.servlet.DispatcherServlet        : Completed 404 NOT_FOUND
2025-03-04T12:51:53.395Z DEBUG 6460 --- [upt] [http-nio-8080-exec-3] o.s.web.servlet.DispatcherServlet        : "ERROR" dispatch for POST "/error", parameters={masked}
2025-03-04T12:51:53.398Z DEBUG 6460 --- [upt] [http-nio-8080-exec-3] s.w.s.m.m.a.RequestMappingHandlerMapping : Mapped to org.springframework.boot.autoconfigure.web.servlet.error.BasicErrorController#errorHtml(HttpServletRequest, HttpServletResponse)
2025-03-04T12:51:53.404Z DEBUG 6460 --- [upt] [http-nio-8080-exec-3] o.s.w.s.v.ContentNegotiatingViewResolver : Selected 'text/html' given [text/html, text/html;q=0.8]
2025-03-04T12:51:53.405Z DEBUG 6460 --- [upt] [http-nio-8080-exec-3] o.s.web.servlet.DispatcherServlet        : Exiting from "ERROR" dispatch, status 404
2025-03-04T12:51:55.828Z DEBUG 6460 --- [upt] [http-nio-8080-exec-6] o.s.web.servlet.DispatcherServlet        : POST "/master/director-edit/1", parameters={masked}
2025-03-04T12:51:55.830Z DEBUG 6460 --- [upt] [http-nio-8080-exec-6] o.s.w.s.handler.SimpleUrlHandlerMapping  : Mapped to ResourceHttpRequestHandler [classpath [META-INF/resources/], classpath [resources/], classpath [static/], classpath [public/], ServletContext [/]]
2025-03-04T12:51:55.834Z DEBUG 6460 --- [upt] [http-nio-8080-exec-6] o.s.w.s.r.ResourceHttpRequestHandler     : Resource not found
2025-03-04T12:51:55.836Z DEBUG 6460 --- [upt] [http-nio-8080-exec-6] .w.s.m.s.DefaultHandlerExceptionResolver : Resolved [org.springframework.web.servlet.resource.NoResourceFoundException: No static resource master/director-edit/1.]
2025-03-04T12:51:55.837Z DEBUG 6460 --- [upt] [http-nio-8080-exec-6] o.s.web.servlet.DispatcherServlet        : Completed 404 NOT_FOUND
2025-03-04T12:51:55.839Z DEBUG 6460 --- [upt] [http-nio-8080-exec-6] o.s.web.servlet.DispatcherServlet        : "ERROR" dispatch for POST "/error", parameters={masked}
2025-03-04T12:51:55.840Z DEBUG 6460 --- [upt] [http-nio-8080-exec-6] s.w.s.m.m.a.RequestMappingHandlerMapping : Mapped to org.springframework.boot.autoconfigure.web.servlet.error.BasicErrorController#errorHtml(HttpServletRequest, HttpServletResponse)
2025-03-04T12:51:55.845Z DEBUG 6460 --- [upt] [http-nio-8080-exec-6] o.s.w.s.v.ContentNegotiatingViewResolver : Selected 'text/html' given [text/html, text/html;q=0.8]
2025-03-04T12:51:55.845Z DEBUG 6460 --- [upt] [http-nio-8080-exec-6] o.s.web.servlet.DispatcherServlet        : Exiting from "ERROR" dispatch, status 404
2025-03-04T12:51:57.848Z DEBUG 6460 --- [upt] [http-nio-8080-exec-4] o.s.web.servlet.DispatcherServlet        : POST "/master/director-edit/1", parameters={masked}
2025-03-04T12:51:57.851Z DEBUG 6460 --- [upt] [http-nio-8080-exec-4] o.s.w.s.handler.SimpleUrlHandlerMapping  : Mapped to ResourceHttpRequestHandler [classpath [META-INF/resources/], classpath [resources/], classpath [static/], classpath [public/], ServletContext [/]]
2025-03-04T12:51:57.856Z DEBUG 6460 --- [upt] [http-nio-8080-exec-4] o.s.w.s.r.ResourceHttpRequestHandler     : Resource not found
2025-03-04T12:51:57.857Z DEBUG 6460 --- [upt] [http-nio-8080-exec-4] .w.s.m.s.DefaultHandlerExceptionResolver : Resolved [org.springframework.web.servlet.resource.NoResourceFoundException: No static resource master/director-edit/1.]
2025-03-04T12:51:57.859Z DEBUG 6460 --- [upt] [http-nio-8080-exec-4] o.s.web.servlet.DispatcherServlet        : Completed 404 NOT_FOUND
2025-03-04T12:51:57.861Z DEBUG 6460 --- [upt] [http-nio-8080-exec-4] o.s.web.servlet.DispatcherServlet        : "ERROR" dispatch for POST "/error", parameters={masked}
2025-03-04T12:51:57.862Z DEBUG 6460 --- [upt] [http-nio-8080-exec-4] s.w.s.m.m.a.RequestMappingHandlerMapping : Mapped to org.springframework.boot.autoconfigure.web.servlet.error.BasicErrorController#errorHtml(HttpServletRequest, HttpServletResponse)
2025-03-04T12:51:57.869Z DEBUG 6460 --- [upt] [http-nio-8080-exec-4] o.s.w.s.v.ContentNegotiatingViewResolver : Selected 'text/html' given [text/html, text/html;q=0.8]
2025-03-04T12:51:57.870Z DEBUG 6460 --- [upt] [http-nio-8080-exec-4] o.s.web.servlet.DispatcherServlet        : Exiting from "ERROR" dispatch, status 404
2025-03-04T12:52:00.030Z DEBUG 6460 --- [upt] [http-nio-8080-exec-7] o.s.web.servlet.DispatcherServlet        : POST "/master/director-edit/1", parameters={masked}
2025-03-04T12:52:00.032Z DEBUG 6460 --- [upt] [http-nio-8080-exec-7] o.s.w.s.handler.SimpleUrlHandlerMapping  : Mapped to ResourceHttpRequestHandler [classpath [META-INF/resources/], classpath [resources/], classpath [static/], classpath [public/], ServletContext [/]]
2025-03-04T12:52:00.037Z DEBUG 6460 --- [upt] [http-nio-8080-exec-7] o.s.w.s.r.ResourceHttpRequestHandler     : Resource not found
2025-03-04T12:52:00.038Z DEBUG 6460 --- [upt] [http-nio-8080-exec-7] .w.s.m.s.DefaultHandlerExceptionResolver : Resolved [org.springframework.web.servlet.resource.NoResourceFoundException: No static resource master/director-edit/1.]
2025-03-04T12:52:00.039Z DEBUG 6460 --- [upt] [http-nio-8080-exec-7] o.s.web.servlet.DispatcherServlet        : Completed 404 NOT_FOUND
2025-03-04T12:52:00.040Z DEBUG 6460 --- [upt] [http-nio-8080-exec-7] o.s.web.servlet.DispatcherServlet        : "ERROR" dispatch for POST "/error", parameters={masked}
2025-03-04T12:52:00.042Z DEBUG 6460 --- [upt] [http-nio-8080-exec-7] s.w.s.m.m.a.RequestMappingHandlerMapping : Mapped to org.springframework.boot.autoconfigure.web.servlet.error.BasicErrorController#errorHtml(HttpServletRequest, HttpServletResponse)
2025-03-04T12:52:00.046Z DEBUG 6460 --- [upt] [http-nio-8080-exec-7] o.s.w.s.v.ContentNegotiatingViewResolver : Selected 'text/html' given [text/html, text/html;q=0.8]
2025-03-04T12:52:00.047Z DEBUG 6460 --- [upt] [http-nio-8080-exec-7] o.s.web.servlet.DispatcherServlet        : Exiting from "ERROR" dispatch, status 404
2025-03-04T12:53:21.855Z  INFO 13288 --- [upt] [main] com.upt.upt.UptWebApplication            : Starting UptWebApplication using Java 17.0.12 with PID 13288 (C:\Users\Sistrade\Documentos\Faculdade\3º Ano GAB\1º sem\QualidadeSoftware\GRUPO 5_ProjetoFinal_QS\UptQSProject\build\classes\java\main started by Sistrade in C:\Users\Sistrade\Documentos\Faculdade\3º Ano GAB\1º sem\QualidadeSoftware\GRUPO 5_ProjetoFinal_QS\UptQSProject)
2025-03-04T12:53:21.863Z DEBUG 13288 --- [upt] [main] com.upt.upt.UptWebApplication            : Running with Spring Boot v3.3.5, Spring v6.1.14
2025-03-04T12:53:21.866Z  INFO 13288 --- [upt] [main] com.upt.upt.UptWebApplication            : No active profile set, falling back to 1 default profile: "default"
2025-03-04T12:53:24.381Z  INFO 13288 --- [upt] [main] .s.d.r.c.RepositoryConfigurationDelegate : Bootstrapping Spring Data JPA repositories in DEFAULT mode.
2025-03-04T12:53:24.672Z  INFO 13288 --- [upt] [main] .s.d.r.c.RepositoryConfigurationDelegate : Finished Spring Data repository scanning in 244 ms. Found 9 JPA repository interfaces.
2025-03-04T12:53:26.940Z  INFO 13288 --- [upt] [main] o.s.b.w.embedded.tomcat.TomcatWebServer  : Tomcat initialized with port 8080 (http)
2025-03-04T12:53:26.970Z  INFO 13288 --- [upt] [main] o.apache.catalina.core.StandardService   : Starting service [Tomcat]
2025-03-04T12:53:26.971Z  INFO 13288 --- [upt] [main] o.apache.catalina.core.StandardEngine    : Starting Servlet engine: [Apache Tomcat/10.1.31]
2025-03-04T12:53:27.177Z  INFO 13288 --- [upt] [main] o.a.c.c.C.[Tomcat].[localhost].[/]       : Initializing Spring embedded WebApplicationContext
2025-03-04T12:53:27.179Z  INFO 13288 --- [upt] [main] w.s.c.ServletWebServerApplicationContext : Root WebApplicationContext: initialization completed in 5153 ms
2025-03-04T12:53:27.583Z  INFO 13288 --- [upt] [main] o.hibernate.jpa.internal.util.LogHelper  : HHH000204: Processing PersistenceUnitInfo [name: default]
2025-03-04T12:53:27.842Z  INFO 13288 --- [upt] [main] org.hibernate.Version                    : HHH000412: Hibernate ORM core version 6.5.3.Final
2025-03-04T12:53:27.987Z  INFO 13288 --- [upt] [main] o.h.c.internal.RegionFactoryInitiator    : HHH000026: Second-level cache disabled
2025-03-04T12:53:29.092Z  INFO 13288 --- [upt] [main] o.s.o.j.p.SpringPersistenceUnitInfo      : No LoadTimeWeaver setup: ignoring JPA class transformer
2025-03-04T12:53:29.219Z  INFO 13288 --- [upt] [main] com.zaxxer.hikari.HikariDataSource       : HikariPool-1 - Starting...
2025-03-04T12:53:29.949Z  INFO 13288 --- [upt] [main] com.zaxxer.hikari.pool.HikariPool        : HikariPool-1 - Added connection com.mysql.cj.jdbc.ConnectionImpl@11574592
2025-03-04T12:53:29.953Z  INFO 13288 --- [upt] [main] com.zaxxer.hikari.HikariDataSource       : HikariPool-1 - Start completed.
2025-03-04T12:53:30.082Z  WARN 13288 --- [upt] [main] org.hibernate.orm.deprecation            : HHH90000025: MySQL8Dialect does not need to be specified explicitly using 'hibernate.dialect' (remove the property setting and it will be selected by default)
2025-03-04T12:53:30.089Z  WARN 13288 --- [upt] [main] org.hibernate.orm.deprecation            : HHH90000026: MySQL8Dialect has been deprecated; use org.hibernate.dialect.MySQLDialect instead
2025-03-04T12:53:32.876Z  INFO 13288 --- [upt] [main] o.h.e.t.j.p.i.JtaPlatformInitiator       : HHH000489: No JTA platform available (set 'hibernate.transaction.jta.platform' to enable JTA platform integration)
2025-03-04T12:53:33.132Z  INFO 13288 --- [upt] [main] j.LocalContainerEntityManagerFactoryBean : Initialized JPA EntityManagerFactory for persistence unit 'default'
2025-03-04T12:53:34.623Z  WARN 13288 --- [upt] [main] JpaBaseConfiguration$JpaWebConfiguration : spring.jpa.open-in-view is enabled by default. Therefore, database queries may be performed during view rendering. Explicitly configure spring.jpa.open-in-view to disable this warning
2025-03-04T12:53:35.185Z DEBUG 13288 --- [upt] [main] s.w.s.m.m.a.RequestMappingHandlerMapping : 70 mappings in 'requestMappingHandlerMapping'
2025-03-04T12:53:35.450Z DEBUG 13288 --- [upt] [main] o.s.w.s.handler.SimpleUrlHandlerMapping  : Patterns [/webjars/**, /**] in 'resourceHandlerMapping'
2025-03-04T12:53:35.543Z DEBUG 13288 --- [upt] [main] s.w.s.m.m.a.RequestMappingHandlerAdapter : ControllerAdvice beans: 0 @ModelAttribute, 0 @InitBinder, 1 RequestBodyAdvice, 1 ResponseBodyAdvice
2025-03-04T12:53:35.718Z DEBUG 13288 --- [upt] [main] .m.m.a.ExceptionHandlerExceptionResolver : ControllerAdvice beans: 0 @ExceptionHandler, 1 ResponseBodyAdvice
2025-03-04T12:53:36.201Z  INFO 13288 --- [upt] [main] o.s.b.w.embedded.tomcat.TomcatWebServer  : Tomcat started on port 8080 (http) with context path '/'
2025-03-04T12:53:36.235Z  INFO 13288 --- [upt] [main] com.upt.upt.UptWebApplication            : Started UptWebApplication in 15.494 seconds (process running for 16.299)
2025-03-04T12:53:40.079Z  INFO 13288 --- [upt] [http-nio-8080-exec-1] o.a.c.c.C.[Tomcat].[localhost].[/]       : Initializing Spring DispatcherServlet 'dispatcherServlet'
2025-03-04T12:53:40.080Z  INFO 13288 --- [upt] [http-nio-8080-exec-1] o.s.web.servlet.DispatcherServlet        : Initializing Servlet 'dispatcherServlet'
2025-03-04T12:53:40.082Z DEBUG 13288 --- [upt] [http-nio-8080-exec-1] o.s.web.servlet.DispatcherServlet        : Detected StandardServletMultipartResolver
2025-03-04T12:53:40.082Z DEBUG 13288 --- [upt] [http-nio-8080-exec-1] o.s.web.servlet.DispatcherServlet        : Detected AcceptHeaderLocaleResolver
2025-03-04T12:53:40.083Z DEBUG 13288 --- [upt] [http-nio-8080-exec-1] o.s.web.servlet.DispatcherServlet        : Detected FixedThemeResolver
2025-03-04T12:53:40.085Z DEBUG 13288 --- [upt] [http-nio-8080-exec-1] o.s.web.servlet.DispatcherServlet        : Detected org.springframework.web.servlet.view.DefaultRequestToViewNameTranslator@77da2881
2025-03-04T12:53:40.087Z DEBUG 13288 --- [upt] [http-nio-8080-exec-1] o.s.web.servlet.DispatcherServlet        : Detected org.springframework.web.servlet.support.SessionFlashMapManager@18419ab7
2025-03-04T12:53:40.088Z DEBUG 13288 --- [upt] [http-nio-8080-exec-1] o.s.web.servlet.DispatcherServlet        : enableLoggingRequestDetails='false': request parameters and headers will be masked to prevent unsafe logging of potentially sensitive data
2025-03-04T12:53:40.089Z  INFO 13288 --- [upt] [http-nio-8080-exec-1] o.s.web.servlet.DispatcherServlet        : Completed initialization in 8 ms
2025-03-04T12:53:40.119Z DEBUG 13288 --- [upt] [http-nio-8080-exec-1] o.s.web.servlet.DispatcherServlet        : GET "/master/edit-director?id=1", parameters={masked}
2025-03-04T12:53:40.153Z DEBUG 13288 --- [upt] [http-nio-8080-exec-1] s.w.s.m.m.a.RequestMappingHandlerMapping : Mapped to com.upt.upt.controller.DirectorUnitController#showEditDirectorForm(Long, Model, HttpSession)
2025-03-04T12:53:40.303Z DEBUG 13288 --- [upt] [http-nio-8080-exec-1] o.s.web.servlet.view.RedirectView        : View name [redirect:], model {}
2025-03-04T12:53:40.306Z DEBUG 13288 --- [upt] [http-nio-8080-exec-1] o.s.web.servlet.DispatcherServlet        : Completed 302 FOUND
2025-03-04T12:53:40.318Z DEBUG 13288 --- [upt] [http-nio-8080-exec-2] o.s.web.servlet.DispatcherServlet        : GET "/login?error=Unauthorized%20access", parameters={masked}
2025-03-04T12:53:40.319Z DEBUG 13288 --- [upt] [http-nio-8080-exec-2] s.w.s.m.m.a.RequestMappingHandlerMapping : Mapped to com.upt.upt.UptWebController#login(String, Model)
2025-03-04T12:53:40.362Z DEBUG 13288 --- [upt] [http-nio-8080-exec-2] o.s.w.s.v.ContentNegotiatingViewResolver : Selected 'text/html' given [text/html, application/xhtml+xml, image/avif, image/webp, image/apng, application/xml;q=0.9, */*;q=0.8, application/signed-exchange;v=b3;q=0.7]
2025-03-04T12:53:41.049Z DEBUG 13288 --- [upt] [http-nio-8080-exec-2] o.s.web.servlet.DispatcherServlet        : Completed 200 OK
2025-03-04T12:53:52.723Z DEBUG 13288 --- [upt] [http-nio-8080-exec-4] o.s.web.servlet.DispatcherServlet        : POST "/validate-login", parameters={masked}
2025-03-04T12:53:52.724Z DEBUG 13288 --- [upt] [http-nio-8080-exec-4] s.w.s.m.m.a.RequestMappingHandlerMapping : Mapped to com.upt.upt.UptWebController#validateLogin(String, String, HttpSession)
2025-03-04T12:53:53.152Z DEBUG 13288 --- [upt] [http-nio-8080-exec-4] o.s.web.servlet.view.RedirectView        : View name [redirect:], model {}
2025-03-04T12:53:53.153Z DEBUG 13288 --- [upt] [http-nio-8080-exec-4] o.s.web.servlet.DispatcherServlet        : Completed 302 FOUND
2025-03-04T12:53:53.159Z DEBUG 13288 --- [upt] [http-nio-8080-exec-5] o.s.web.servlet.DispatcherServlet        : GET "/master", parameters={}
2025-03-04T12:53:53.162Z DEBUG 13288 --- [upt] [http-nio-8080-exec-5] s.w.s.m.m.a.RequestMappingHandlerMapping : Mapped to com.upt.upt.controller.MasterUnitController#listDirectorsMastersAndRooms(Model, HttpSession)
2025-03-04T12:53:53.270Z DEBUG 13288 --- [upt] [http-nio-8080-exec-5] o.s.w.s.v.ContentNegotiatingViewResolver : Selected 'text/html' given [text/html, application/xhtml+xml, image/avif, image/webp, image/apng, application/xml;q=0.9, */*;q=0.8, application/signed-exchange;v=b3;q=0.7]
2025-03-04T12:53:53.435Z DEBUG 13288 --- [upt] [http-nio-8080-exec-5] o.s.web.servlet.DispatcherServlet        : Completed 200 OK
2025-03-04T12:53:55.555Z DEBUG 13288 --- [upt] [http-nio-8080-exec-6] o.s.web.servlet.DispatcherServlet        : GET "/master/edit-director?id=1", parameters={masked}
2025-03-04T12:53:55.557Z DEBUG 13288 --- [upt] [http-nio-8080-exec-6] s.w.s.m.m.a.RequestMappingHandlerMapping : Mapped to com.upt.upt.controller.DirectorUnitController#showEditDirectorForm(Long, Model, HttpSession)
2025-03-04T12:53:55.597Z DEBUG 13288 --- [upt] [http-nio-8080-exec-6] o.s.w.s.v.ContentNegotiatingViewResolver : Selected 'text/html' given [text/html, application/xhtml+xml, image/avif, image/webp, image/apng, application/xml;q=0.9, */*;q=0.8, application/signed-exchange;v=b3;q=0.7]
2025-03-04T12:53:55.607Z DEBUG 13288 --- [upt] [http-nio-8080-exec-6] o.s.web.servlet.DispatcherServlet        : Completed 200 OK
2025-03-04T12:53:58.160Z DEBUG 13288 --- [upt] [http-nio-8080-exec-8] o.s.web.servlet.DispatcherServlet        : POST "/master/edit-director/1", parameters={masked}
2025-03-04T12:53:58.162Z DEBUG 13288 --- [upt] [http-nio-8080-exec-8] s.w.s.m.m.a.RequestMappingHandlerMapping : Mapped to com.upt.upt.controller.DirectorUnitController#updateDirector(Long, Map, HttpSession)
2025-03-04T12:53:58.324Z DEBUG 13288 --- [upt] [http-nio-8080-exec-8] o.s.web.servlet.view.RedirectView        : View name [redirect:], model {}
2025-03-04T12:53:58.326Z DEBUG 13288 --- [upt] [http-nio-8080-exec-8] o.s.web.servlet.DispatcherServlet        : Completed 302 FOUND
2025-03-04T12:53:58.331Z DEBUG 13288 --- [upt] [http-nio-8080-exec-9] o.s.web.servlet.DispatcherServlet        : GET "/master", parameters={}
2025-03-04T12:53:58.332Z DEBUG 13288 --- [upt] [http-nio-8080-exec-9] s.w.s.m.m.a.RequestMappingHandlerMapping : Mapped to com.upt.upt.controller.MasterUnitController#listDirectorsMastersAndRooms(Model, HttpSession)
2025-03-04T12:53:58.379Z DEBUG 13288 --- [upt] [http-nio-8080-exec-9] o.s.w.s.v.ContentNegotiatingViewResolver : Selected 'text/html' given [text/html, application/xhtml+xml, image/avif, image/webp, image/apng, application/xml;q=0.9, */*;q=0.8, application/signed-exchange;v=b3;q=0.7]
2025-03-04T12:53:58.460Z DEBUG 13288 --- [upt] [http-nio-8080-exec-9] o.s.web.servlet.DispatcherServlet        : Completed 200 OK
2025-03-04T12:54:05.840Z DEBUG 13288 --- [upt] [http-nio-8080-exec-10] o.s.web.servlet.DispatcherServlet        : GET "/master/edit-director?id=1", parameters={masked}
2025-03-04T12:54:05.841Z DEBUG 13288 --- [upt] [http-nio-8080-exec-10] s.w.s.m.m.a.RequestMappingHandlerMapping : Mapped to com.upt.upt.controller.DirectorUnitController#showEditDirectorForm(Long, Model, HttpSession)
2025-03-04T12:54:05.857Z DEBUG 13288 --- [upt] [http-nio-8080-exec-10] o.s.w.s.v.ContentNegotiatingViewResolver : Selected 'text/html' given [text/html, application/xhtml+xml, image/avif, image/webp, image/apng, application/xml;q=0.9, */*;q=0.8, application/signed-exchange;v=b3;q=0.7]
2025-03-04T12:54:05.861Z DEBUG 13288 --- [upt] [http-nio-8080-exec-10] o.s.web.servlet.DispatcherServlet        : Completed 200 OK
2025-03-04T12:54:09.203Z DEBUG 13288 --- [upt] [http-nio-8080-exec-2] o.s.web.servlet.DispatcherServlet        : POST "/master/edit-director/1", parameters={masked}
2025-03-04T12:54:09.206Z DEBUG 13288 --- [upt] [http-nio-8080-exec-2] s.w.s.m.m.a.RequestMappingHandlerMapping : Mapped to com.upt.upt.controller.DirectorUnitController#updateDirector(Long, Map, HttpSession)
2025-03-04T12:54:09.229Z DEBUG 13288 --- [upt] [http-nio-8080-exec-2] o.s.web.servlet.view.RedirectView        : View name [redirect:], model {}
2025-03-04T12:54:09.231Z DEBUG 13288 --- [upt] [http-nio-8080-exec-2] o.s.web.servlet.DispatcherServlet        : Completed 302 FOUND
2025-03-04T12:54:09.237Z DEBUG 13288 --- [upt] [http-nio-8080-exec-3] o.s.web.servlet.DispatcherServlet        : GET "/master", parameters={}
2025-03-04T12:54:09.238Z DEBUG 13288 --- [upt] [http-nio-8080-exec-3] s.w.s.m.m.a.RequestMappingHandlerMapping : Mapped to com.upt.upt.controller.MasterUnitController#listDirectorsMastersAndRooms(Model, HttpSession)
2025-03-04T12:54:09.276Z DEBUG 13288 --- [upt] [http-nio-8080-exec-3] o.s.w.s.v.ContentNegotiatingViewResolver : Selected 'text/html' given [text/html, application/xhtml+xml, image/avif, image/webp, image/apng, application/xml;q=0.9, */*;q=0.8, application/signed-exchange;v=b3;q=0.7]
2025-03-04T12:54:09.340Z DEBUG 13288 --- [upt] [http-nio-8080-exec-3] o.s.web.servlet.DispatcherServlet        : Completed 200 OK
2025-03-04T12:54:11.107Z DEBUG 13288 --- [upt] [http-nio-8080-exec-4] o.s.web.servlet.DispatcherServlet        : GET "/master/edit-director?id=1", parameters={masked}
2025-03-04T12:54:11.109Z DEBUG 13288 --- [upt] [http-nio-8080-exec-4] s.w.s.m.m.a.RequestMappingHandlerMapping : Mapped to com.upt.upt.controller.DirectorUnitController#showEditDirectorForm(Long, Model, HttpSession)
2025-03-04T12:54:11.120Z DEBUG 13288 --- [upt] [http-nio-8080-exec-4] o.s.w.s.v.ContentNegotiatingViewResolver : Selected 'text/html' given [text/html, application/xhtml+xml, image/avif, image/webp, image/apng, application/xml;q=0.9, */*;q=0.8, application/signed-exchange;v=b3;q=0.7]
2025-03-04T12:54:11.124Z DEBUG 13288 --- [upt] [http-nio-8080-exec-4] o.s.web.servlet.DispatcherServlet        : Completed 200 OK
2025-03-04T12:54:14.323Z DEBUG 13288 --- [upt] [http-nio-8080-exec-5] o.s.web.servlet.DispatcherServlet        : POST "/master/edit-director/1", parameters={masked}
2025-03-04T12:54:14.325Z DEBUG 13288 --- [upt] [http-nio-8080-exec-5] s.w.s.m.m.a.RequestMappingHandlerMapping : Mapped to com.upt.upt.controller.DirectorUnitController#updateDirector(Long, Map, HttpSession)
2025-03-04T12:54:14.391Z DEBUG 13288 --- [upt] [http-nio-8080-exec-5] o.s.web.servlet.view.RedirectView        : View name [redirect:], model {}
2025-03-04T12:54:14.392Z DEBUG 13288 --- [upt] [http-nio-8080-exec-5] o.s.web.servlet.DispatcherServlet        : Completed 302 FOUND
2025-03-04T12:54:14.403Z DEBUG 13288 --- [upt] [http-nio-8080-exec-6] o.s.web.servlet.DispatcherServlet        : GET "/master", parameters={}
2025-03-04T12:54:14.405Z DEBUG 13288 --- [upt] [http-nio-8080-exec-6] s.w.s.m.m.a.RequestMappingHandlerMapping : Mapped to com.upt.upt.controller.MasterUnitController#listDirectorsMastersAndRooms(Model, HttpSession)
2025-03-04T12:54:14.459Z DEBUG 13288 --- [upt] [http-nio-8080-exec-6] o.s.w.s.v.ContentNegotiatingViewResolver : Selected 'text/html' given [text/html, application/xhtml+xml, image/avif, image/webp, image/apng, application/xml;q=0.9, */*;q=0.8, application/signed-exchange;v=b3;q=0.7]
2025-03-04T12:54:14.558Z DEBUG 13288 --- [upt] [http-nio-8080-exec-6] o.s.web.servlet.DispatcherServlet        : Completed 200 OK
2025-03-04T12:54:16.309Z DEBUG 13288 --- [upt] [http-nio-8080-exec-7] o.s.web.servlet.DispatcherServlet        : GET "/master/edit-director?id=1", parameters={masked}
2025-03-04T12:54:16.312Z DEBUG 13288 --- [upt] [http-nio-8080-exec-7] s.w.s.m.m.a.RequestMappingHandlerMapping : Mapped to com.upt.upt.controller.DirectorUnitController#showEditDirectorForm(Long, Model, HttpSession)
2025-03-04T12:54:16.331Z DEBUG 13288 --- [upt] [http-nio-8080-exec-7] o.s.w.s.v.ContentNegotiatingViewResolver : Selected 'text/html' given [text/html, application/xhtml+xml, image/avif, image/webp, image/apng, application/xml;q=0.9, */*;q=0.8, application/signed-exchange;v=b3;q=0.7]
2025-03-04T12:54:16.335Z DEBUG 13288 --- [upt] [http-nio-8080-exec-7] o.s.web.servlet.DispatcherServlet        : Completed 200 OK
2025-03-04T12:54:19.409Z DEBUG 13288 --- [upt] [http-nio-8080-exec-9] o.s.web.servlet.DispatcherServlet        : POST "/master/edit-director/1", parameters={masked}
2025-03-04T12:54:19.411Z DEBUG 13288 --- [upt] [http-nio-8080-exec-9] s.w.s.m.m.a.RequestMappingHandlerMapping : Mapped to com.upt.upt.controller.DirectorUnitController#updateDirector(Long, Map, HttpSession)
2025-03-04T12:54:19.443Z DEBUG 13288 --- [upt] [http-nio-8080-exec-9] o.s.web.servlet.view.RedirectView        : View name [redirect:], model {}
2025-03-04T12:54:19.445Z DEBUG 13288 --- [upt] [http-nio-8080-exec-9] o.s.web.servlet.DispatcherServlet        : Completed 302 FOUND
2025-03-04T12:54:19.451Z DEBUG 13288 --- [upt] [http-nio-8080-exec-10] o.s.web.servlet.DispatcherServlet        : GET "/master", parameters={}
2025-03-04T12:54:19.451Z DEBUG 13288 --- [upt] [http-nio-8080-exec-10] s.w.s.m.m.a.RequestMappingHandlerMapping : Mapped to com.upt.upt.controller.MasterUnitController#listDirectorsMastersAndRooms(Model, HttpSession)
2025-03-04T12:54:19.485Z DEBUG 13288 --- [upt] [http-nio-8080-exec-10] o.s.w.s.v.ContentNegotiatingViewResolver : Selected 'text/html' given [text/html, application/xhtml+xml, image/avif, image/webp, image/apng, application/xml;q=0.9, */*;q=0.8, application/signed-exchange;v=b3;q=0.7]
2025-03-04T12:54:19.518Z DEBUG 13288 --- [upt] [http-nio-8080-exec-10] o.s.web.servlet.DispatcherServlet        : Completed 200 OK
